Name,Comp,RAh,RAm,RAs,DE-,DEd,DEm,DEs,Type,MaxSep,RAdeg,DEdeg,rpos,Author,Date,BibCode,Author2,Date2,BibCode2,RApdeg,DEpdeg,RAcdeg,DEcdeg,zsource,zdef,r_zsource,zmilli,f_zmilli,r_zmilli,zqsocdr3,f_zqsocdr3,zSHSRC,f_zSHSRC,r_zSHSRC,inFPR,GLens,CompId,nObsComp,RACodeg,e_RACodeg,DECodeg,e_DECodeg,GmagComp,e_GmagComp,f_GLens,f_CompId,inDR3,GaiaDR3,RAGdeg,e_RAGdeg,DEGdeg,e_DEGdeg,plx,e_plx,Rplx,PM,pmRA,e_pmRA,pmDE,e_pmDE,Gmag,e_Gmag,BPmag,e_BPmag,RPmag,e_RPmag,E(BP/RP),BP-RP,Gmagc,e_Gmagc,inAllWISE,AllWISE,W1mag,W2mag,W3mag,W4mag,e_W1mag,e_W2mag,e_W3mag,e_W4mag
J0011-0845,B,00,11,20.2453,-,08,45,50.673,Double,1.891000,2.83435536150,-8.76407585630,Gaia_DR3,Lemon,2018,2018MNRAS.479.5060L,,---,,2.83421500000,-8.76419220000,2.83448385600,-8.76430582485,1.7000,---,2018MNRAS.479.5060L / https://doi.org/10.5281/zenodo.12728524,---,,,---,--,---,,,1,DR3Gaia001120.307-084552.33,1,25,0.04946880547,53.65134,-0.15296202061,52.40909,20.3888,0.17651,0,0,1,2429242023835943040,2.83435559906,0.6640,-8.76407570490,0.6581,1.1607,0.8177,1.4194,1.183,0.356,1.064,1.128,0.811,20.433130,0.010305,20.418327,0.172678,19.301289,0.112225,1.929,1.117039,20.435863,0.010329,0,,---,---,---,---,---,---,---,---
J0011-0845,G,00,11,20.2763,-,08,45,51.913,Double,1.891000,2.83448465000,-8.76442030000,Publication,Lemon,2018,2018MNRAS.479.5060L,,---,,2.83435000000,-8.76407000000,2.83448385600,-8.76430582485,---,0.5489,2018MNRAS.479.5060L / https://doi.org/10.5281/zenodo.12728524,1.700,jG,LEMON,---,--,0.54892000,,VizieR_J/A+A/683/A112/lqac6,0,,,---,---,---,---,---,---,---,,--,0,---,---,---,---,---,---,---,---,---,---,---,---,---,---,---,---,---,---,---,---,---,---,---,1,J001120.26-084551.6,15.190,14.455,11.519,8.348,0.039,0.059,0.223,0.335
J0011-0845,A,00,11,20.3070,-,08,45,52.329,Double,1.891000,2.83461235050,-8.76453579340,Gaia_DR3,Lemon,2018,2018MNRAS.479.5060L,,---,,2.83447920000,-8.76372560000,2.83448385600,-8.76430582485,1.7000,0.5489,2018MNRAS.479.5060L / https://doi.org/10.5281/zenodo.12728524,1.700,jG,LEMON,---,--,0.54892000,,VizieR_J/A+A/683/A112/lqac6,1,DR3Gaia001120.307-084552.33,2,26,0.04947324042,58.02300,-0.15297005334,65.76938,20.4237,0.18969,0,0,1,2429242023833003648,2.83461232014,0.7249,-8.76453582431,0.7045,0.7823,0.9907,0.7896,0.264,-0.257,1.138,-0.061,0.828,20.408050,0.012155,19.861464,0.084048,19.210278,0.084405,2.468,0.651186,20.411527,0.012192,0,,---,---,---,---,---,---,---,---
J0013+5119,G,00,13,23.5388,+,51,19,05.863,Double,2.924000,3.34807822420,51.31829540060,Gaia_DR3,Lemon,2019,2019MNRAS.483.4242L,,---,,3.34808000000,51.31822000000,3.34826307050,51.31834595290,---,---,2019MNRAS.483.4242L,---,,,---,--,---,,,1,DR3Gaia001323.545+511904.63,3,18,0.05843498306,77.12591,0.89567316571,58.75278,20.6276,0.14748,0,0,1,395754916769802240,3.34808000528,5.4450,51.31829386137,4.6667,---,---,---,---,---,---,---,---,21.435495,0.021039,19.942509,0.160887,18.633205,0.057977,8.429,1.309303,21.435495,0.021039,1,J001323.55+511905.7,14.677,13.920,11.307,8.426,0.031,0.034,0.120,0.211
J0013+5119,A,00,13,23.5455,+,51,19,04.627,Double,2.924000,3.34810645630,51.31795187980,Gaia_DR3,Lemon,2019,2019MNRAS.483.4242L,,---,,3.34808000000,51.31822000000,3.34826307050,51.31834595290,2.6300,---,2019MNRAS.483.4242L,---,,,---,--,---,,,1,DR3Gaia001323.545+511904.63,2,34,0.05843547997,73.82030,0.89566728183,67.52496,20.6121,0.16870,0,0,1,395754921063313024,3.34810605777,1.2557,51.31795212826,0.8071,-2.3473,1.7139,-1.3696,1.692,1.420,1.456,-0.921,0.946,20.797949,0.011241,20.456110,0.142955,18.911915,0.120726,3.385,1.544195,20.796264,0.011224,0,,---,---,---,---,---,---,---,---
J0013+5119,B,00,13,23.6207,+,51,19,07.464,Double,2.924000,3.34841968470,51.31874002600,Gaia_DR3,Lemon,2019,2019MNRAS.483.4242L,,---,,3.34808000000,51.31822000000,3.34826307050,51.31834595290,2.6300,---,2019MNRAS.483.4242L,---,,,---,--,---,,,1,DR3Gaia001323.545+511904.63,1,67,0.05844099938,69.64013,0.89568093609,69.92638,20.4506,0.14291,0,0,1,395754921063313152,3.34841938311,0.4218,51.31874055031,0.4631,0.3682,0.6865,0.5363,0.206,-0.024,0.555,-0.205,0.598,20.528290,0.006681,20.540413,0.079473,19.129456,0.046829,2.244,1.410957,20.528283,0.006681,0,,---,---,---,---,---,---,---,---
A2744-QSO1,A,00,14,19.1618,-,30,24,05.645,Triple,59.903000,3.57984080000,-30.40156810000,Publication,Furtak,2025,2025A&A...698A.227F,,---,,3.57984080000,-30.40156810000,3.58686816667,-30.39752890000,7.0450,---,2025A&A...698A.227F,---,,,---,--,---,,,0,,,---,---,---,---,---,---,---,,--,0,---,---,---,---,---,---,---,---,---,---,---,---,---,---,---,---,---,---,---,---,---,---,---,0,,---,---,---,---,---,---,---,---
A2744-QSO1,B,00,14,20.0511,-,30,23,48.042,Triple,59.903000,3.58354620000,-30.39667830000,Publication,Furtak,2025,2025A&A...698A.227F,,---,,3.58354620000,-30.39667830000,3.58686816667,-30.39752890000,7.0450,---,2025A&A...698A.227F,---,,,---,--,---,,,0,,,---,---,---,---,---,---,---,,--,0,---,---,---,---,---,---,---,---,---,---,---,---,---,---,---,---,---,---,---,---,---,---,---,0,,---,---,---,---,---,---,---,---
A2744-QSO1,C,00,14,23.3322,-,30,23,39.625,Triple,59.903000,3.59721750000,-30.39434030000,Publication,Furtak,2025,2025A&A...698A.227F,,---,,3.59721750000,-30.39434030000,3.58686816667,-30.39752890000,7.0450,---,2025A&A...698A.227F,---,,,---,--,---,,,0,,,---,---,---,---,---,---,---,,--,0,---,---,---,---,---,---,---,---,---,---,---,---,---,---,---,---,---,---,---,---,---,---,---,0,,---,---,---,---,---,---,---,---
HE0013-2542,B,00,15,43.9176,-,25,26,17.987,Double,0.357000,3.93299004500,-25.43832967889,Publication,Shajib,2021,2021MNRAS.503.1557S,Scialpi,2024,2024A&A...690A..57S,3.93292000000,-25.43806000000,3.93301672745,-25.43828630244,0.9690,---,2024A&A...690A..57S,---,,,---,--,---,,,0,,,---,---,---,---,---,---,---,,--,0,---,---,---,---,---,---,---,---,---,---,---,---,---,---,---,---,---,---,---,---,---,---,---,1,J001543.91-252617.8,12.191,10.895,8.443,6.522,0.022,0.020,0.024,0.082
HE0013-2542,A,00,15,43.9304,-,25,26,17.675,Double,0.357000,3.93304340990,-25.43824292600,Gaia_DR3,Shajib,2021,2021MNRAS.503.1557S,Scialpi,2024,2024A&A...690A..57S,3.93292000000,-25.43806000000,3.93301672745,-25.43828630244,0.9690,---,2024A&A...690A..57S,---,,,---,--,---,,,1,DR3Gaia001543.928-252617.67,1,44,0.06864416546,89.13346,-0.44398177852,140.31155,16.5103,0.35275,0,1,1,2335753268837859712,3.93303517011,0.8407,-25.43824185589,0.7764,---,---,---,---,---,---,---,---,16.264776,0.019312,16.003942,0.009837,15.582703,0.009639,1.711,0.421240,16.264776,0.019312,0,,---,---,---,---,---,---,---,---
J0028+0631,A,00,28,22.4856,+,06,31,55.043,Double,2.816000,7.09369019760,6.53195634010,Gaia_DR3,Lemon,2018,2018MNRAS.479.5060L,,---,,7.09381290000,6.53253060000,7.09378511335,6.53157674410,1.0600,---,2018MNRAS.479.5060L,1.067,gG,LAMQ3,1.054711,0,1.06828400,KEEP(0),EXTERNAL_SDSSDR18_BOSS,1,DR3Gaia002822.486+063155.04,1,39,0.12380836703,53.20163,0.11400414879,42.88296,19.0705,0.14012,0,0,1,2747816172132314624,7.09369016395,0.2208,6.53195639341,0.1537,-0.0992,0.2704,-0.3671,0.635,-0.600,0.345,0.206,0.225,18.992079,0.008895,19.204454,0.044079,18.606743,0.061849,1.197,0.597712,18.992079,0.008895,0,,---,---,---,---,---,---,---,---
J0028+0631,G,00,28,22.5000,+,06,31,53.400,Double,2.816000,7.09375000000,6.53150000000,Publication,Lemon,2018,2018MNRAS.479.5060L,,---,,7.09375000000,6.53150000000,7.09378511335,6.53157674410,---,---,2018MNRAS.479.5060L,1.067,gG,LAMQ3,---,--,1.06828400,KEEP(0),EXTERNAL_SDSSDR18_BOSS,0,,,---,---,---,---,---,---,---,,--,0,---,---,---,---,---,---,---,---,---,---,---,---,---,---,---,---,---,---,---,---,---,---,---,1,J002822.50+063153.8,14.160,13.363,10.958,8.691,0.029,0.033,0.126,0.433
J0028+0631,B,00,28,22.5312,+,06,31,52.310,Double,2.816000,7.09388002910,6.53119714810,Gaia_DR3,Lemon,2018,2018MNRAS.479.5060L,,---,,7.09362540000,6.53178610000,7.09378511335,6.53157674410,1.0600,---,2018MNRAS.479.5060L,1.067,gG,LAMQ3,---,--,1.06828400,KEEP(0),EXTERNAL_SDSSDR18_BOSS,1,DR3Gaia002822.486+063155.04,2,10,0.12381146620,72.67542,0.11399086222,30.26132,20.5813,0.15394,0,0,1,2747816172132760576,7.09387969614,3.0810,6.53119725561,0.9733,---,---,---,---,---,---,---,---,20.980751,0.022783,20.683977,0.116638,19.001028,0.268746,3.560,1.682949,20.980751,0.022783,0,,---,---,---,---,---,---,---,---
DESJ0029-3814,A,00,29,40.5532,-,38,14,25.949,Quad,2.210000,7.41897179712,-38.24054133139,Gaia_DR3,Schmidt,2023,2023MNRAS.518.1260S,,---,,7.41897180000,-38.24054133000,7.41925190428,-38.24059910785,2.8210,---,2023MNRAS.518.1260S,---,,,---,--,---,,,0,,,---,---,---,---,---,---,---,,--,1,4997764687409642880,7.41897179712,0.8718,-38.24054133139,0.7720,-0.1783,1.0610,-0.1680,3.741,2.990,1.516,-2.248,1.066,20.568316,0.014185,20.154428,0.089830,19.686720,0.090402,---,0.467709,20.570563,0.014214,0,,---,---,---,---,---,---,---,---
DESJ0029-3814,B,00,29,40.5857,-,38,14,26.510,Quad,2.210000,7.41910725000,-38.24069716000,HST,Schmidt,2023,2023MNRAS.518.1260S,,---,,7.41910725000,-38.24069716000,7.41925190428,-38.24059910785,2.8210,---,2023MNRAS.518.1260S,---,,,---,--,---,,,0,,,---,---,---,---,---,---,---,,--,0,---,---,---,---,---,---,---,---,---,---,---,---,---,---,---,---,---,---,---,---,---,---,---,0,,---,---,---,---,---,---,---,---
DESJ0029-3814,D,00,29,40.6087,-,38,14,25.636,Quad,2.210000,7.41920310000,-38.24045439000,HST,Schmidt,2023,2023MNRAS.518.1260S,,---,,7.41920310000,-38.24045439000,7.41925190428,-38.24059910785,2.8210,---,2023MNRAS.518.1260S,---,,,---,--,---,,,0,,,---,---,---,---,---,---,---,,--,0,---,---,---,---,---,---,---,---,---,---,---,---,---,---,---,---,---,---,---,---,---,---,---,0,,---,---,---,---,---,---,---,---
DESJ0029-3814,G,00,29,40.6246,-,38,14,26.175,Quad,2.210000,7.41926923000,-38.24060411000,HST,Schmidt,2023,2023MNRAS.518.1260S,,---,,7.41926923000,-38.24060411000,7.41925190428,-38.24059910785,---,0.8630,2023MNRAS.518.1260S,---,,,---,--,---,,,0,,,---,---,---,---,---,---,---,,--,0,---,---,---,---,---,---,---,---,---,---,---,---,---,---,---,---,---,---,---,---,---,---,---,0,,---,---,---,---,---,---,---,---
DESJ0029-3814,C,00,29,40.7341,-,38,14,26.533,Quad,2.210000,7.41972547000,-38.24070355000,HST,Schmidt,2023,2023MNRAS.518.1260S,,---,,7.41972547000,-38.24070355000,7.41925190428,-38.24059910785,2.8210,0.8630,2023MNRAS.518.1260S,---,,,---,--,---,,,0,,,---,---,---,---,---,---,---,,--,0,---,---,---,---,---,---,---,---,---,---,---,---,---,---,---,---,---,---,---,---,---,---,---,0,,---,---,---,---,---,---,---,---
J0030-1525,B,00,30,15.2059,-,15,25,04.204,Quad,1.969000,7.56335779000,-15.41783442000,HST,Lemon,2018,2018MNRAS.479.5060L,,---,,7.56335779000,-15.41783442000,7.56372840260,-15.41779237366,3.3600,---,2018MNRAS.479.5060L,---,,,---,--,---,,,0,,,---,---,---,---,---,---,---,,--,0,---,---,---,---,---,---,---,---,---,---,---,---,---,---,---,---,---,---,---,---,---,---,---,0,,---,---,---,---,---,---,---,---
J0030-1525,G,00,30,15.2591,-,15,25,04.186,Quad,1.969000,7.56357966000,-15.41782942000,HST,Lemon,2018,2018MNRAS.479.5060L,,---,,7.56357966000,-15.41782942000,7.56372840260,-15.41779237366,---,---,,---,,,---,--,---,,,0,,,---,---,---,---,---,---,---,,--,0,---,---,---,---,---,---,---,---,---,---,---,---,---,---,---,---,---,---,---,---,---,---,---,0,,---,---,---,---,---,---,---,---
J0030-1525,A,00,30,15.3183,-,15,25,05.089,Quad,1.969000,7.56382625197,-15.41808039678,Gaia_DR3,Lemon,2018,2018MNRAS.479.5060L,,---,,7.56382286000,-15.41808720000,7.56372840260,-15.41779237366,3.3600,---,2018MNRAS.479.5060L,---,,,---,--,---,,,0,,,---,---,---,---,---,---,---,,--,1,2373803788568072448,7.56382625197,0.4231,-15.41808039678,0.3868,-0.0895,0.5423,-0.1650,0.358,-0.344,0.609,-0.097,0.486,19.981705,0.006847,---,---,---,---,---,---,19.981705,0.006847,0,,---,---,---,---,---,---,---,---
J0030-1525,C,00,30,15.3197,-,15,25,03.319,Quad,1.969000,7.56383207841,-15.41758858788,Gaia_DR3,Lemon,2018,2018MNRAS.479.5060L,,---,,7.56383208000,-15.41758859000,7.56372840260,-15.41779237366,3.3600,---,2018MNRAS.479.5060L,---,,,---,--,---,,,0,,,---,---,---,---,---,---,---,,--,1,2373803788569100160,7.56383207841,0.2968,-15.41758858788,0.2784,0.2632,0.3775,0.6973,0.762,-0.430,0.447,0.630,0.352,19.435102,0.005443,19.478699,0.071135,18.257664,0.045762,---,1.221035,19.437035,0.005450,0,,---,---,---,---,---,---,---,---
J0030-1525,D,00,30,15.3354,-,15,25,03.598,Quad,1.969000,7.56389749000,-15.41766609000,HST,Lemon,2018,2018MNRAS.479.5060L,,---,,7.56389749000,-15.41766609000,7.56372840260,-15.41779237366,3.3600,---,2018MNRAS.479.5060L,---,,,---,--,---,,,0,,,---,---,---,---,---,---,---,,--,0,---,---,---,---,---,---,---,---,---,---,---,---,---,---,---,---,---,---,---,---,---,---,---,0,,---,---,---,---,---,---,---,---
J0030-3358,S,00,30,41.7497,-,33,58,37.196,Double,0.000000,7.67395709850,-33.97699885680,Gaia_DR3,Lemon,2023,2023MNRAS.520.3305L,,---,,7.67400000000,-33.97670000000,7.67395709850,-33.97699885680,1.5800,0.7150,2023MNRAS.520.3305L,1.580,j,LEMON4,---,--,---,,,1,DR3Gaia003041.750-335837.20,1,11,0.13393582804,57.27103,-0.59301063184,38.12058,20.5625,0.15309,0,0,1,5005582829263300992,7.67395742184,2.3516,-33.97699994833,1.5432,-0.3096,2.0613,-0.1502,0.924,-0.920,1.757,-0.085,1.553,20.826610,0.023193,20.650705,0.154994,19.718266,0.110885,2.021,0.932440,20.830235,0.023269,1,J003041.76-335836.2,14.946,14.340,12.275,9.011,0.034,0.044,0.325,---
J0035.4-2015,C,00,35,24.5564,-,20,16,00.249,Triple,38.520000,8.85231850000,-20.26673580000,Publication,Furtak,2023,2023MNRAS.522.5142F,,---,,8.85231850000,-20.26673580000,8.85517406667,-20.26063533333,2.0630,---,2023MNRAS.522.5142F,---,,,---,--,---,,,0,,,---,---,---,---,---,---,---,,--,0,---,---,---,---,---,---,---,---,---,---,---,---,---,---,---,---,---,---,---,---,---,---,---,0,,---,---,---,---,---,---,---,---
J0035.4-2015,B,00,35,25.4598,-,20,15,29.303,Triple,38.520000,8.85608260000,-20.25813970000,Publication,Furtak,2023,2023MNRAS.522.5142F,,---,,8.85608260000,-20.25813970000,8.85517406667,-20.26063533333,2.0630,---,2023MNRAS.522.5142F,---,,,---,--,---,,,0,,,---,---,---,---,---,---,---,,--,0,---,---,---,---,---,---,---,---,---,---,---,---,---,---,---,---,---,---,---,---,---,---,---,0,,---,---,---,---,---,---,---,---
J0035.4-2015,A,00,35,25.7091,-,20,15,25.310,Triple,38.520000,8.85712110000,-20.25703050000,Publication,Furtak,2023,2023MNRAS.522.5142F,,---,,8.85712110000,-20.25703050000,8.85517406667,-20.26063533333,2.0630,0.3520,2023MNRAS.522.5142F,---,,,---,--,---,,,0,,,---,---,---,---,---,---,---,,--,0,---,---,---,---,---,---,---,---,---,---,---,---,---,---,---,---,---,---,---,---,---,---,---,0,,---,---,---,---,---,---,---,---
J0045-3937,B,00,45,27.9366,-,39,37,34.047,Double,1.142000,11.36640234580,-39.62612410170,Gaia_DR3,Lemon,2023,2023MNRAS.520.3305L,,---,,11.36650000000,-39.62620000000,11.36654942185,-39.62623512915,1.8500,---,2023MNRAS.520.3305L,1.850,j,LEMON4,---,--,1.86118000,,VizieR_J/A+A/683/A112/lqac6,1,DR3Gaia004528.007-393734.85,1,58,0.19838101659,54.40557,-0.69160628812,50.61808,19.8596,0.18074,0,0,1,4999447421235905408,11.36640233681,0.3138,-39.62612402282,0.5320,-0.1254,0.5576,-0.2249,0.335,-0.096,0.380,0.321,0.727,19.832386,0.013426,---,---,---,---,---,---,19.832386,0.013426,1,J004527.96-393734.4,15.401,14.509,11.937,8.510,0.038,0.052,0.333,---
J0045-3937,A,00,45,28.0072,-,39,37,34.846,Double,1.142000,11.36669649790,-39.62634615660,Gaia_DR3,Lemon,2023,2023MNRAS.520.3305L,,---,,11.36650000000,-39.62620000000,11.36654942185,-39.62623512915,1.8500,---,2023MNRAS.520.3305L,1.850,j,LEMON4,---,--,1.86118000,,VizieR_J/A+A/683/A112/lqac6,1,DR3Gaia004528.007-393734.85,2,62,0.19838614841,57.82010,-0.69161013440,51.14902,19.0895,0.12944,0,0,1,4999447421236508800,11.36669665662,0.1514,-39.62634585209,0.1626,0.0285,0.2378,0.1197,0.093,-0.092,0.144,0.012,0.171,19.058287,0.005555,18.857492,0.035411,18.293220,0.031993,1.724,0.564272,19.061301,0.005567,0,,---,---,---,---,---,---,---,---
J0047+2514,A,00,47,47.1732,+,25,14,27.054,Double,1.743000,11.94655519100,25.24084842780,Gaia_DR3,Lemon,2019,2019MNRAS.483.4242L,,---,,11.94659000000,25.24085000000,11.94671073635,25.24104549725,1.2000,---,2019MNRAS.483.4242L,1.200,gG,LEMON2,---,--,---,,,1,DR3Gaia004747.173+251427.05,1,23,0.20850666422,78.36487,0.44053581309,48.82010,20.4891,0.11987,0,0,1,2805038639894474112,11.94655533697,1.8689,25.24084830836,0.5995,1.0102,1.1627,0.8688,3.172,-3.010,2.562,1.001,0.999,20.645710,0.016089,19.905287,0.108371,18.773516,0.057300,3.795,1.131771,20.648342,0.016127,0,,---,---,---,---,---,---,---,---
J0047+2514,G,00,47,47.2368,+,25,14,28.287,Double,1.743000,11.94682013630,25.24119085450,Gaia_DR3,Lemon,2019,2019MNRAS.483.4242L,,---,,11.94659000000,25.24085000000,11.94671073635,25.24104549725,---,---,2019MNRAS.483.4242L,1.200,gG,LEMON2,---,--,---,,,0,,,---,---,---,---,---,---,---,,--,1,2805038639892907904,11.94682013625,15.2911,25.24119085447,25.6734,---,---,---,---,---,---,---,---,20.661810,0.020146,20.145988,0.146384,18.709265,0.093244,3.709,1.436724,20.661810,0.020146,1,J004747.21+251427.9,14.942,14.269,11.905,8.337,0.032,0.045,0.233,---
J0047+2514,B,00,47,47.2479,+,25,14,28.473,Double,1.743000,11.94686628170,25.24124256670,Gaia_DR3,Lemon,2019,2019MNRAS.483.4242L,,---,,11.94659000000,25.24085000000,11.94671073635,25.24104549725,1.2000,---,2019MNRAS.483.4242L,1.200,gG,LEMON2,---,--,---,,,1,DR3Gaia004747.173+251427.05,2,17,0.20851160661,80.79229,0.44054259950,91.61598,20.5542,0.12079,0,0,1,2805038644187256576,11.94685316867,28.3328,25.24124565863,3.3122,---,---,---,---,---,---,---,---,21.000053,0.038470,---,---,---,---,---,---,21.000053,0.038470,0,,---,---,---,---,---,---,---,---
HE0047-1756,A,00,50,27.8234,-,17,40,09.171,Double,1.428000,12.61593101510,-17.66921417350,Gaia_DR3,Wisotzki,2004,2004A&A...419L..31W,,---,,12.61595830000,-17.66911110000,12.61596498505,-17.66940979080,1.6700,0.4080,2020A&A...642A.193M,---,,,1.673688,0,1.67700000,KEEP(4),HEASARC_uvqs,1,DR3Gaia005027.823-174009.17,2,38,0.22018955334,36.04192,-0.30838595263,35.44311,16.7019,0.18528,0,0,1,2369490546185699328,12.61593102664,0.0577,-17.66921418526,0.0400,0.0574,0.0773,0.7419,0.087,0.069,0.083,-0.053,0.098,16.547964,0.004224,16.652010,0.012707,15.946408,0.011507,1.391,0.705602,16.547964,0.004224,1,J005027.82-174009.3,12.911,11.586,8.248,5.715,0.023,0.022,0.022,0.036
HE0047-1756,G2,00,50,27.8238,-,17,40,11.100,Double,1.428000,12.61593240000,-17.66975000000,Publication,Wisotzki,2004,2004A&A...419L..31W,,---,,12.61593240000,-17.66975000000,12.61596498505,-17.66940979080,---,---,,---,,,---,--,1.67700000,KEEP(4),HEASARC_uvqs,0,,,---,---,---,---,---,---,---,,--,0,---,---,---,---,---,---,---,---,---,---,---,---,---,---,---,---,---,---,---,---,---,---,---,0,,---,---,---,---,---,---,---,---
HE0047-1756,B,00,50,27.8397,-,17,40,10.579,Double,1.428000,12.61599895500,-17.66960540810,Gaia_DR3,Wisotzki,2004,2004A&A...419L..31W,,---,,12.61602600000,-17.66950220000,12.61596498505,-17.66940979080,1.6700,---,2020A&A...642A.193M,---,,,---,--,1.67700000,KEEP(4),HEASARC_uvqs,1,DR3Gaia005027.823-174009.17,1,39,0.22019069244,51.99944,-0.30839281414,38.82196,18.2897,0.16717,0,0,1,2369490546185041280,12.61599886460,0.1463,-17.66960545887,0.1030,-0.2300,0.1920,-1.1975,0.374,-0.371,0.203,-0.050,0.234,18.172596,0.004237,---,---,---,---,---,---,18.172596,0.004237,0,,---,---,---,---,---,---,---,---
HE0047-1756,G1,00,50,27.8621,-,17,40,09.764,Double,1.428000,12.61609211610,-17.66937892100,Publication,Wisotzki,2004,2004A&A...419L..31W,,---,,12.61602740000,-17.66933280000,12.61596498505,-17.66940979080,---,0.4080,2020A&A...642A.193M,---,,,---,--,1.67700000,KEEP(4),HEASARC_uvqs,0,,,---,---,---,---,---,---,---,,--,0,---,---,---,---,---,---,---,---,---,---,---,---,---,---,---,---,---,---,---,---,---,---,---,0,,---,---,---,---,---,---,---,---
DESJ0053-2012,A,00,53,44.3174,-,20,12,34.135,Quad,3.062000,13.43465600178,-20.20948183587,Gaia_DR3,Lemon,2020,2020MNRAS.494.3491L,,---,,13.43465597000,-20.20948100000,13.43508944757,-20.20922778706,3.8000,---,2020MNRAS.494.3491L,---,,,---,--,---,,,0,,,---,---,---,---,---,---,---,,--,1,2355800355108946304,13.43465600178,0.2670,-20.20948183587,0.2608,0.0422,0.3382,0.1249,0.632,0.598,0.367,0.203,0.478,19.513075,0.005171,19.791200,0.099383,18.815466,0.056827,---,0.975735,19.513075,0.005171,0,,---,---,---,---,---,---,---,---
DESJ0053-2012,D,00,53,44.3810,-,20,12,31.985,Quad,3.062000,13.43492089000,-20.20888461000,HST,Lemon,2020,2020MNRAS.494.3491L,,---,,13.43492089000,-20.20888461000,13.43508944757,-20.20922778706,3.8000,---,2020MNRAS.494.3491L,---,,,---,--,---,,,0,,,---,---,---,---,---,---,---,,--,0,---,---,---,---,---,---,---,---,---,---,---,---,---,---,---,---,---,---,---,---,---,---,---,0,,---,---,---,---,---,---,---,---
DESJ0053-2012,G,00,53,44.3886,-,20,12,32.592,Quad,3.062000,13.43495256000,-20.20905322000,HST,Lemon,2020,2020MNRAS.494.3491L,,---,,13.43495256000,-20.20905322000,13.43508944757,-20.20922778706,---,---,,---,,,---,--,---,,,0,,,---,---,---,---,---,---,---,,--,0,---,---,---,---,---,---,---,---,---,---,---,---,---,---,---,---,---,---,---,---,---,---,---,0,,---,---,---,---,---,---,---,---
DESJ0053-2012,B,00,53,44.4677,-,20,12,33.752,Quad,3.062000,13.43528201097,-20.20937544675,Gaia_DR3,Lemon,2020,2020MNRAS.494.3491L,,---,,13.43528201000,-20.20937545000,13.43508944757,-20.20922778706,3.8000,---,2020MNRAS.494.3491L,---,,,---,--,---,,,0,,,---,---,---,---,---,---,---,,--,1,2355800350814298752,13.43528201097,0.2598,-20.20937544675,0.2310,-0.5484,0.3175,-1.7271,1.116,0.038,0.347,-1.115,0.437,19.396280,0.005812,19.300600,0.036311,18.132437,0.027100,---,1.168163,19.398644,0.005822,0,,---,---,---,---,---,---,---,---
DESJ0053-2012,C,00,53,44.5197,-,20,12,33.009,Quad,3.062000,13.43549888751,-20.20916925562,Gaia_DR3,Lemon,2020,2020MNRAS.494.3491L,,---,,13.43549602000,-20.20916906000,13.43508944757,-20.20922778706,3.8000,---,2020MNRAS.494.3491L,---,,,---,--,---,,,0,,,---,---,---,---,---,---,---,,--,1,2355800355108946432,13.43549888751,0.3582,-20.20916925562,0.2654,-0.1177,0.4060,-0.2899,0.638,-0.483,0.536,0.417,0.499,19.586159,0.005726,---,---,---,---,---,---,19.586159,0.005726,0,,---,---,---,---,---,---,---,---
J0102+2445,A,01,02,47.1590,+,24,45,15.276,Double,2.391000,15.69649596640,24.75424345800,Gaia_DR3,Lemon,2019,2019MNRAS.483.4242L,,---,,15.69650000000,24.75430000000,15.69681353565,24.75440806335,2.0850,0.2700,2019MNRAS.483.4242L / 2024MNRAS.530..221J,2.095,gG,DR16,2.104655,0,---,,,1,DR3Gaia010247.159+244515.28,1,53,0.27395541663,65.00523,0.43204298991,49.79910,19.2821,0.15138,0,0,1,2804295954148390272,15.69649592979,0.2311,24.75424356964,0.1916,-0.3412,0.2902,-1.1760,0.283,0.153,0.329,-0.238,0.223,19.255733,0.005612,19.304720,0.032516,18.328003,0.025222,1.682,0.976717,19.255733,0.005612,0,,---,---,---,---,---,---,---,---
J0102+2445,B,01,02,47.3115,+,24,45,16.462,Double,2.391000,15.69713110490,24.75457266870,Gaia_DR3,Lemon,2019,2019MNRAS.483.4242L,,---,,15.69650000000,24.75430000000,15.69681353565,24.75440806335,2.0850,---,2019MNRAS.483.4242L / 2024MNRAS.530..221J,2.095,gG,DR16,---,--,---,,,1,DR3Gaia010247.159+244515.28,2,17,0.27396611483,60.36003,0.43204846779,83.34763,20.3961,0.15963,0,0,1,2804295958442368128,15.69712915942,3.3349,24.75457576106,6.2585,---,---,---,---,---,---,---,---,20.972710,0.025667,19.926249,0.133838,18.176823,0.056218,7.429,1.749426,20.972710,0.025667,1,J010247.26+244515.9,14.188,13.566,11.064,8.453,0.027,0.035,0.133,0.338
DESJ0112-1650,A,01,12,33.8546,-,16,50,27.483,Double,1.383000,18.14106076820,-16.84096746570,Gaia_DR3,Lemon,2020,2020MNRAS.494.3491L,,---,,18.14120000000,-16.84100000000,18.14124321960,-16.84104760230,0.9900,0.5400,2020MNRAS.494.3491L,---,,,---,--,0.11681000,,VizieR_J/A+A/683/A112/lqac6,1,DR3Gaia011233.855-165027.48,1,34,0.31662125105,79.22493,-0.29393029172,55.75088,20.3676,0.14384,0,0,1,2358531232755701504,18.14106086777,0.6808,-16.84096725363,0.6638,0.3239,0.9874,0.3280,1.233,-0.546,1.176,1.106,1.386,20.377436,0.014614,20.047220,0.083839,18.942755,0.073790,2.561,1.104466,20.380252,0.014651,1,J011233.88-165027.9,14.356,13.692,11.382,8.206,0.029,0.035,0.191,---
DESJ0112-1650,B,01,12,33.9422,-,16,50,28.060,Double,1.383000,18.14142567100,-16.84112773890,Gaia_DR3,Lemon,2020,2020MNRAS.494.3491L,,---,,18.14120000000,-16.84100000000,18.14124321960,-16.84104760230,0.9900,---,2020MNRAS.494.3491L,---,,,---,--,0.11681000,,VizieR_J/A+A/683/A112/lqac6,1,DR3Gaia011233.855-165027.48,2,8,0.31662762429,67.99983,-0.29393320084,33.86265,20.5684,0.19335,0,0,1,2358531232754957312,18.14141530419,30.0959,-16.84113751000,10.6707,---,---,---,---,---,---,---,---,21.053957,0.034609,---,---,---,---,---,---,21.053957,0.034609,0,,---,---,---,---,---,---,---,---
SDSSJ0114+0722,B,01,14,38.3220,+,07,22,29.350,Double,1.700000,18.65967500000,7.37481940000,Publication,More,2016,2016MNRAS.456.1595M,,---,,18.65967500000,7.37481940000,18.65988125000,7.37470135000,1.8280,---,2016MNRAS.456.1595M,1.828,pN,DR16,---,--,1.82819900,KEEP(0),EXTERNAL_SDSSDR18_BOSS,0,,,---,---,---,---,---,---,---,,--,0,---,---,---,---,---,---,---,---,---,---,---,---,---,---,---,---,---,---,---,---,---,---,---,1,J011438.35+072228.6,15.052,14.443,12.466,8.437,0.034,0.050,0.444,---
SDSSJ0114+0722,G,01,14,38.3860,+,07,22,28.600,Double,1.700000,18.65994170000,7.37461110000,Publication,More,2016,2016MNRAS.456.1595M,,---,,18.65994170000,7.37461110000,18.65988125000,7.37470135000,---,0.4080,2016MNRAS.456.1595M,1.828,pN,DR16,---,--,1.82819900,KEEP(0),EXTERNAL_SDSSDR18_BOSS,0,,,---,---,---,---,---,---,---,,--,0,---,---,---,---,---,---,---,---,---,---,---,---,---,---,---,---,---,---,---,---,---,---,---,0,,---,---,---,---,---,---,---,---
SDSSJ0114+0722,A,01,14,38.4210,+,07,22,28.500,Double,1.700000,18.66008750000,7.37458330000,Publication,More,2016,2016MNRAS.456.1595M,,---,,18.66008750000,7.37458330000,18.65988125000,7.37470135000,1.8280,0.4080,2016MNRAS.456.1595M,1.828,pN,DR16,---,--,1.82819900,KEEP(0),EXTERNAL_SDSSDR18_BOSS,0,,,---,---,---,---,---,---,---,,--,0,---,---,---,---,---,---,---,---,---,---,---,---,---,---,---,---,---,---,---,---,---,---,---,0,,---,---,---,---,---,---,---,---
DESJ0115-5244,A,01,15,57.3234,-,52,44,22.990,Double,1.202000,18.98884751540,-52.73971955500,Gaia_DR3,Agnello,2015,2015MNRAS.454.1260A,,---,,18.98883330000,-52.73977780000,18.98894905075,-52.73987478350,1.6400,0.9879,2015MNRAS.454.1260A / https://doi.org/10.5281/zenodo.12728524,1.640,jG,AGNELL,---,--,0.98793000,,VizieR_J/A+A/683/A112/lqac6,1,DR3Gaia011557.323-524422.99,2,23,0.33141787319,57.75311,-0.92048175369,71.19949,20.5768,0.13975,0,0,1,4915503625466318464,18.98884693988,0.8038,-52.73971921464,1.0137,0.3583,1.2037,0.2976,1.138,0.871,1.553,0.733,1.815,20.838558,0.017213,20.329174,0.128305,19.358690,0.077143,2.804,0.970484,20.842058,0.017267,1,J011557.37-524423.4,14.487,13.358,10.819,7.629,0.028,0.029,0.108,0.142
DESJ0115-5244,B,01,15,57.3721,-,52,44,24.108,Double,1.202000,18.98905058610,-52.74003001200,Gaia_DR3,Agnello,2015,2015MNRAS.454.1260A,,---,,18.98883330000,-52.73977780000,18.98894905075,-52.73987478350,1.6400,---,2015MNRAS.454.1260A / https://doi.org/10.5281/zenodo.12728524,1.640,jG,AGNELL,---,--,0.98793000,,VizieR_J/A+A/683/A112/lqac6,1,DR3Gaia011557.323-524422.99,1,10,0.33142163596,80.68106,-0.92048705386,58.53082,20.6094,0.20292,0,0,1,4915503621170474112,18.98905305297,3.7112,-52.74002942257,2.1098,---,---,---,---,---,---,---,---,20.952328,0.033140,---,---,19.586622,0.812380,---,---,20.952328,0.033140,0,,---,---,---,---,---,---,---,---
DESJ0115-5244,G,01,15,57.4038,-,52,44,23.210,Double,1.202000,18.98918244000,-52.73978067000,Publication,Agnello,2015,2015MNRAS.454.1260A,,---,,18.98918244000,-52.73978067000,18.98894905075,-52.73987478350,---,0.9879,2015MNRAS.454.1260A / https://doi.org/10.5281/zenodo.12728524,1.640,jG,AGNELL,---,--,0.98793000,,VizieR_J/A+A/683/A112/lqac6,0,,,---,---,---,---,---,---,---,,--,0,---,---,---,---,---,---,---,---,---,---,---,---,---,---,---,---,---,---,---,---,---,---,---,0,,---,---,---,---,---,---,---,---
J0116+4052,B,01,16,39.1992,+,40,52,52.252,Double,1.284000,19.16332982470,40.88118102910,Gaia_DR3,Lemon,2023,2023MNRAS.520.3305L,,---,,19.16350000000,40.88110000000,19.16354572160,40.88110912365,1.8500,---,2023MNRAS.520.3305L,1.850,pG,LAMQ3,---,--,---,,,1,DR3Gaia011639.303+405251.73,2,27,0.33446324327,51.49878,0.71351113893,61.04420,19.7118,0.22743,0,0,1,372057559266443392,19.16332943209,0.4105,40.88118073621,0.7267,0.2037,0.5914,0.3444,0.990,-0.103,0.586,0.984,0.828,19.681140,0.017426,---,---,---,---,---,---,19.681140,0.017426,1,J011639.25+405252.0,15.186,14.201,11.055,8.679,0.034,0.039,0.089,0.287
J0116+4052,A,01,16,39.3028,+,40,52,51.734,Double,1.284000,19.16376161850,40.88103721820,Gaia_DR3,Lemon,2023,2023MNRAS.520.3305L,,---,,19.16350000000,40.88110000000,19.16354572160,40.88110912365,1.8500,---,2023MNRAS.520.3305L,1.850,pG,LAMQ3,1.859624,0,---,,,1,DR3Gaia011639.303+405251.73,1,27,0.33447069542,56.15806,0.71350859839,45.06600,18.9144,0.22213,0,0,1,372057559265314688,19.16376152869,0.2543,40.88103720483,0.2661,-1.2059,0.3121,-3.8640,1.034,-0.713,0.359,-0.748,0.337,18.821886,0.010680,18.708843,0.053176,18.186247,0.042636,1.561,0.522596,18.821886,0.010680,0,,---,---,---,---,---,---,---,---
J0123-0455,A,01,23,21.8026,-,04,55,57.602,Double,1.894000,20.84084405940,-4.93266728100,Gaia_DR3,Lemon,2018,2018MNRAS.479.5060L,,---,,20.84117460000,-4.93240170000,20.84105110900,-4.93283057335,1.3800,0.6740,2018MNRAS.479.5060L / https://doi.org/10.5281/zenodo.12728524,1.380,pG,LEMON,---,--,0.67397000,,VizieR_J/A+A/683/A112/lqac6,1,DR3Gaia012321.803-045557.60,1,25,0.36374133116,70.41850,-0.08609128125,44.59015,20.3463,0.17572,0,0,1,2482366096360023424,20.84084412620,0.7502,-4.93266760698,0.4944,-0.5653,0.8311,-0.6802,1.622,0.886,1.193,1.358,0.719,20.358725,0.009885,20.305956,0.112220,19.268394,0.110499,1.910,1.037561,20.361929,0.009912,0,,---,---,---,---,---,---,---,---
J0123-0455,G,01,23,21.8600,-,04,55,58.200,Double,1.894000,20.84108333000,-4.93283333000,Publication,Lemon,2018,2018MNRAS.479.5060L,,---,,20.84108333000,-4.93283333000,20.84105110900,-4.93283057335,---,0.6740,2018MNRAS.479.5060L / https://doi.org/10.5281/zenodo.12728524,1.380,pG,LEMON,---,--,0.67397000,,VizieR_J/A+A/683/A112/lqac6,0,,,---,---,---,---,---,---,---,,--,0,---,---,---,---,---,---,---,---,---,---,---,---,---,---,---,---,---,---,---,---,---,---,---,1,J012321.86-045558.4,14.584,13.736,11.617,8.679,0.031,0.036,0.325,0.500
J0123-0455,B,01,23,21.9020,-,04,55,58.778,Double,1.894000,20.84125815860,-4.93299386570,Publication,Lemon,2018,2018MNRAS.479.5060L,,---,,20.84125000000,-4.93297222000,20.84105110900,-4.93283057335,1.3800,---,2018MNRAS.479.5060L / https://doi.org/10.5281/zenodo.12728524,1.380,pG,LEMON,---,--,0.67397000,,VizieR_J/A+A/683/A112/lqac6,0,,,---,---,---,---,---,---,---,,--,0,---,---,---,---,---,---,---,---,---,---,---,---,---,---,---,---,---,---,---,---,---,---,---,0,,---,---,---,---,---,---,---,---
J0124-0033,A,01,24,57.4437,-,00,33,11.234,Double,0.629000,21.23934854310,-0.55312053120,Gaia_DR3,Lemon,2019,2019MNRAS.483.4242L,,---,,21.23943000000,-0.55330000000,21.23939042620,-0.55319722945,2.8400,0.2110,2019MNRAS.483.4242L,2.840,pG,LEMON2,---,--,---,,,1,DR3Gaia012457.444-003311.24,1,21,0.37069648668,68.14422,-0.00965375136,74.91907,20.5848,0.15575,0,0,1,2533897461870477568,21.23934833099,2.8441,-0.55312101501,1.5047,---,---,---,---,---,---,---,---,20.832740,0.021150,19.679811,0.107134,18.224190,0.033043,6.749,1.455622,20.832740,0.021150,1,J012457.46-003311.8,15.193,14.790,12.661,9.018,0.037,0.063,---,---
J0124-0033,B,01,24,57.4638,-,00,33,11.786,Double,0.629000,21.23943230930,-0.55327392770,Gaia_DR3,Lemon,2019,2019MNRAS.483.4242L,,---,,21.23943000000,-0.55330000000,21.23939042620,-0.55319722945,2.8400,---,2019MNRAS.483.4242L,2.840,pG,LEMON2,---,--,---,,,1,DR3Gaia012457.444-003311.24,2,18,0.37069808200,70.13348,-0.00965642308,113.07301,20.4080,0.23483,0,1,1,2533897461870272256,21.23943179797,10.5549,-0.55327736012,8.0852,---,---,---,---,---,---,---,---,21.144161,0.033610,19.599733,0.072492,18.159275,0.031571,9.587,1.440458,21.144161,0.033610,0,,---,---,---,---,---,---,---,---
B0128+437,A,01,31,13.4050,+,43,58,13.140,Quad,0.548000,22.80585420000,43.97031670000,Publication,Phillips,2000,2000MNRAS.319L...7P,,---,,22.80585420000,43.97031670000,22.80592425000,43.97029390000,3.1240,---,2004MNRAS.350..167M,---,,,---,--,---,,,0,,,---,---,---,---,---,---,---,,--,0,---,---,---,---,---,---,---,---,---,---,---,---,---,---,---,---,---,---,---,---,---,---,---,0,,---,---,---,---,---,---,---,---
B0128+437,B,01,31,13.4141,+,43,58,13.234,Quad,0.548000,22.80589200000,43.97034280000,Publication,Phillips,2000,2000MNRAS.319L...7P,,---,,22.80589200000,43.97034280000,22.80592425000,43.97029390000,3.1240,---,2004MNRAS.350..167M,---,,,---,--,---,,,0,,,---,---,---,---,---,---,---,,--,0,---,---,---,---,---,---,---,---,---,---,---,---,---,---,---,---,---,---,---,---,---,---,---,0,,---,---,---,---,---,---,---,---
B0128+437,D,01,31,13.4150,+,43,58,12.890,Quad,0.548000,22.80589590000,43.97024720000,Publication,Phillips,2000,2000MNRAS.319L...7P,,---,,22.80589590000,43.97024720000,22.80592425000,43.97029390000,3.1240,---,2004MNRAS.350..167M,---,,,---,--,---,,,0,,,---,---,---,---,---,---,---,,--,0,---,---,---,---,---,---,---,---,---,---,---,---,---,---,---,---,---,---,---,---,---,---,---,1,J013113.49+435812.6,15.709,14.322,10.869,8.718,0.042,0.042,0.094,0.293
B0128+437,C,01,31,13.4532,+,43,58,12.968,Quad,0.548000,22.80605490000,43.97026890000,Publication,Phillips,2000,2000MNRAS.319L...7P,,---,,22.80605490000,43.97026890000,22.80592425000,43.97029390000,3.1240,---,2004MNRAS.350..167M,---,,,---,--,---,,,0,,,---,---,---,---,---,---,---,,--,0,---,---,---,---,---,---,---,---,---,---,---,---,---,---,---,---,---,---,---,---,---,---,---,0,,---,---,---,---,---,---,---,---
PMNJ0134-0931,B,01,34,35.6645,-,09,31,03.056,Quad,0.733000,23.64860190000,-9.51751560000,Publication,Winn,2002,2002ApJ...564..143W,,---,,23.64860190000,-9.51751560000,23.64867152740,-9.51749652805,2.2250,---,2006ApJ...641...70O,---,,,---,--,0.00378305,KEEP(SPEC),EXTERNAL_NED_2016SDSSD.C...0000:,0,,,---,---,---,---,---,---,---,,--,0,---,---,---,---,---,---,---,---,---,---,---,---,---,---,---,---,---,---,---,---,---,---,---,1,J013435.66-093102.9,12.607,11.501,8.388,6.582,0.023,0.021,0.025,0.074
PMNJ0134-0931,A,01,34,35.6663,-,09,31,02.884,Quad,0.733000,23.64860970960,-9.51746771220,Gaia_DR3,Winn,2002,2002ApJ...564..143W,,---,,23.64864020000,-9.51746810000,23.64867152740,-9.51749652805,2.2250,0.7660,2006ApJ...641...70O,---,,,---,--,0.00378305,KEEP(SPEC),EXTERNAL_NED_2016SDSSD.C...0000:,1,DR3Gaia013435.666-093102.90,1,30,0.41274606031,92.22030,-0.16611130845,62.79919,20.4693,0.15503,0,0,1,2464928391699317504,23.64860734484,3.6343,-9.51747326175,4.8577,---,---,---,---,---,---,---,---,20.853998,0.026093,21.488352,0.288391,19.062164,0.082418,2.597,2.426188,20.853998,0.026093,0,,---,---,---,---,---,---,---,---
PMNJ0134-0931,D,01,34,35.6874,-,09,31,02.695,Quad,0.733000,23.64869770000,-9.51741530000,Publication,Winn,2002,2002ApJ...564..143W,,---,,23.64869770000,-9.51741530000,23.64867152740,-9.51749652805,2.2250,---,2006ApJ...641...70O,---,,,---,--,0.81909000,KEEP(spec),VizieR_J/ApJS/267/37/table5,0,,,---,---,---,---,---,---,---,,--,0,---,---,---,---,---,---,---,---,---,---,---,---,---,---,---,---,---,---,---,---,---,---,---,0,,---,---,---,---,---,---,---,---
PMNJ0134-0931,C,01,34,35.7064,-,09,31,03.315,Quad,0.733000,23.64877680000,-9.51758750000,Publication,Winn,2002,2002ApJ...564..143W,,---,,23.64877680000,-9.51758750000,23.64867152740,-9.51749652805,2.2250,---,2006ApJ...641...70O,---,,,---,--,0.81909000,KEEP(spec),VizieR_J/ApJS/267/37/table5,0,,,---,---,---,---,---,---,---,,--,0,---,---,---,---,---,---,---,---,---,---,---,---,---,---,---,---,---,---,---,---,---,---,---,0,,---,---,---,---,---,---,---,---
J0140-1152,A,01,40,02.9552,-,11,52,19.224,Double,1.466000,25.01231320340,-11.87200680150,Gaia_DR3,Lemon,2018,2018MNRAS.479.5060L,,---,,25.01247170000,-11.87196940000,25.01251282880,-11.87206438645,1.8050,0.2770,2018MNRAS.475.2086A,1.805,pG,AGNEL2,1.805069,0,---,,,1,DR3Gaia014002.955-115219.22,2,54,0.43654720563,66.19258,-0.20720563746,52.79258,18.6007,0.13461,0,0,1,2457482365811994368,25.01231334799,0.2213,-11.87200619357,0.1816,0.4458,0.2528,1.7636,1.555,0.002,0.298,-1.555,0.228,18.600456,0.006076,18.388529,0.034149,17.391070,0.027918,2.164,0.997459,18.603849,0.006091,1,J014002.99-115219.3,14.370,13.540,10.967,8.844,0.028,0.033,0.098,0.478
J0140-1152,G,01,40,02.9932,-,11,52,19.090,Double,1.466000,25.01247170000,-11.87196940000,Gaia_FPR,Lemon,2018,2018MNRAS.479.5060L,,---,,25.01247170000,-11.87196940000,25.01251282880,-11.87206438645,---,0.2770,2018MNRAS.475.2086A,1.805,pG,AGNEL2,---,--,---,,,1,DR3Gaia014002.955-115219.22,3,11,0.43654998208,80.46418,-0.20720651749,60.09149,20.3707,0.09909,0,0,0,---,---,---,---,---,---,---,---,---,---,---,---,---,---,---,---,---,---,---,---,---,---,---,0,,---,---,---,---,---,---,---,---
J0140-1152,B,01,40,03.0510,-,11,52,19.639,Double,1.466000,25.01271245420,-11.87212197140,Gaia_DR3,Lemon,2018,2018MNRAS.479.5060L,,---,,25.01208000000,-11.87208330000,25.01251282880,-11.87206438645,1.8050,---,2018MNRAS.475.2086A,1.805,pG,AGNEL2,---,--,---,,,1,DR3Gaia014002.955-115219.22,1,54,0.43655415109,66.86293,-0.20720764097,52.61720,18.8394,0.14523,0,0,1,2457482365812447360,25.01271242243,0.4258,-11.87212214199,0.5828,-0.6959,0.3217,-2.1632,0.615,-0.037,0.458,0.614,0.610,18.766735,0.006643,---,---,---,---,---,---,18.766735,0.006643,0,,---,---,---,---,---,---,---,---
PSJ0140+4107,B,01,40,49.0083,+,41,07,59.954,Double,1.328000,25.20420142650,41.13332048210,Gaia_DR3,Lemon,2018,2018MNRAS.479.5060L,,---,,25.20420000000,41.13331000000,25.20434595740,41.13346935945,2.5000,---,2018MNRAS.479.5060L,2.500,pG,LEMON,---,--,---,,,1,DR3Gaia014049.078+410801.03,2,40,0.43989620941,49.18485,0.71791190360,56.78374,17.7434,0.11211,0,0,1,347285940248976896,25.20420145036,0.1159,41.13332045826,0.1191,-0.0782,0.1408,-0.5552,0.102,-0.015,0.150,0.101,0.135,17.680895,0.005766,17.650923,0.021052,16.992924,0.020917,1.539,0.657999,17.680895,0.005766,1,J014049.02+410800.1,14.118,13.206,9.654,7.351,0.027,0.029,0.050,0.168
PSJ0140+4107,A,01,40,49.0777,+,41,08,01.026,Double,1.328000,25.20449048830,41.13361823680,Gaia_DR3,Lemon,2018,2018MNRAS.479.5060L,,---,,25.20420000000,41.13331000000,25.20434595740,41.13346935945,2.5000,---,2018MNRAS.479.5060L,2.500,pG,LEMON,---,--,---,,,1,DR3Gaia014049.078+410801.03,1,41,0.43990129130,53.04708,0.71791704657,56.52131,18.5522,0.09818,0,0,1,347285940250887296,25.20449044111,0.2442,41.13361822753,0.1978,-0.1281,0.2767,-0.4630,0.266,-0.204,0.241,0.171,0.225,18.472668,0.008739,---,---,---,---,---,---,18.472668,0.008739,0,,---,---,---,---,---,---,---,---
Q0142-100,A,01,45,16.5958,-,09,45,17.265,Double,2.233000,26.31914899790,-9.75479580830,Gaia_DR3,Surdej,1987,1987Natur.329..695S,,---,,26.31875000000,-9.75472220000,26.31945144530,-9.75488125665,2.7190,0.4910,2007A&A...465...51E,---,,,2.730179,0,2.72438900,KEEP(0),EXTERNAL_SDSSDR18_BOSS,1,DR3Gaia014516.596-094517.26,2,41,0.45935578232,48.05595,-0.17025333421,44.04188,16.8262,0.13410,0,0,1,2464353660650971520,26.31914899403,0.0564,-9.75479580048,0.0413,-0.0604,0.0757,-0.7974,0.066,-0.065,0.071,0.016,0.049,16.757536,0.004081,16.940271,0.014466,16.356850,0.014732,1.222,0.583422,16.757536,0.004081,1,J014516.62-094517.4,13.486,12.635,9.510,7.412,0.025,0.024,0.036,0.117
Q0142-100,G,01,45,16.6193,-,09,45,17.574,Double,2.233000,26.31924720000,-9.75488170000,Publication,Surdej,1987,1987Natur.329..695S,,---,,26.31924720000,-9.75488170000,26.31945144530,-9.75488125665,---,0.4910,2007A&A...465...51E,---,,,---,--,2.72438900,KEEP(0),EXTERNAL_SDSSDR18_BOSS,0,,,---,---,---,---,---,---,---,,--,0,---,---,---,---,---,---,---,---,---,---,---,---,---,---,---,---,---,---,---,---,---,---,---,0,,---,---,---,---,---,---,---,---
Q0142-100,B,01,45,16.7409,-,09,45,17.880,Double,2.233000,26.31975389270,-9.75496670500,Gaia_DR3,Surdej,1987,1987Natur.329..695S,,---,,26.31934890000,-9.75489250000,26.31945144530,-9.75488125665,2.7190,---,2007A&A...465...51E,---,,,2.730433,0,2.71900000,,VizieR_J/AJ/150/111/table2,1,DR3Gaia014516.596-094517.26,1,42,0.45936623138,66.16214,-0.17025628844,37.13348,19.0286,0.14241,0,0,1,2464353656357088512,26.31975368291,0.2704,-9.75496671988,0.1974,-1.6395,0.3624,-4.5243,0.420,-0.420,0.338,0.014,0.240,19.044200,0.005309,18.989006,0.043790,18.032322,0.044395,1.832,0.956684,19.044200,0.005309,0,,---,---,---,---,---,---,---,---
WGA0146-1133,A,01,46,33.,-,11,33,40.,Double,1.675208,26.63690460660,-11.56113192810,Gaia_DR3,Agnello,2018,2018MNRAS.475.2086A,,---,,26.63698000000,-11.56082100000,26.63700252040,-11.56091995615,1.4400,---,2018MNRAS.479.5060L,1.440,pG,LEMON,---,--,1.44279003,,VizieR_J/A+A/683/A112/lqac6,1,DR3Gaia014632.857-113340.08,3,42,0.46490172552,57.83580,-0.20177984794,49.74502,18.8315,0.15171,0,0,1,2460545948804796032,26.63690464297,0.2325,-11.56113198416,0.1497,0.1385,0.2854,0.4854,0.455,-0.125,0.245,0.437,0.182,18.739594,0.005698,18.687849,0.067131,17.741678,0.066992,1.816,0.946171,18.743178,0.005712,1,J014632.87-113339.2,14.174,13.078,10.452,8.346,0.026,0.026,0.064,0.240
WGA0146-1133,B,01,46,33.,-,11,33,39.,Double,1.675208,26.63710043420,-11.56070798420,Gaia_DR3,Agnello,2018,2018MNRAS.475.2086A,,---,,26.63698000000,-11.56082100000,26.63700252040,-11.56091995615,1.4400,---,2018MNRAS.479.5060L,1.440,pG,LEMON,---,--,1.44279003,,VizieR_J/A+A/683/A112/lqac6,1,DR3Gaia014632.857-113340.08,2,42,0.46490515969,47.84383,-0.20177244051,42.66778,18.7879,0.18975,0,0,1,2460545944509354368,26.63710038184,0.1995,-11.56070805576,0.1515,-0.2790,0.2574,-1.0841,0.583,-0.371,0.234,-0.451,0.193,18.748830,0.005549,18.458166,0.055005,17.655874,0.041485,2.100,0.802292,18.752630,0.005564,0,,---,---,---,---,---,---,---,---
2MASXJ01471020+4630433,B,01,47,10.0651,+,46,30,43.713,Quad,3.264000,26.79193806050,46.51214252718,Gaia_DR3,Berghea,2017,2017ApJ...844...90B,,---,,26.79193806000,46.51214253000,26.79239831959,46.51190966354,2.3770,---,2023A&A...672A..20M,---,,,---,--,---,,,0,,,---,---,---,---,---,---,---,,--,1,350937280925970432,26.79193806050,0.0724,46.51214252718,0.0760,0.0703,0.0958,0.7339,0.058,0.055,0.088,-0.017,0.104,16.717360,0.003751,16.322296,0.150637,15.363652,0.220523,---,0.958644,16.720903,0.003757,0,,---,---,---,---,---,---,---,---
2MASXJ01471020+4630433,D,01,47,10.1527,+,46,30,40.577,Quad,3.264000,26.79230294749,46.51127146433,Gaia_DR3,Berghea,2017,2017ApJ...844...90B,,---,,26.79230173000,46.51127253000,26.79239831959,46.51190966354,2.3770,0.6780,2023A&A...672A..20M,---,,,---,--,---,,,0,,,---,---,---,---,---,---,---,,--,1,350937280925971456,26.79230294749,0.1612,46.51127146433,0.1394,-0.0247,0.1975,-0.1252,0.120,0.087,0.229,0.083,0.185,18.299519,0.004456,18.376976,0.049431,17.604406,0.035447,---,0.772570,18.303302,0.004465,0,,---,---,---,---,---,---,---,---
2MASXJ01471020+4630433,G,01,47,10.1691,+,46,30,41.740,Quad,3.264000,26.79237115000,46.51159447000,HST,Berghea,2017,2017ApJ...844...90B,,---,,26.79237115000,46.51159447000,26.79239831959,46.51190966354,---,0.6780,2023A&A...672A..20M,---,,,---,--,---,,,0,,,---,---,---,---,---,---,---,,--,0,---,---,---,---,---,---,---,---,---,---,---,---,---,---,---,---,---,---,---,---,---,---,---,0,,---,---,---,---,---,---,---,---
2MASXJ01471020+4630433,A,01,47,10.1857,+,46,30,43.811,Quad,3.264000,26.79244024150,46.51216972702,Gaia_DR3,Berghea,2017,2017ApJ...844...90B,,---,,26.79244139000,46.51217030000,26.79239831959,46.51190966354,2.3770,---,2023A&A...672A..20M,---,,,---,--,---,,,0,,,---,---,---,---,---,---,---,,--,1,350937280928094336,26.79244024150,0.1907,46.51216972702,0.2028,0.1952,0.2712,0.7197,0.690,0.219,0.248,0.654,0.252,15.943993,0.004299,15.685420,0.031498,14.825598,0.029621,---,0.859822,15.946085,0.004304,0,,---,---,---,---,---,---,---,---
2MASXJ01471020+4630433,C,01,47,10.2989,+,46,30,43.398,Quad,3.264000,26.79291202888,46.51205493565,Gaia_DR3,Berghea,2017,2017ApJ...844...90B,,---,,26.79291040000,46.51205642000,26.79239831959,46.51190966354,2.3770,---,2023A&A...672A..20M,---,,,---,--,---,,,0,,,---,---,---,---,---,---,---,,--,1,350937280925970304,26.79291202888,0.1567,46.51205493565,0.2672,0.0969,0.1496,0.6473,0.848,-0.483,0.168,-0.697,0.289,16.173119,0.004394,16.293459,0.027022,15.535501,0.008238,---,0.757958,16.176885,0.004403,0,,---,---,---,---,---,---,---,---
DESJ0150-4041,A,01,50,56.8313,-,40,41,44.102,Double,2.817000,27.73679691260,-40.69558395470,Gaia_DR3,Agnello,2018,2018MNRAS.479.4345A,Lemon,2020,2020MNRAS.494.3491L,27.73679814970,-40.69558400170,27.73731278005,-40.69559155100,1.8500,---,2020MNRAS.494.3491L,0.800,jG,0530,---,--,1.85630000,,VizieR_J/A+A/683/A112/lqac6,1,DR3Gaia015056.831-404144.11,2,14,0.48409862107,66.47902,-0.71027192752,68.38418,20.6395,0.17555,0,0,1,4960819894125714944,27.73679783032,2.4463,-40.69558511815,3.0972,---,---,---,---,---,---,---,---,20.883295,0.027099,20.294899,0.080156,18.992151,0.058493,3.649,1.302748,20.883295,0.027099,0,,---,---,---,---,---,---,---,---
DESJ0150-4041,B,01,50,57.0789,-,40,41,44.157,Double,2.817000,27.73782864750,-40.69559914730,Gaia_DR3,Agnello,2018,2018MNRAS.479.4345A,Lemon,2020,2020MNRAS.494.3491L,27.73783155050,-40.69559702000,27.73731278005,-40.69559155100,1.8500,---,2020MNRAS.494.3491L,0.800,jG,0530,1.856305,0,1.85630000,,VizieR_J/A+A/683/A112/lqac6,1,DR3Gaia015056.831-404144.11,1,79,0.48411644752,48.64962,-0.71027215319,61.59435,19.4365,0.13117,0,0,1,4960819889830814592,27.73782864925,0.1410,-40.69559914075,0.1862,-0.4373,0.2308,-1.8947,0.092,-0.024,0.161,-0.089,0.208,19.372234,0.006867,19.574965,0.034920,18.782670,0.038562,1.326,0.792295,19.372234,0.006867,0,,---,---,---,---,---,---,---,---
J0152-2448,A,01,52,19.0993,-,24,48,37.028,Double,1.912000,28.07958037645,-24.81028547381,Gaia_DR3,Spiniello,2019,2019MNRAS.483.3888S,Lemon,2023,2023MNRAS.520.3305L,28.07958041170,-24.81028545230,28.07966362123,-24.81053999663,1.6920,---,2019MNRAS.483.3888S,---,,,---,--,---,,,0,,,---,---,---,---,---,---,---,,--,1,5026013408869280128,28.07958037645,0.1051,-24.81028547381,0.1121,0.3685,0.1770,2.0819,0.344,0.343,0.166,-0.036,0.156,18.623820,0.003898,18.634320,0.023879,17.889875,0.023399,1.546,0.744444,18.623820,0.003898,0,,---,---,---,---,---,---,---,---
J0152-2448,G,01,52,19.1312,-,24,48,38.311,Double,1.912000,28.07971323000,-24.81064184000,Publication,Spiniello,2019,2019MNRAS.483.3888S,Lemon,2023,2023MNRAS.520.3305L,28.07971323000,-24.81064184000,28.07966362123,-24.81053999663,---,0.2200,2019MNRAS.483.3888S,---,,,---,--,---,,,0,,,---,---,---,---,---,---,---,,--,0,---,---,---,---,---,---,---,---,---,---,---,---,---,---,---,---,---,---,---,---,---,---,---,0,,---,---,---,---,---,---,---,---
J0152-2448,B,01,52,19.1392,-,24,48,38.860,Double,1.912000,28.07974686600,-24.81079451944,Gaia_DR3,Spiniello,2019,2019MNRAS.483.3888S,Lemon,2023,2023MNRAS.520.3305L,28.07974678890,-24.81079446720,28.07966362123,-24.81053999663,1.6920,---,2019MNRAS.483.3888S,---,,,---,--,---,,,0,,,---,---,---,---,---,---,---,,--,1,5026013340149803520,28.07974686600,0.4458,-24.81079451944,0.4639,-0.1270,0.6702,-0.1895,1.311,1.088,0.680,0.731,0.617,20.289370,0.006461,---,---,---,---,---,---,20.289370,0.006461,0,,---,---,---,---,---,---,---,---
J0156-2751,B,01,56,24.8907,-,27,51,22.048,Double,1.499000,29.10371136860,-27.85612449820,Gaia_DR3,Lemon,2023,2023MNRAS.520.3305L,,---,,29.10390000000,-27.85620000000,29.10394465620,-27.85615314985,2.9700,---,2023MNRAS.520.3305L,2.970,jG,LEMON4,3.001508,16,3.00151000,,VizieR_J/A+A/683/A112/lqac6,1,DR3Gaia015624.891-275122.05,1,47,0.50795556583,52.68447,-0.48618112456,60.32891,20.3321,0.17772,0,0,1,5024429528010569856,29.10371134563,0.4802,-27.85612453624,0.4573,0.6865,0.7686,0.8932,1.545,0.956,0.819,-1.214,0.635,20.392847,0.006427,20.289139,0.101444,19.363125,0.082110,1.885,0.926014,20.396490,0.006445,1,J015624.94-275122.2,15.465,14.680,11.577,9.087,0.039,0.054,0.164,0.517
J0156-2751,A,01,56,25.0027,-,27,51,22.254,Double,1.499000,29.10417794380,-27.85618180150,Gaia_DR3,Lemon,2023,2023MNRAS.520.3305L,,---,,29.10390000000,-27.85620000000,29.10394465620,-27.85615314985,2.9700,---,2023MNRAS.520.3305L,2.970,jG,LEMON4,2.964189,16,3.00151000,,VizieR_J/A+A/683/A112/lqac6,1,DR3Gaia015624.891-275122.05,2,47,0.50796377826,65.66702,-0.48618208090,75.08466,20.3314,0.14453,0,0,1,5024429528010102144,29.10417781277,0.4470,-27.85618174818,0.3942,-0.2444,0.7413,-0.3297,0.957,0.896,0.794,0.336,0.626,20.347628,0.006437,20.106318,0.118733,19.258806,0.101165,2.053,0.847511,20.351413,0.006456,0,,---,---,---,---,---,---,---,---
QJ0158-4325,B,01,58,41.3276,-,43,25,04.057,Double,1.222000,29.67219827370,-43.41779368050,Gaia_DR3,Morgan,1999,1999AJ....118.1444M,,---,,29.67222460000,-43.41794390000,29.67241921755,-43.41773857930,1.2940,---,2010A&A...518A..10V,---,,,---,--,0.31700000,KEEP(    ),EXTERNAL_NED_2009A&A...496..361F,1,DR3Gaia015841.434-432503.66,1,70,0.51787765497,57.38224,-0.75778339630,50.15279,19.1982,0.15469,0,0,1,4956574748451377408,29.67219809889,0.2102,-43.41779368824,0.3442,0.1951,0.2885,0.6763,0.489,-0.038,0.225,-0.488,0.389,19.185888,0.006052,---,---,---,---,---,---,19.185888,0.006052,1,J015841.40-432503.7,13.795,12.612,9.961,8.180,0.025,0.024,0.052,0.233
QJ0158-4325,A,01,58,41.4336,-,43,25,03.661,Double,1.222000,29.67264016140,-43.41768347810,Gaia_DR3,Morgan,1999,1999AJ....118.1444M,,---,,29.67266670000,-43.41783330000,29.67241921755,-43.41773857930,1.2940,0.3170,2010A&A...518A..10V,---,,,1.288489,0,0.31700000,KEEP(    ),EXTERNAL_NED_2009A&A...496..361F,1,DR3Gaia015841.434-432503.66,2,67,0.51788524830,41.60173,-0.75778154791,48.09952,17.7502,0.14894,0,0,1,4956574748449686272,29.67264014967,0.0702,-43.41768340557,0.0908,-0.1240,0.1070,-1.1588,0.402,-0.082,0.085,0.394,0.127,17.597560,0.004278,17.523367,0.014936,17.010529,0.013126,1.499,0.512838,17.597560,0.004278,0,,---,---,---,---,---,---,---,---
J0200-1509,B,02,00,20.9022,-,15,09,39.309,Double,0.779000,30.08709266460,-15.16091910940,Gaia_DR3,Lemon,2023,2023MNRAS.520.3305L,,---,,30.08720000000,-15.16090000000,30.08719885690,-15.16088427220,1.1850,---,2023MNRAS.520.3305L,1.185,pG,LEMON4,---,--,---,,,1,DR3Gaia020020.953-150939.06,1,20,0.52511904642,67.40767,-0.26460795432,62.26735,20.3289,0.19871,0,0,1,5148785182169525248,30.08709299719,3.0197,-15.16091818539,2.3147,---,---,---,---,---,---,---,---,20.500515,0.030781,---,---,---,---,---,---,20.500515,0.030781,1,J020020.92-150939.2,15.035,14.158,11.395,8.567,0.034,0.041,0.175,---
J0200-1509,A,02,00,20.9532,-,15,09,39.058,Double,0.779000,30.08730504920,-15.16084943500,Gaia_DR3,Lemon,2023,2023MNRAS.520.3305L,,---,,30.08720000000,-15.16090000000,30.08719885690,-15.16088427220,1.1850,---,2023MNRAS.520.3305L,1.185,pG,LEMON4,---,--,---,,,1,DR3Gaia020020.953-150939.06,2,33,0.52512251817,66.11266,-0.26460680315,55.93195,19.8797,0.17163,0,0,1,5148785186464567168,30.08730361534,1.4343,-15.16084951596,0.7954,---,---,---,---,---,---,---,---,19.904005,0.016450,19.422638,0.064592,18.701527,0.076624,2.404,0.721111,19.904005,0.016450,0,,---,---,---,---,---,---,---,---
J0203+1612,A,02,03,59.3731,+,16,12,09.600,Double,2.213000,30.99738774980,16.20266656600,Gaia_DR3,Lemon,2019,2019MNRAS.483.4242L,,---,,30.99770000000,16.20213000000,30.99754387490,16.20239828300,2.1800,0.4880,2019MNRAS.483.4242L,2.180,gG,LEMON2,---,--,---,,,1,DR3Gaia020359.373+161209.60,1,9,0.54100663117,78.12743,0.28278979475,39.89324,20.5677,0.15329,0,0,1,78702389482720512,30.99738891792,3.0945,16.20266770128,2.0293,---,---,---,---,---,---,---,---,20.787573,0.022258,21.019339,0.226591,19.936575,0.255359,1.508,1.082764,20.787573,0.022258,0,,---,---,---,---,---,---,---,---
J0203+1612,B,02,03,59.4480,+,16,12,07.668,Double,2.213000,30.99770000000,16.20213000000,Publication,Lemon,2019,2019MNRAS.483.4242L,,---,,30.99770000000,16.20213000000,30.99754387490,16.20239828300,2.1800,---,2019MNRAS.483.4242L,2.180,gG,LEMON2,---,--,---,,,0,,,---,---,---,---,---,---,---,,--,0,---,---,---,---,---,---,---,---,---,---,---,---,---,---,---,---,---,---,---,---,---,---,---,1,J020359.42+161208.0,14.876,14.228,11.617,9.103,0.032,0.045,0.191,0.417
J0209-3841,B,02,09,13.1088,-,38,41,46.410,Double,1.231000,32.30461987840,-38.69622509130,Gaia_DR3,Lemon,2023,2023MNRAS.520.3305L,,---,,32.30470000000,-38.69610000000,32.30466161905,-38.69605726440,2.8700,---,2023MNRAS.520.3305L,2.870,jG,LEMON4,---,--,---,,,1,DR3Gaia020913.129-384145.20,2,45,0.56382191149,61.71010,-0.67537658681,76.56449,20.4542,0.16314,0,0,1,4964421000865877248,32.30461976490,0.4604,-38.69622487712,0.6106,-0.8529,0.8733,-0.9766,1.425,0.975,0.593,1.040,0.933,20.565348,0.008471,---,---,---,---,---,---,20.565348,0.008471,1,J020913.12-384145.9,15.629,14.810,11.716,8.690,0.038,0.054,0.168,---
J0209-3841,A,02,09,13.1288,-,38,41,45.202,Double,1.231000,32.30470335970,-38.69588943750,Gaia_DR3,Lemon,2023,2023MNRAS.520.3305L,,---,,32.30470000000,-38.69610000000,32.30466161905,-38.69605726440,2.8700,---,2023MNRAS.520.3305L,2.870,jG,LEMON4,2.869426,16,---,,,1,DR3Gaia020913.129-384145.20,1,58,0.56382348696,60.52086,-0.67537063193,80.06262,20.1633,0.14234,0,0,1,4964421000864875904,32.30470318683,0.2692,-38.69588947374,0.3755,0.2160,0.4413,0.4896,1.128,0.937,0.371,-0.629,0.572,20.209059,0.008041,19.888536,0.053673,19.280548,0.080337,1.964,0.607988,20.212332,0.008062,0,,---,---,---,---,---,---,---,---
WG0214-2105,B,02,14,16.3088,-,21,05,35.394,Quad,1.852000,33.56795321025,-21.09316500354,Gaia_DR3,Spiniello,2019,2019MNRAS.485.5086S,,---,,33.56795378000,-21.09316427000,33.56818039993,-21.09310535562,3.2290,---,2023MNRAS.518.1260S,---,,,---,--,---,,,0,,,---,---,---,---,---,---,---,,--,1,5124658637176714112,33.56795321025,0.6398,-21.09316500354,0.5781,-2.1978,0.8668,-2.5355,3.801,3.549,0.962,-1.362,0.675,20.207384,0.010865,19.393932,0.060804,18.599760,0.072000,---,0.794172,20.211182,0.010901,0,,---,---,---,---,---,---,---,---
WG0214-2105,A,02,14,16.3407,-,21,05,34.461,Quad,1.852000,33.56808645075,-21.09290593531,Gaia_DR3,Spiniello,2019,2019MNRAS.485.5086S,,---,,33.56808656000,-21.09290705000,33.56818039993,-21.09310535562,3.2290,---,2023MNRAS.518.1260S,---,,,---,--,---,,,0,,,---,---,---,---,---,---,---,,--,1,5124658637175794048,33.56808645075,0.7995,-21.09290593531,0.7009,-2.7116,1.0471,-2.5897,4.373,-3.119,1.054,-3.064,0.952,20.268795,0.011901,19.570301,0.096552,18.741798,0.055320,---,0.828503,20.272592,0.011940,0,,---,---,---,---,---,---,---,---
WG0214-2105,G,02,14,16.3644,-,21,05,35.270,Quad,1.852000,33.56818511000,-21.09313066000,HST,Spiniello,2019,2019MNRAS.485.5086S,,---,,33.56818511000,-21.09313066000,33.56818039993,-21.09310535562,---,0.2200,2023MNRAS.518.1260S,---,,,---,--,---,,,0,,,---,---,---,---,---,---,---,,--,0,---,---,---,---,---,---,---,---,---,---,---,---,---,---,---,---,---,---,---,---,---,---,---,0,,---,---,---,---,---,---,---,---
WG0214-2105,C,02,14,16.3991,-,21,05,36.123,Quad,1.852000,33.56832950872,-21.09336760365,Gaia_DR3,Spiniello,2019,2019MNRAS.485.5086S,,---,,33.56832951000,-21.09336760000,33.56818039993,-21.09310535562,3.2290,0.4500,2023MNRAS.518.1260S,---,,,---,--,---,,,0,,,---,---,---,---,---,---,---,,--,1,5124658637175794304,33.56832950872,0.3849,-21.09336760365,0.4617,-1.4706,0.5965,-2.4653,1.133,0.630,0.537,0.942,0.686,20.266930,0.011672,19.602331,0.126919,18.876001,0.108193,---,0.726330,20.270642,0.011710,0,,---,---,---,---,---,---,---,---
WG0214-2105,D,02,14,16.4046,-,21,05,34.738,Quad,1.852000,33.56835243000,-21.09298288000,HST,Spiniello,2019,2019MNRAS.485.5086S,,---,,33.56835243000,-21.09298288000,33.56818039993,-21.09310535562,3.2290,---,2023MNRAS.518.1260S,---,,,---,--,---,,,0,,,---,---,---,---,---,---,---,,--,0,---,---,---,---,---,---,---,---,---,---,---,---,---,---,---,---,---,---,---,---,---,---,---,0,,---,---,---,---,---,---,---,---
OGLEJ021812.34-733535.8,A,02,18,12.3666,-,73,35,35.680,Double,1.486000,34.55152746480,-73.59324446970,Gaia_DR3,Kostrzewa-Rutkowska,2018,2018MNRAS.476..663K,,---,,34.55141670000,-73.59327780000,34.55175564615,-73.59344052375,2.1600,---,2018MNRAS.476..663K,2.160,jG,WARSAW,2.155379,16,2.15538000,,VizieR_J/A+A/683/A112/lqac6,1,DR3Gaia021812.366-733535.68,1,33,0.60303778722,60.36267,-1.28444448931,68.95830,20.2505,0.10976,0,0,1,4643616493228910080,34.55152704353,0.4276,-73.59324425198,0.4496,-0.3691,0.4477,-0.8245,1.020,-0.074,0.612,-1.017,0.712,20.250982,0.007765,20.064693,0.079035,19.523186,0.099343,1.684,0.541508,20.253840,0.007783,1,J021812.40-733536.3,15.409,14.701,12.158,9.060,0.031,0.038,0.194,---
OGLEJ021812.34-733535.8,B,02,18,12.4761,-,73,35,37.092,Double,1.486000,34.55198382750,-73.59363657780,Gaia_DR3,Kostrzewa-Rutkowska,2018,2018MNRAS.476..663K,,---,,34.55141670000,-73.59327780000,34.55175564615,-73.59344052375,2.1600,---,2018MNRAS.476..663K,2.160,jG,WARSAW,---,--,2.15538000,,VizieR_J/A+A/683/A112/lqac6,1,DR3Gaia021812.366-733535.68,2,21,0.60304569476,61.06623,-1.28445122815,65.59418,20.5722,0.13635,0,0,1,4643616488933676160,34.55198260948,0.9014,-73.59363575208,0.9392,0.9716,0.7844,1.2387,3.819,1.023,1.276,-3.680,1.546,20.692587,0.012016,20.307945,0.194129,19.701508,0.048128,2.082,0.606438,20.695852,0.012050,0,,---,---,---,---,---,---,---,---
B0218+357,A,02,21,05.4937,+,35,56,13.863,Double,0.182000,35.27289048800,35.93718409460,Gaia_DR3,Browne,1993,1993MNRAS.263L..32B,,---,,35.27284580000,35.93716110000,35.27292084400,35.93719009730,0.9440,0.6847,2012A&A...538A..99S,---,,,---,--,---,,,1,DR3Gaia022105.494+355613.86,1,36,0.61562808904,72.10255,0.62722223344,67.92617,19.8954,0.13600,0,0,1,328069053976561536,35.27289065127,0.6789,35.93718395240,0.5596,-0.2234,0.7549,-0.2960,1.529,1.268,1.042,0.853,0.810,20.089766,0.007478,20.604012,0.089142,18.709099,0.037093,1.953,1.894913,20.082737,0.007436,1,J022105.48+355613.7,12.654,11.517,8.803,6.546,0.023,0.022,0.027,0.065
B0218+357,G,02,21,05.4977,+,35,56,13.826,Double,0.182000,35.27290690000,35.93717390000,Publication,Browne,1993,1993MNRAS.263L..32B,,---,,35.27290690000,35.93717390000,35.27292084400,35.93719009730,---,0.6847,2012A&A...538A..99S,---,,,---,--,---,,,0,,,---,---,---,---,---,---,---,,--,0,---,---,---,---,---,---,---,---,---,---,---,---,---,---,---,---,---,---,---,---,---,---,---,0,,---,---,---,---,---,---,---,---
B0218+357,B,02,21,05.5083,+,35,56,13.906,Double,0.182000,35.27295120000,35.93719610000,Publication,Browne,1993,1993MNRAS.263L..32B,,---,,35.27295120000,35.93719610000,35.27292084400,35.93719009730,0.9440,---,2012A&A...538A..99S,---,,,---,--,---,,,0,,,---,---,---,---,---,---,---,,--,0,---,---,---,---,---,---,---,---,---,---,---,---,---,---,---,---,---,---,---,---,---,---,---,0,,---,---,---,---,---,---,---,---
HSCJ022622-042522,S,02,26,22.3196,-,04,25,22.799,Quad,0.000000,36.59299850460,-4.42299985890,Publication,Chan,2020,2020A&A...636A..87C,,---,,36.59299850464,-4.42299985886,36.59299850460,-4.42299985890,2.1460,1.1190,2009A&A...507...35A,---,,,---,--,1.15537150,REMOVE(2),EXTERNAL_PRIMUS_cfhtls_vvds,0,,,---,---,---,---,---,---,---,,--,0,---,---,---,---,---,---,---,---,---,---,---,---,---,---,---,---,---,---,---,---,---,---,---,1,J022622.35-042522.0,15.517,15.109,12.892,9.299,0.038,0.071,---,---
J0228+3953,A,02,28,11.0493,+,39,53,07.181,Double,1.572000,37.04603857090,39.88532801470,Gaia_DR3,Lemon,2019,2019MNRAS.483.4242L,,---,,37.04624400000,39.88536000000,37.04630627860,39.88525412365,2.0700,---,2019MNRAS.483.4242L,---,,,---,--,---,,,1,DR3Gaia022811.049+395307.18,1,23,0.64657521847,72.41076,0.69613022304,42.41061,20.1230,0.27171,0,0,1,337933769222851840,37.04603879411,0.6434,39.88532814453,0.5805,0.5375,0.7886,0.6816,1.359,-0.437,0.831,-1.286,0.700,20.195309,0.019773,19.989107,0.129933,19.099794,0.077340,2.031,0.889313,20.199036,0.019840,1,J022811.09+395307.2,15.003,14.009,10.887,8.571,0.034,0.046,0.118,0.384
J0228+3953,B,02,28,11.1778,+,39,53,06.649,Double,1.572000,37.04657398630,39.88518023260,Gaia_DR3,Lemon,2019,2019MNRAS.483.4242L,,---,,37.04624400000,39.88536000000,37.04630627860,39.88525412365,2.0700,---,2019MNRAS.483.4242L,---,,,---,--,---,,,1,DR3Gaia022811.049+395307.18,2,9,0.64658474418,43.49448,0.69612765827,51.59766,20.5642,0.19032,0,0,1,337933769221477248,37.04657420022,2.3681,39.88518021127,1.6398,---,---,---,---,---,---,---,---,20.759090,0.034119,---,---,---,---,---,---,20.759090,0.034119,0,,---,---,---,---,---,---,---,---
J0232-2429,B,02,32,15.6674,-,24,29,38.832,Double,1.438000,38.06528067860,-24.49412000040,Gaia_DR3,Lemon,2023,2023MNRAS.520.3305L,,---,,38.06550000000,-24.49420000000,38.06546814795,-24.49422384295,1.5780,---,2023MNRAS.520.3305L,---,,,---,--,1.57800000,,HEASARC_morx,1,DR3Gaia023215.757-242939.58,2,39,0.66436448741,51.11807,-0.42750307182,57.55186,19.4820,0.13591,0,0,1,5119328548402476288,38.06528049449,0.2582,-24.49412016255,0.4972,0.2684,0.4342,0.6182,0.568,-0.463,0.369,0.329,0.880,19.425066,0.005256,---,---,---,---,---,---,19.425066,0.005256,1,J023215.72-242939.2,14.441,13.323,10.335,7.848,0.027,0.027,0.054,0.117
J0232-2429,A,02,32,15.7573,-,24,29,39.580,Double,1.438000,38.06565561730,-24.49432768550,Gaia_DR3,Lemon,2023,2023MNRAS.520.3305L,,---,,38.06550000000,-24.49420000000,38.06546814795,-24.49422384295,1.5780,---,2023MNRAS.520.3305L,---,,,---,--,1.57800000,,HEASARC_morx,1,DR3Gaia023215.757-242939.58,1,39,0.66437099326,34.87582,-0.42750670892,42.03796,18.1022,0.25712,0,0,1,5119328548401927936,38.06565559437,0.0834,-24.49432771492,0.1104,-0.1738,0.1405,-1.2377,0.213,-0.205,0.111,-0.060,0.158,17.917892,0.004603,17.917750,0.023336,17.522163,0.025129,1.331,0.395586,17.917892,0.004603,0,,---,---,---,---,---,---,---,---
HE0230-2130,D,02,32,33.1303,-,21,17,25.062,Quad,2.187000,38.13804307875,-21.29029486778,Publication,Wisotzki,1999,1999A&A...348L..41W,,---,,38.13804307875,-21.29029486778,38.13824027726,-21.29049054299,2.1620,---,2006A&A...451..759E,---,,,---,--,2.16200000,KEEP(s),VizieR_J/ApJS/221/12/table1,0,,,---,---,---,---,---,---,---,,--,0,---,---,---,---,---,---,---,---,---,---,---,---,---,---,---,---,---,---,---,---,---,---,---,1,J023233.16-211725.7,14.018,12.985,10.056,7.788,0.025,0.025,0.049,0.132
HE0230-2130,G2,02,32,33.1344,-,21,17,24.598,Quad,2.187000,38.13805982208,-21.29016616194,Publication,Wisotzki,1999,1999A&A...348L..41W,,---,,38.13805982208,-21.29016616194,38.13824027726,-21.29049054299,---,0.5260,2006A&A...451..759E,---,,,---,--,2.16200000,KEEP(s),VizieR_J/ApJS/221/12/table1,0,,,---,---,---,---,---,---,---,,--,0,---,---,---,---,---,---,---,---,---,---,---,---,---,---,---,---,---,---,---,---,---,---,---,0,,---,---,---,---,---,---,---,---
HE0230-2130,B,02,32,33.1483,-,21,17,26.697,Quad,2.187000,38.13811786530,-21.29074907710,Gaia_DR3,Wisotzki,1999,1999A&A...348L..41W,,---,,38.13812480000,-21.29048440000,38.13824027726,-21.29049054299,2.1620,---,2006A&A...451..759E,---,,,---,--,2.16200000,,VizieR_J/ApJS/264/9/skewt,1,DR3Gaia023233.148-211726.70,1,59,0.66563578269,47.23511,-0.37159361650,53.37672,19.4642,0.16966,0,0,1,5126705515510051584,38.13811793626,0.2278,-21.29074923957,0.3745,0.2229,0.4821,0.4623,0.706,0.535,0.311,-0.460,0.434,19.384184,0.009449,18.613659,0.021428,18.158499,0.065878,2.776,0.455160,19.386311,0.009465,0,,---,---,---,---,---,---,---,---
HE0230-2130,G1,02,32,33.1565,-,21,17,25.651,Quad,2.187000,38.13815191083,-21.29045867500,Publication,Wisotzki,1999,1999A&A...348L..41W,,---,,38.13815191083,-21.29045867500,38.13824027726,-21.29049054299,---,0.5230,2006A&A...451..759E,---,,,---,--,2.16200000,KEEP(s),VizieR_J/ApJS/221/12/table1,0,,,---,---,---,---,---,---,---,,--,0,---,---,---,---,---,---,---,---,---,---,---,---,---,---,---,---,---,---,---,---,---,---,---,0,,---,---,---,---,---,---,---,---
HE0230-2130,A,02,32,33.1981,-,21,17,26.439,Quad,2.187000,38.13832535820,-21.29067744670,Gaia_DR3,Wisotzki,1999,1999A&A...348L..41W,,---,,38.13791670000,-21.29055560000,38.13824027726,-21.29049054299,2.1620,0.5230,2006A&A...451..759E,---,,,---,--,2.16200000,,VizieR_J/ApJS/264/9/skewt,1,DR3Gaia023233.148-211726.70,2,58,0.66563937050,47.99217,-0.37159235571,63.05181,19.2823,0.14857,0,0,1,5126705515511054080,38.13832520138,0.1960,-21.29067698706,0.3074,-0.9280,0.4179,-2.2206,1.525,-1.068,0.269,1.089,0.365,19.198260,0.012015,18.597681,0.038224,17.883220,0.029301,2.674,0.714460,19.201944,0.012054,0,,---,---,---,---,---,---,---,---
HE0230-2130,C,02,32,33.2340,-,21,17,24.867,Quad,2.187000,38.13847480680,-21.29024078040,Gaia_DR3,Wisotzki,1999,1999A&A...348L..41W,,---,,38.13827380000,-21.29004780000,38.13824027726,-21.29049054299,2.1620,---,2006A&A...451..759E,---,,,---,--,2.16200000,KEEP(s),VizieR_J/ApJS/221/12/table1,1,DR3Gaia023233.148-211726.70,3,56,0.66564198452,57.36328,-0.37158468980,65.01146,20.0974,0.15468,0,0,1,5126705515510051712,38.13847484228,0.2906,-21.29024041912,0.4149,-1.5437,0.6148,-2.5110,1.510,0.316,0.421,-1.477,0.518,20.072609,0.009996,---,---,---,---,---,---,20.072609,0.009996,0,,---,---,---,---,---,---,---,---
J0235-2433,A,02,35,27.4045,-,24,33,14.838,Double,2.044000,38.86418523110,-24.55412176760,Gaia_DR3,Lemon,2018,2018MNRAS.479.5060L,,---,,38.86445630000,-24.55392110000,38.86425066310,-24.55384415640,1.4400,---,2018MNRAS.479.5060L,1.440,pG,LEMON,---,--,---,,,1,DR3Gaia023527.404-243314.84,2,48,0.67830795649,47.97931,-0.42855029094,55.82080,19.1025,0.14309,0,0,1,5119104866505106688,38.86418525607,0.1379,-24.55412177248,0.1751,0.2441,0.2166,1.1267,0.377,0.376,0.185,-0.011,0.228,19.017008,0.005488,19.301085,0.215119,18.237112,0.192322,1.422,1.063973,19.020070,0.005500,0,,---,---,---,---,---,---,---,---
J0235-2433,B,02,35,27.4359,-,24,33,12.840,Double,2.044000,38.86431609510,-24.55356654520,Gaia_DR3,Lemon,2018,2018MNRAS.479.5060L,,---,,38.86432830000,-24.55336280000,38.86425066310,-24.55384415640,1.4400,---,2018MNRAS.479.5060L,1.440,pG,LEMON,---,--,---,,,1,DR3Gaia023527.404-243314.84,1,50,0.67831025354,49.57769,-0.42854067370,53.81982,18.5922,0.23392,0,0,1,5119104866505106816,38.86431611682,0.1097,-24.55356650842,0.1349,0.2147,0.1695,1.2663,0.471,0.403,0.154,0.244,0.182,18.520212,0.012230,18.460335,0.049497,17.425850,0.029261,1.920,1.034485,18.520212,0.012230,1,J023527.42-243313.8,14.002,13.024,10.291,7.711,0.026,0.025,0.053,0.110
J0235-2433,G,02,35,27.4402,-,24,33,13.546,Double,2.044000,38.86433412060,-24.55376275180,Gaia_DR3,Lemon,2018,2018MNRAS.479.5060L,,---,,38.86431000000,-24.55356000000,38.86425066310,-24.55384415640,---,---,2018MNRAS.479.5060L,1.440,pG,LEMON,---,--,---,,,1,DR3Gaia023527.404-243314.84,3,13,0.67831052986,57.23006,-0.42854400886,75.05089,20.4567,0.22043,0,0,1,5119104866505692800,38.86433200041,8.7170,-24.55376082724,6.0810,---,---,---,---,---,---,---,---,21.137878,0.033176,---,---,---,---,---,---,21.137878,0.033176,0,,---,---,---,---,---,---,---,---
DESJ0245-0556,A,02,45,25.5611,-,05,57,00.763,Double,1.902000,41.35650442840,-5.95021199610,Gaia_DR3,Agnello,2018,2018MNRAS.479.4345A,Lemon,2020,2020MNRAS.494.3491L,41.35650514960,-5.95021247254,41.35666116575,-5.94999867670,1.5400,---,2020MNRAS.494.3491L,1.540,pG,LEMON3,---,--,2.86949000,,VizieR_J/A+A/683/A112/lqac6,1,DR3Gaia024525.636-055659.23,1,22,0.72180724176,54.01567,-0.10385073874,46.82678,19.7180,0.16839,0,0,1,5184007624848431872,41.35650444180,0.8350,-5.95021204589,0.4682,-0.0655,0.4626,-0.1415,0.533,0.479,1.126,-0.233,0.560,19.723470,0.011630,---,---,---,---,---,---,19.723470,0.011630,1,J024525.60-055700.4,14.556,13.553,10.846,8.174,0.028,0.033,0.087,0.167
DESJ0245-0556,B,02,45,25.6363,-,05,56,59.227,Double,1.902000,41.35681790310,-5.94978535730,Gaia_DR3,Agnello,2018,2018MNRAS.479.4345A,Lemon,2020,2020MNRAS.494.3491L,41.35681023130,-5.94978556062,41.35666116575,-5.94999867670,1.5400,---,2020MNRAS.494.3491L,1.540,pG,LEMON3,---,--,2.86949000,,VizieR_J/A+A/683/A112/lqac6,1,DR3Gaia024525.636-055659.23,2,22,0.72181257743,65.13405,-0.10384333821,53.16564,19.3125,0.14870,0,0,1,5184007624848901888,41.35681787782,0.3146,-5.94978532638,0.2530,-0.4213,0.3149,-1.3380,0.389,-0.389,0.454,-0.026,0.322,19.197422,0.008424,19.148070,0.081239,18.483822,0.063586,1.571,0.664248,19.197422,0.008424,0,,---,---,---,---,---,---,---,---
GraLJ0246-1845,A,02,46,12.2456,-,18,45,05.661,Double,1.001000,41.55102329790,-18.75157247670,Gaia_DR3,Krone-Martins,2019,2019arXiv191208977K,Lemon,2020,2020MNRAS.494.3491L,41.55102585090,-18.75157388110,41.55102829215,-18.75143354915,1.8730,---,2019arXiv191208977K,1.873,pG,GGLS,---,--,1.87300000,,VizieR_J/ApJS/264/9/skewt,1,DR3Gaia024612.246-184505.66,2,28,0.72520212155,61.88980,-0.32727670637,51.55833,19.2941,0.15060,0,0,1,5129319295167434496,41.55102330003,0.2690,-18.75157252073,0.2437,0.3948,0.3030,1.3030,0.197,0.018,0.383,0.196,0.307,19.223705,0.007190,---,---,---,---,---,---,19.223705,0.007190,0,,---,---,---,---,---,---,---,---
GraLJ0246-1845,B,02,46,12.2480,-,18,45,04.661,Double,1.001000,41.55103328640,-18.75129462160,Gaia_DR3,Krone-Martins,2019,2019arXiv191208977K,Lemon,2020,2020MNRAS.494.3491L,41.55104544890,-18.75129843030,41.55102829215,-18.75143354915,1.8730,---,2019arXiv191208977K,1.873,pG,GGLS,---,--,1.87300000,,VizieR_J/ApJS/264/9/skewt,1,DR3Gaia024612.246-184505.66,1,25,0.72520221965,34.01191,-0.32727177558,33.05747,18.5281,0.15696,0,0,1,5129319295167900800,41.55103333077,0.1555,-18.75129467590,0.1694,-0.4654,0.2063,-2.2555,0.102,-0.073,0.213,0.070,0.213,18.427523,0.006121,18.247635,0.033174,17.716343,0.032817,1.666,0.531292,18.427523,0.006121,1,J024612.24-184505.1,15.070,14.032,10.882,8.092,0.033,0.035,0.085,0.178
SDSS0246-0825,B,02,46,34.0468,-,08,25,35.580,Double,1.096000,41.64186161590,-8.42654992910,Gaia_DR3,Inada,2005,2005AJ....130.1967I,,---,,41.64187260000,-8.42654890000,41.64198847270,-8.42663606870,1.6860,---,2007A&A...465...51E,---,,,---,--,1.68500000,,HEASARC_arxa,1,DR3Gaia024634.108-082536.20,1,25,0.72678755476,52.42675,-0.14707111834,54.48617,18.9050,0.11718,0,0,1,5174409201870689152,41.64186218579,0.6950,-8.42654907382,1.0633,---,---,---,---,---,---,---,---,18.860670,0.011078,---,---,---,---,---,---,18.860670,0.011078,1,J024634.09-082535.9,13.803,12.709,9.967,7.693,0.024,0.025,0.047,0.137
SDSS0246-0825,G1,02,46,34.0908,-,08,25,35.725,Double,1.096000,41.64204500000,-8.42659030000,Publication,Inada,2005,2005AJ....130.1967I,,---,,41.64204500000,-8.42659030000,41.64198847270,-8.42663606870,---,0.7230,2007A&A...465...51E,---,,,---,--,1.68621500,KEEP(0),HEASARC_sdssquasar,0,,,---,---,---,---,---,---,---,,--,0,---,---,---,---,---,---,---,---,---,---,---,---,---,---,---,---,---,---,---,---,---,---,---,0,,---,---,---,---,---,---,---,---
SDSS0246-0825,A,02,46,34.1077,-,08,25,36.200,Double,1.096000,41.64211532950,-8.42672220830,Gaia_DR3,Inada,2005,2005AJ....130.1967I,,---,,41.64212500000,-8.42672220000,41.64198847270,-8.42663606870,1.6860,0.7230,2007A&A...465...51E,---,,,1.684284,0,1.68621500,KEEP(0),HEASARC_sdssquasar,1,DR3Gaia024634.108-082536.20,2,26,0.72679198281,49.82338,-0.14707406698,38.12421,17.0367,0.21942,0,0,1,5174409201871203584,41.64211559961,0.1461,-8.42672188068,0.1323,0.5019,0.1801,2.7864,0.771,0.339,0.166,0.693,0.157,16.928547,0.013905,16.958930,0.044201,16.501736,0.031557,1.329,0.457193,16.928547,0.013905,0,,---,---,---,---,---,---,---,---
SDSS0246-0825,G2,02,46,34.1796,-,08,25,34.453,Double,1.096000,41.64241510000,-8.42623690000,Publication,Inada,2005,2005AJ....130.1967I,,---,,41.64241510000,-8.42623690000,41.64198847270,-8.42663606870,---,---,,---,,,---,--,1.68621500,KEEP(0),HEASARC_sdssquasar,0,,,---,---,---,---,---,---,---,,--,0,---,---,---,---,---,---,---,---,---,---,---,---,---,---,---,---,---,---,---,---,---,---,---,0,,---,---,---,---,---,---,---,---
J0247+7706,B,02,47,27.8052,+,77,06,05.703,Double,1.938000,41.86585517840,77.10158414370,Gaia_DR3,Lemon,2023,2023MNRAS.520.3305L,,---,,41.86640000000,77.10140000000,41.86653582235,77.10136189220,2.7300,---,2023MNRAS.520.3305L,2.730,pG,LEMON4,---,--,---,,,1,DR3Gaia024728.132+770604.10,2,47,0.73069688833,58.26243,1.34567638355,73.04422,20.1878,0.13010,0,0,1,549281756873086080,41.86585527148,0.3434,77.10158410094,0.4323,-0.3946,0.4746,-0.8313,0.389,0.219,0.474,-0.321,0.646,20.233063,0.006828,---,---,---,---,---,---,20.233063,0.006828,0,,---,---,---,---,---,---,---,---
J0247+7706,A,02,47,28.1320,+,77,06,04.103,Double,1.938000,41.86721646630,77.10113964070,Gaia_DR3,Lemon,2023,2023MNRAS.520.3305L,,---,,41.86640000000,77.10140000000,41.86653582235,77.10136189220,2.7300,---,2023MNRAS.520.3305L,2.730,pG,LEMON4,---,--,---,,,1,DR3Gaia024728.132+770604.10,1,50,0.73072091332,50.87894,1.34566867595,47.00868,19.5259,0.13892,0,0,1,549281756875772672,41.86721636021,0.1934,77.10113963948,0.2333,-0.1866,0.2561,-0.7288,0.224,0.204,0.244,0.093,0.322,19.478153,0.005049,20.091555,0.043487,18.522450,0.034711,1.427,1.569105,19.476129,0.005042,1,J024728.02+770604.7,14.480,13.669,10.393,8.432,0.028,0.031,0.063,0.270
J0247-0800,B,02,47,30.3289,-,26,46,21.950,Double,1.227000,41.87637031030,-26.77276392840,Gaia_DR3,Lemon,2023,2023MNRAS.520.3305L,,---,,41.87640000000,-26.77290000000,41.87641129915,-26.77293034955,1.4700,---,2023MNRAS.520.3305L,1.470,j,LEMON4,---,--,---,,,1,DR3Gaia024730.348-264623.15,3,13,0.73088041436,66.71723,-0.46727261311,58.61141,20.6743,0.14821,0,0,1,5075630863938012928,41.87636910271,17.2290,-26.77276428870,14.2040,---,---,---,---,---,---,---,---,20.689580,0.026507,---,---,---,---,---,---,20.689580,0.026507,1,J024730.37-264622.4,15.147,14.433,12.150,8.579,0.032,0.041,0.219,---
J0247-0800,A,02,47,30.3485,-,26,46,23.148,Double,1.227000,41.87645228800,-26.77309677070,Gaia_DR3,Lemon,2023,2023MNRAS.520.3305L,,---,,41.87640000000,-26.77290000000,41.87641129915,-26.77293034955,1.4700,0.1980,2023MNRAS.520.3305L,1.470,j,LEMON4,---,--,---,,,1,DR3Gaia024730.348-264623.15,2,34,0.73088191471,57.77668,-0.46727867777,69.61777,20.4407,0.14722,0,0,1,5075630859644356480,41.87645194316,0.5551,-26.77309688505,0.6023,-1.3573,0.9557,-1.4202,0.621,-0.598,0.639,0.167,0.714,20.558900,0.013126,20.179752,0.147967,19.457880,0.119813,2.189,0.721872,20.562602,0.013168,0,,---,---,---,---,---,---,---,---
J0247-2646,B,02,47,49.4148,-,08,00,54.483,Double,1.675000,41.95589481000,-8.01513411220,Gaia_DR3,Lemon,2023,2023MNRAS.520.3305L,,---,,41.95610000000,-8.01500000000,41.95607547675,-8.01498550520,3.2800,---,2023MNRAS.520.3305L,3.280,p,LEMON4,---,--,---,,,1,DR3Gaia024749.501-080053.41,2,10,0.73226870068,85.93981,-0.13989032772,76.34608,20.4062,0.24902,0,0,1,5174520836661287808,41.95589564062,3.1666,-8.01513478527,2.0224,---,---,---,---,---,---,---,---,20.804968,0.029490,19.351011,0.156381,18.037355,0.006083,8.153,1.313656,20.804968,0.029490,1,J024749.44-080054.1,14.784,14.317,12.116,9.333,0.030,0.041,0.223,0.512
J0247-2646,G,02,47,49.4391,-,08,00,53.960,Double,1.675000,41.95599610580,-8.01498886190,Gaia_DR3,Lemon,2023,2023MNRAS.520.3305L,,---,,41.95610000000,-8.01500000000,41.95607547675,-8.01498550520,---,---,2023MNRAS.520.3305L,3.280,p,LEMON4,---,--,---,,,1,DR3Gaia024749.501-080053.41,1,10,0.73227046675,63.83941,-0.13988793067,49.93233,20.3141,0.10660,0,0,1,5174520832365481344,41.95598908875,5.7349,-8.01498510105,4.3908,---,---,---,---,---,---,---,---,21.008394,0.037315,19.479755,0.073447,18.018280,0.028374,9.575,1.461475,21.008394,0.037315,0,,---,---,---,---,---,---,---,---
J0247-2646,A,02,47,49.5015,-,08,00,53.413,Double,1.675000,41.95625614350,-8.01483689820,Gaia_DR3,Lemon,2023,2023MNRAS.520.3305L,,---,,41.95610000000,-8.01500000000,41.95607547675,-8.01498550520,3.2800,---,2023MNRAS.520.3305L,3.280,p,LEMON4,---,--,---,,,1,DR3Gaia024749.501-080053.41,3,8,0.73227488650,51.42439,-0.13988520895,41.23424,20.6191,0.14584,0,0,1,5174520836660663296,41.95625545920,2.0581,-8.01483666306,1.4718,---,---,---,---,---,---,---,---,20.738482,0.027949,---,---,---,---,---,---,20.738482,0.027949,0,,---,---,---,---,---,---,---,---
DESJ0247-6349,B,02,47,54.6335,-,63,49,23.141,Double,1.491000,41.97763951190,-63.82309482590,Gaia_DR3,Spiniello,2019,2019MNRAS.483.3888S,,---,,41.97790000000,-63.82330000000,41.97798181260,-63.82323656805,2.2940,---,2023OJAp....6E..49F,2.294,jG,SSLENS,---,--,2.29400000,,VizieR_J/ApJS/264/9/skewt,1,DR3Gaia024754.798-634924.16,2,16,0.73264798278,39.92444,-1.11392323504,102.15248,20.6318,0.13681,0,1,1,4721027128345329408,41.97764026089,1.3168,-63.82309504653,1.5660,0.1229,1.4171,0.0867,2.344,-2.343,1.821,0.020,1.878,20.970552,0.018370,---,---,---,---,---,---,20.970552,0.018370,1,J024754.77-634923.2,15.101,14.360,11.442,8.637,0.031,0.037,0.108,0.238
DESJ0247-6349,A,02,47,54.7978,-,63,49,24.162,Double,1.491000,41.97832411330,-63.82337831020,Gaia_DR3,Spiniello,2019,2019MNRAS.483.3888S,,---,,41.97790000000,-63.82330000000,41.97798181260,-63.82323656805,2.2940,---,2023OJAp....6E..49F,2.294,jG,SSLENS,---,--,2.29400000,,VizieR_J/ApJS/264/9/skewt,1,DR3Gaia024754.798-634924.16,1,36,0.73265994976,58.39911,-1.11392820023,44.66743,19.7409,0.11257,0,0,1,4721027124050409088,41.97832411412,0.2949,-63.82337829763,0.2778,0.2839,0.3338,0.8505,0.180,0.052,0.402,-0.173,0.367,19.715849,0.006937,19.728971,0.054385,18.944513,0.051207,1.573,0.784458,19.719641,0.006958,0,,---,---,---,---,---,---,---,---
GraLJ024848742+191330571,A,02,48,48.7149,+,19,13,30.492,Quad,1.677000,42.20297881124,19.22513656092,Gaia_DR3,Delchambre,2019,2019A&A...622A.165D,,---,,42.20297881000,19.22513656000,42.20314106892,19.22520862232,2.4240,---,2021ApJ...921...42S,---,,,---,--,---,,,0,,,---,---,---,---,---,---,---,,--,1,83871575896093312,42.20297881124,1.5721,19.22513656092,1.1915,4.4819,1.7225,2.6019,4.126,-3.345,1.526,-2.416,1.527,20.473580,0.018013,19.856426,0.188440,18.588753,0.096171,---,1.267674,20.475091,0.018038,0,,---,---,---,---,---,---,---,---
GraLJ024848742+191330571,B,02,48,48.7253,+,19,13,31.332,Quad,1.677000,42.20302211945,19.22537005216,Gaia_DR3,Delchambre,2019,2019A&A...622A.165D,,---,,42.20302147000,19.22536823000,42.20314106892,19.22520862232,2.4240,---,2021ApJ...921...42S,---,,,---,--,---,,,0,,,---,---,---,---,---,---,---,,--,1,83871575895472768,42.20302211945,1.9969,19.22537005216,0.9903,---,---,---,---,---,---,---,---,20.500360,0.018656,19.564766,0.222459,18.787611,0.139316,---,0.777155,20.500360,0.018656,0,,---,---,---,---,---,---,---,---
GraLJ024848742+191330571,G,02,48,48.7611,+,19,13,30.698,Quad,1.677000,42.20317121000,19.22519378000,HST,Delchambre,2019,2019A&A...622A.165D,,---,,42.20317121000,19.22519378000,42.20314106892,19.22520862232,---,---,,---,,,---,--,---,,,0,,,---,---,---,---,---,---,---,,--,0,---,---,---,---,---,---,---,---,---,---,---,---,---,---,---,---,---,---,---,---,---,---,---,0,,---,---,---,---,---,---,---,---
GraLJ024848742+191330571,C,02,48,48.7860,+,19,13,29.893,Quad,1.677000,42.20327505498,19.22497020618,Gaia_DR3,Delchambre,2019,2019A&A...622A.165D,,---,,42.20327300000,19.22496628000,42.20314106892,19.22520862232,2.4240,1.0370,2021ApJ...921...42S,---,,,---,--,---,,,0,,,---,---,---,---,---,---,---,,--,1,83871575895473024,42.20327505498,2.9088,19.22497020618,4.7369,---,---,---,---,---,---,---,---,20.733774,0.023662,19.499472,0.050727,18.994005,0.125454,---,0.505466,20.733774,0.023662,0,,---,---,---,---,---,---,---,---
GraLJ024848742+191330571,D,02,48,48.7892,+,19,13,31.288,Quad,1.677000,42.20328829000,19.22535767000,HST,Delchambre,2019,2019A&A...622A.165D,,---,,42.20328829000,19.22535767000,42.20314106892,19.22520862232,2.4240,---,2021ApJ...921...42S,---,,,---,--,---,,,0,,,---,---,---,---,---,---,---,,--,0,---,---,---,---,---,---,---,---,---,---,---,---,---,---,---,---,---,---,---,---,---,---,---,0,,---,---,---,---,---,---,---,---
SDSSJ0256+0153,B,02,56,40.6525,+,01,53,30.083,Double,1.949000,44.16938561800,1.89168980240,Publication,More,2016,2016MNRAS.456.1595M,,---,,44.16938750000,1.89168330000,44.16963240900,1.89157825120,2.6000,---,2016MNRAS.456.1595M,2.606,g,DR16,---,--,2.60628300,KEEP(0),EXTERNAL_SDSSDR18_BOSS,0,,,---,---,---,---,---,---,---,,--,0,---,---,---,---,---,---,---,---,---,---,---,---,---,---,---,---,---,---,---,---,---,---,---,0,,---,---,---,---,---,---,---,---
SDSSJ0256+0153,G,02,56,40.7400,+,01,53,29.120,Double,1.949000,44.16975000000,1.89142220000,Publication,More,2016,2016MNRAS.456.1595M,,---,,44.16975000000,1.89142220000,44.16963240900,1.89157825120,---,0.6030,2016MNRAS.456.1595M,2.606,g,DR16,---,--,1.82973000,,VizieR_J/ApJS/223/20/spec,0,,,---,---,---,---,---,---,---,,--,0,---,---,---,---,---,---,---,---,---,---,---,---,---,---,---,---,---,---,---,---,---,---,---,1,J025640.74+015329.4,15.252,14.821,12.359,9.220,0.035,0.058,---,---
SDSSJ0256+0153,A,02,56,40.7710,+,01,53,29.280,Double,1.949000,44.16987920000,1.89146670000,Publication,More,2016,2016MNRAS.456.1595M,,---,,44.16987920000,1.89146670000,44.16963240900,1.89157825120,2.6000,0.6030,2016MNRAS.456.1595M,2.606,g,DR16,---,--,1.82973000,,VizieR_J/ApJS/223/20/spec,0,,,---,---,---,---,---,---,---,,--,0,---,---,---,---,---,---,---,---,---,---,---,---,---,---,---,---,---,---,---,---,---,---,---,0,,---,---,---,---,---,---,---,---
WGD0259-2338,A,02,59,33.5055,-,23,38,01.987,Double,2.918000,44.88960636350,-23.63388527380,Gaia_DR3,Agnello,2018,2018MNRAS.479.4345A,,---,,44.88964900000,-23.63383000000,44.89004341760,-23.63382274715,1.1900,---,2018MNRAS.479.5060L,1.190,pG,LEMON,---,--,---,,,1,DR3Gaia025933.506-233801.99,1,67,0.78347135590,65.37608,-0.41248902962,84.73569,20.3279,0.14573,0,0,1,5077935264216200832,44.88960634484,0.3674,-23.63388561776,0.5560,0.9685,0.5899,1.6418,0.668,-0.335,0.520,-0.578,0.699,20.429157,0.007161,20.056166,0.150619,18.674152,0.061340,3.142,1.382013,20.429482,0.007163,0,,---,---,---,---,---,---,---,---
WGD0259-2338,B,02,59,33.7153,-,23,38,01.537,Double,2.918000,44.89048047170,-23.63376022050,Gaia_DR3,Agnello,2018,2018MNRAS.479.4345A,,---,,44.88964900000,-23.63383000000,44.89004341760,-23.63382274715,1.1900,---,2018MNRAS.479.5060L,1.190,pG,LEMON,---,--,---,,,1,DR3Gaia025933.506-233801.99,2,85,0.78348662933,43.80308,-0.41248691308,60.03167,19.3200,0.15628,0,0,1,5077935268510766080,44.89048039840,0.1381,-23.63376029015,0.1992,0.2279,0.2450,0.9299,0.251,0.074,0.179,-0.240,0.237,19.257004,0.004813,19.390324,0.024876,18.845263,0.043244,1.256,0.545061,19.257004,0.004813,0,,---,---,---,---,---,---,---,---
WISE025942.9-163543,C,02,59,42.8076,-,16,35,42.738,Quad,1.575000,44.92836515712,-16.59520497844,Gaia_DR3,Schechter,2018,2018RNAAS...2...21S,,---,,44.92836288000,-16.59520677000,44.92860997871,-16.59528833692,2.1600,---,2018RNAAS...2...21S,---,,,---,--,---,,,0,,,---,---,---,---,---,---,---,,--,1,5153828508862118912,44.92836515712,0.4706,-16.59520497844,0.5204,0.6872,0.8137,0.8446,0.762,-0.600,1.063,-0.469,0.854,20.052662,0.009273,---,---,---,---,---,---,20.052662,0.009273,0,,---,---,---,---,---,---,---,---
WISE025942.9-163543,D,02,59,42.8601,-,16,35,43.690,Quad,1.575000,44.92858375000,-16.59546955000,HST,Schechter,2018,2018RNAAS...2...21S,,---,,44.92858375000,-16.59546955000,44.92860997871,-16.59528833692,2.1600,0.9050,2018RNAAS...2...21S,---,,,---,--,---,,,0,,,---,---,---,---,---,---,---,,--,0,---,---,---,---,---,---,---,---,---,---,---,---,---,---,---,---,---,---,---,---,---,---,---,0,,---,---,---,---,---,---,---,---
WISE025942.9-163543,G,02,59,42.8617,-,16,35,42.999,Quad,1.575000,44.92859041000,-16.59527760000,HST,Schechter,2018,2018RNAAS...2...21S,,---,,44.92859041000,-16.59527760000,44.92860997871,-16.59528833692,---,0.9050,2023MNRAS.518.1260S,---,,,---,--,---,,,0,,,---,---,---,---,---,---,---,,--,0,---,---,---,---,---,---,---,---,---,---,---,---,---,---,---,---,---,---,---,---,---,---,---,0,,---,---,---,---,---,---,---,---
WISE025942.9-163543,B,02,59,42.8879,-,16,35,42.423,Quad,1.575000,44.92869939844,-16.59511760490,Gaia_DR3,Schechter,2018,2018RNAAS...2...21S,,---,,44.92869940000,-16.59511760000,44.92860997871,-16.59528833692,2.1600,---,2018RNAAS...2...21S,---,,,---,--,---,,,0,,,---,---,---,---,---,---,---,,--,1,5153828504567283072,44.92869939844,0.3104,-16.59511760490,0.3123,-0.0359,0.4416,-0.0813,0.790,0.101,0.522,0.784,0.408,19.638958,0.010001,18.754890,0.186792,17.475986,0.015822,---,1.278904,19.640361,0.010013,0,,---,---,---,---,---,---,---,---
WISE025942.9-163543,A,02,59,42.9100,-,16,35,43.300,Quad,1.575000,44.92879160928,-16.59536121432,Gaia_DR3,Schechter,2018,2018RNAAS...2...21S,,---,,44.92879157000,-16.59536177000,44.92860997871,-16.59528833692,2.1600,---,2018RNAAS...2...21S,---,,,---,--,---,,,0,,,---,---,---,---,---,---,---,,--,1,5153828508862119040,44.92879160928,0.3252,-16.59536121432,0.3429,1.5513,0.4714,3.2906,4.533,-2.098,0.520,4.019,0.429,19.386559,0.007834,18.960054,0.042686,17.604190,0.022463,---,1.355864,19.387173,0.007838,0,,---,---,---,---,---,---,---,---
J0310-5545,A,03,10,48.6916,-,55,45,10.122,Double,3.880000,47.70288169667,-55.75281168917,Publication,Lemon,2023,2023MNRAS.520.3305L,,---,,47.70290000000,-55.75340000000,47.70295586854,-55.75334901153,2.3100,0.2980,2023MNRAS.520.3305L,2.310,j,LEMON4,---,--,---,,,0,,,---,---,---,---,---,---,---,,--,0,---,---,---,---,---,---,---,---,---,---,---,---,---,---,---,---,---,---,---,---,---,---,---,0,,---,---,---,---,---,---,---,---
J0310-5545,G,03,10,48.7010,-,55,45,12.676,Double,3.880000,47.70292092640,-55.75352097730,Gaia_DR3,Lemon,2023,2023MNRAS.520.3305L,,---,,47.70290000000,-55.75340000000,47.70295586854,-55.75334901153,---,0.2980,2023MNRAS.520.3305L,2.310,j,LEMON4,---,--,---,,,1,DR3Gaia031048.699-554512.68,2,23,0.83257348773,89.26191,-0.97308248464,97.69702,20.4932,0.13423,0,0,1,4733652128878031616,47.70291146367,7.3839,-55.75352162360,6.1765,---,---,---,---,---,---,---,---,21.351757,0.024871,19.644905,0.085903,17.903454,0.031380,13.575,1.741451,21.351757,0.024871,1,J031048.69-554512.4,14.110,13.645,12.038,8.701,0.026,0.028,0.210,0.307
J0310-5545,B,03,10,48.7272,-,55,45,13.991,Double,3.880000,47.70303004042,-55.75388633389,Publication,Lemon,2023,2023MNRAS.520.3305L,,---,,47.70290000000,-55.75340000000,47.70295586854,-55.75334901153,2.3100,---,2023MNRAS.520.3305L,2.310,j,LEMON4,---,--,---,,,0,,,---,---,---,---,---,---,---,,--,0,---,---,---,---,---,---,---,---,---,---,---,---,---,---,---,---,---,---,---,---,---,---,---,0,,---,---,---,---,---,---,---,---
J0321-4428,A,03,21,57.1530,-,44,28,13.579,Double,1.913000,50.48813767461,-44.47043854558,Gaia_DR3,Spiniello,2019,2019MNRAS.483.3888S,,---,,50.48850000000,-44.47030000000,50.48850467982,-44.47039345191,2.0930,0.2200,2019MNRAS.483.3888S,---,,,---,--,---,,,0,,,---,---,---,---,---,---,---,,--,1,4847636854356849024,50.48813767461,0.2226,-44.47043854558,0.2353,0.2320,0.2779,0.8350,1.671,0.518,0.296,-1.588,0.358,19.470852,0.006750,18.878197,0.028220,17.694708,0.017857,3.413,1.183489,19.473096,0.006762,0,,---,---,---,---,---,---,---,---
J0321-4428,G,03,21,57.2199,-,44,28,13.437,Double,1.913000,50.48841605778,-44.47039915254,Gaia_DR3,Spiniello,2019,2019MNRAS.483.3888S,,---,,50.48850000000,-44.47030000000,50.48850467982,-44.47039345191,2.0930,0.2200,2019MNRAS.483.3888S,---,,,---,--,---,,,0,,,---,---,---,---,---,---,---,,--,1,4847636854357757568,50.48841605778,3.9819,-44.47039915254,15.1264,---,---,---,---,---,---,---,---,21.214565,0.030709,---,---,---,---,---,---,21.214565,0.030709,0,,---,---,---,---,---,---,---,---
J0321-4428,B,03,21,57.3292,-,44,28,13.254,Double,1.913000,50.48887168503,-44.47034835824,Gaia_DR3,Spiniello,2019,2019MNRAS.483.3888S,,---,,50.48850000000,-44.47030000000,50.48850467982,-44.47039345191,2.0930,0.2200,2019MNRAS.483.3888S,---,,,---,--,---,,,0,,,---,---,---,---,---,---,---,,--,1,4847636854356848896,50.48887168503,0.9540,-44.47034835824,0.9485,-1.0481,1.0377,-1.0100,2.305,-0.764,1.332,2.174,1.382,20.607533,0.012661,---,---,---,---,---,---,20.607533,0.012661,0,,---,---,---,---,---,---,---,---
J0325-2232,A,03,25,48.2401,-,22,32,27.550,Double,1.011000,51.45100057220,-22.54098607840,Gaia_DR3,Lemon,2023,2023MNRAS.520.3305L,,---,,51.45110000000,-22.54090000000,51.45108408000,-22.54086870215,1.3500,---,2023MNRAS.520.3305L,1.350,pG,LEMON4,---,--,---,,,1,DR3Gaia032548.240-223227.55,1,54,0.89798929741,58.20225,-0.39341434212,58.19587,19.5839,0.12203,0,0,1,5098921578230761472,51.45100029253,0.4066,-22.54098597264,0.3775,-0.5051,0.5924,-0.8526,2.276,-2.128,0.540,0.808,0.520,19.543620,0.008910,19.169073,0.036203,18.230516,0.035902,2.435,0.938557,19.547227,0.008937,1,J032548.25-223227.2,14.243,12.959,10.117,7.705,0.026,0.025,0.046,0.110
J0325-2232,B,03,25,48.2802,-,22,32,26.705,Double,1.011000,51.45116758780,-22.54075132590,Gaia_DR3,Lemon,2023,2023MNRAS.520.3305L,,---,,51.45110000000,-22.54090000000,51.45108408000,-22.54086870215,1.3500,---,2023MNRAS.520.3305L,1.350,pG,LEMON4,0.497619,16,---,,,1,DR3Gaia032548.240-223227.55,2,52,0.89799219304,53.99150,-0.39341027368,52.34510,19.7479,0.13976,0,0,1,5098921578231447296,51.45116749483,0.5705,-22.54075119438,0.4532,-0.1287,0.6036,-0.2133,1.958,1.659,1.257,-1.039,0.833,19.749962,0.007893,---,---,---,---,---,---,19.749962,0.007893,0,,---,---,---,---,---,---,---,---
COOLJ0335-1927,C,03,35,03.4634,-,19,28,00.689,Triple,23.261999,53.76443100000,-19.46685800000,Publication,Napier,2023,2023ApJ...954L..38N,,---,,53.76443100000,-19.46685800000,53.76704079697,-19.46470197667,3.2700,---,2023ApJ...954L..38N,---,,,---,--,---,,,0,,,---,---,---,---,---,---,---,,--,0,---,---,---,---,---,---,---,---,---,---,---,---,---,---,---,---,---,---,---,---,---,---,---,1,J033503.45-192801.6,15.233,14.321,10.782,8.370,0.035,0.039,0.108,0.302
COOLJ0335-1927,A,03,35,04.0308,-,19,27,51.440,Triple,23.261999,53.76679511950,-19.46428887590,Gaia_DR3,Napier,2023,2023ApJ...954L..38N,,---,,53.76680700000,-19.46429000000,53.76704079697,-19.46470197667,3.2700,0.4178,2023ApJ...954L..38N,---,,,---,--,---,,,1,DR3Gaia033504.031-192751.44,1,26,0.93840758166,54.70073,-0.33971582821,52.72676,20.6238,0.12476,0,0,1,5101261953155127680,53.76679526831,0.7590,-19.46428888128,1.1112,-2.1297,1.9187,-1.1099,1.364,-0.208,1.451,-1.348,2.745,20.882265,0.010982,21.461260,0.234364,19.986172,0.122694,1.386,1.475088,20.881479,0.010974,0,,---,---,---,---,---,---,---,---
COOLJ0335-1927,B,03,35,04.7751,-,19,27,46.653,Triple,23.261999,53.76989627140,-19.46295905410,Gaia_DR3,Napier,2023,2023ApJ...954L..38N,,---,,53.77026000000,-19.46875700000,53.76704079697,-19.46470197667,3.2700,---,2023ApJ...954L..38N,---,,,---,--,---,,,0,,,---,---,---,---,---,---,---,,--,1,5101261953155129984,53.76989812975,4.4328,-19.46295826961,4.5384,---,---,---,---,---,---,---,---,21.021650,0.029779,20.433289,0.050805,20.412540,0.219349,1.985,0.020748,21.021650,0.029779,1,J033504.76-192747.6,15.652,14.706,10.815,8.337,0.038,0.050,0.107,0.291
J0339-6121,B,03,39,08.8116,-,61,21,45.202,Double,1.263000,54.78671516820,-61.36255610050,Gaia_DR3,Lemon,2023,2023MNRAS.520.3305L,,---,,54.78700000000,-61.36250000000,54.78700911510,-61.36245169690,2.8900,---,2023MNRAS.520.3305L,2.890,j,LEMON4,---,--,---,,,1,DR3Gaia033908.812-612145.20,3,66,0.95620854433,51.26747,-1.07097863846,52.85909,19.6205,0.12613,0,0,1,4674636220215752448,54.78671506894,0.2853,-61.36255607457,0.2795,-0.4698,0.2647,-1.7745,0.275,-0.271,0.322,0.047,0.372,19.485937,0.004498,---,---,---,---,---,---,19.485937,0.004498,1,J033908.87-612144.7,14.607,13.435,10.255,8.094,0.026,0.025,0.048,0.153
J0339-6121,A,03,39,08.9527,-,61,21,44.450,Double,1.263000,54.78730306200,-61.36234729330,Gaia_DR3,Lemon,2023,2023MNRAS.520.3305L,,---,,54.78700000000,-61.36250000000,54.78700911510,-61.36245169690,2.8900,---,2023MNRAS.520.3305L,2.890,j,LEMON4,---,--,---,,,1,DR3Gaia033908.812-612145.20,1,66,0.95621895150,45.41663,-1.07097494570,42.57152,18.7367,0.11258,0,0,1,4674636224510336256,54.78730283882,0.1711,-61.36234725983,0.1678,-0.0945,0.1718,-0.5497,0.508,0.345,0.211,-0.373,0.227,18.578636,0.003892,18.846897,0.025832,17.672695,0.019486,1.536,1.174202,18.580954,0.003897,0,,---,---,---,---,---,---,---,---
DESJ0340-2545,C,03,40,08.4280,-,25,45,39.408,Triple,6.809000,55.03511656590,-25.76094658140,Gaia_DR3,Lemon,2020,2020MNRAS.494.3491L,,---,,55.03510000000,-25.76100000000,55.03560518670,-25.76095378287,1.6960,---,2020MNRAS.494.3491L,1.680,pG,LEMON3,---,--,1.68584000,,VizieR_J/A+A/683/A112/lqac6,1,DR3Gaia034008.490-254542.48,2,29,0.96054406121,69.24284,-0.44961362503,87.26805,20.5808,0.16087,0,0,1,5085135764004054656,55.03511700983,1.0619,-25.76094747861,1.7571,2.6383,2.9045,0.9083,0.590,-0.009,1.380,-0.590,2.299,20.983547,0.020208,20.742237,0.131754,19.581387,0.130942,2.437,1.160851,20.985967,0.020253,0,,---,---,---,---,---,---,---,---
DESJ0340-2545,A,03,40,08.4898,-,25,45,42.482,Triple,6.809000,55.03537406280,-25.76180054610,Gaia_DR3,Lemon,2020,2020MNRAS.494.3491L,,---,,55.03510000000,-25.76100000000,55.03560518670,-25.76095378287,1.6960,0.1700,2020MNRAS.494.3491L,1.680,pG,LEMON3,1.685836,0,1.68584000,,VizieR_J/A+A/683/A112/lqac6,1,DR3Gaia034008.490-254542.48,1,88,0.96054849380,40.60110,-0.44962824345,53.84344,18.4105,0.15259,0,0,1,5085135764004840704,55.03537407254,0.0646,-25.76180055738,0.1082,-0.0214,0.1379,-0.1553,0.034,0.014,0.079,-0.031,0.137,18.323257,0.003848,18.509033,0.014921,18.010258,0.019443,1.173,0.498775,18.323257,0.003848,1,J034008.46-254541.7,14.277,13.269,10.556,8.479,0.035,0.035,0.095,0.502
DESJ0340-2545,B,03,40,08.7180,-,25,45,36.411,Triple,6.809000,55.03632493140,-25.76011422110,Gaia_DR3,Lemon,2020,2020MNRAS.494.3491L,,---,,55.03510000000,-25.76100000000,55.03560518670,-25.76095378287,1.6960,---,2020MNRAS.494.3491L,---,,,---,--,1.66974000,,VizieR_J/A+A/683/A112/lqac6,1,DR3Gaia034008.718-254536.41,2,90,0.96056505478,40.68902,-0.44959881182,64.47551,19.5840,0.10945,0,0,1,5085135764002995584,55.03632491736,0.1433,-25.76011408751,0.2460,-0.0461,0.3115,-0.1481,0.595,-0.399,0.178,0.441,0.316,19.579617,0.005677,19.643667,0.029483,18.817308,0.033193,1.533,0.826359,19.579617,0.005677,1,J034008.70-254537.3,14.526,14.117,12.258,7.903,0.040,0.059,0.433,---
GraLJ034611.0+215444.6,B,03,46,10.9782,+,21,54,44.358,Double,0.986000,56.54574266190,21.91232173570,Gaia_DR3,Krone-Martins,2019,2019arXiv191208977K,,---,,56.54576726170,21.91231189990,56.54581907010,21.91243897050,2.3550,---,2019arXiv191208977K,2.355,pG,GGLS,---,--,---,,,1,DR3Gaia034610.978+215444.36,1,22,0.98690947679,62.28090,0.38244217423,30.36017,18.8097,0.08834,0,0,1,63971411865536768,56.54574114511,0.5499,21.91232245152,0.3111,-1.5960,0.4950,-3.2244,9.454,-8.449,0.687,4.241,0.404,18.747850,0.007015,18.446024,0.039061,17.704948,0.023411,2.058,0.741076,18.751590,0.007035,1,J034610.99+215444.6,14.480,13.271,9.962,7.666,0.030,0.031,0.063,0.173
GraLJ034611.0+215444.6,A,03,46,11.0149,+,21,54,45.202,Double,0.986000,56.54589547830,21.91255620530,Gaia_DR3,Krone-Martins,2019,2019arXiv191208977K,,---,,56.54589601190,21.91255598480,56.54581907010,21.91243897050,2.3550,---,2019arXiv191208977K,2.355,pG,GGLS,---,--,---,,,1,DR3Gaia034610.978+215444.36,2,23,0.98691218753,60.00036,0.38244620547,43.55029,19.0095,0.10709,0,0,1,63971411866955904,56.54589649548,1.8660,21.91255576944,0.9822,---,---,---,---,---,---,---,---,18.964138,0.007875,---,---,---,---,---,---,18.964138,0.007875,0,,---,---,---,---,---,---,---,---
J0346-6414,A,03,46,13.7897,-,64,14,30.604,Double,1.900000,56.55745728330,-64.24183450900,Gaia_DR3,Lemon,2023,2023MNRAS.520.3305L,,---,,56.55790000000,-64.24170000000,56.55797039123,-64.24169346644,2.9600,---,2023MNRAS.520.3305L,2.960,j,LEMON4,2.967615,0,---,,,1,DR3Gaia034613.790-641430.60,1,68,0.98711397967,54.01075,-1.12123151606,63.77583,19.5113,0.12813,0,0,1,4672765852152430848,56.55745730563,0.1766,-64.24183449202,0.1795,0.2049,0.1871,1.0951,0.096,-0.004,0.223,0.096,0.224,19.382658,0.003916,19.628523,0.034300,18.810001,0.041785,1.292,0.818522,19.382658,0.003916,1,J034613.89-641430.1,15.221,14.635,11.852,9.419,0.030,0.038,0.167,0.508
J0346-6414,B,03,46,14.0360,-,64,14,29.589,Double,1.900000,56.55848349917,-64.24155242389,Publication,Lemon,2023,2023MNRAS.520.3305L,,---,,56.55790000000,-64.24170000000,56.55797039123,-64.24169346644,2.9600,---,2023MNRAS.520.3305L,2.960,j,LEMON4,---,--,---,,,0,,,---,---,---,---,---,---,---,,--,0,---,---,---,---,---,---,---,---,---,---,---,---,---,---,---,---,---,---,---,---,---,---,---,0,,---,---,---,---,---,---,---,---
J0347-2154,A,03,47,04.5351,-,21,54,33.266,Double,1.880000,56.76889645690,-21.90924042020,Gaia_DR3,Lemon,2023,2023MNRAS.520.3305L,,---,,56.76900000000,-21.90950000000,56.76897990020,-21.90948973345,0.8100,0.1870,2023MNRAS.520.3305L,0.810,N,LEMON4,---,--,---,,,1,DR3Gaia034704.561-215434.57,1,55,0.99080412448,48.56328,-0.38238836574,59.01055,19.6858,0.25874,0,0,1,5087747928752251776,56.76889649453,0.2603,-21.90924050112,0.2720,0.8073,0.3543,2.2785,0.865,-0.584,0.306,0.639,0.351,19.622234,0.012992,19.180876,0.048530,18.183949,0.047757,2.672,0.996927,19.625629,0.013031,1,J034704.55-215434.1,13.900,13.424,11.094,8.212,0.026,0.030,0.129,---
J0347-2154,G,03,47,04.5630,-,21,54,34.554,Double,1.880000,56.76901255630,-21.90959823130,Gaia_DR3,Lemon,2023,2023MNRAS.520.3305L,,---,,56.76900000000,-21.90950000000,56.76897990020,-21.90948973345,---,0.1870,2023MNRAS.520.3305L,0.810,N,LEMON4,---,--,---,,,1,DR3Gaia034704.561-215434.57,3,46,0.99080619675,78.53744,-0.38239464762,69.33879,20.0611,0.17084,0,0,1,5087747928754370560,56.76900443974,7.8260,-21.90960373548,7.6023,---,---,---,---,---,---,---,---,20.994795,0.021691,19.240368,0.021376,17.820667,0.016905,11.481,1.419701,20.994795,0.021691,0,,---,---,---,---,---,---,---,---
J0347-2154,B,03,47,04.5752,-,21,54,35.061,Double,1.880000,56.76906334350,-21.90973904670,Gaia_DR3,Lemon,2023,2023MNRAS.520.3305L,,---,,56.76900000000,-21.90950000000,56.76897990020,-21.90948973345,0.8100,---,2023MNRAS.520.3305L,0.810,N,LEMON4,---,--,---,,,1,DR3Gaia034704.561-215434.57,2,35,0.99080686034,76.57164,-0.38239681224,82.17286,20.1295,0.23066,0,0,1,5087747928752251520,56.76906422237,3.6841,-21.90973826857,3.7888,---,---,---,---,---,---,---,---,20.646637,0.027616,---,---,---,---,---,---,20.646637,0.027616,0,,---,---,---,---,---,---,---,---
J0348-4015,A,03,48,28.6680,-,40,15,13.185,Double,0.516000,57.11944997356,-40.25366237741,Gaia_DR3,Gross,2025,2025ApJ...989..112G,,---,,57.11945833333,-40.25366666667,57.11945415345,-40.25373396648,2.6330,---,2025ApJ...989..112G,---,,,2.649802,0,2.64980006,,VizieR_J/A+A/683/A112/lqac6,1,DR3Gaia034828.668-401513.18,1,50,0.99692245373,47.20940,-0.70255901523,48.27840,19.2638,0.24335,0,0,1,4855076046952719360,57.11944997356,0.2057,-40.25366237741,0.1950,0.7801,0.2293,3.4013,0.570,-0.452,0.252,0.348,0.257,19.203613,0.009461,19.207157,0.054659,18.591131,0.044509,1.463,0.616026,19.203613,0.009461,1,J034828.70-401513.2,15.636,14.713,11.641,9.485,0.034,0.041,0.115,0.441
J0348-4015,B,03,48,28.6700,-,40,15,13.700,Double,0.516000,57.11945833333,-40.25380555556,Gaia_FPR,Gross,2025,2025ApJ...989..112G,,---,,57.11945833333,-40.25380555556,57.11945415345,-40.25373396648,2.6330,---,2025ApJ...989..112G,---,,,---,--,---,,,1,DR3Gaia034828.668-401513.18,2,9,0.99692215124,51.93323,-0.70256134318,58.23854,20.4757,0.23826,0,0,0,---,---,---,---,---,---,---,---,---,---,---,---,---,---,---,---,---,---,---,---,---,---,---,0,,---,---,---,---,---,---,---,---
J0350-4611,A,03,50,51.4587,-,46,11,09.430,Double,1.305000,57.71441109970,-46.18595288820,Gaia_DR3,Lemon,2023,2023MNRAS.520.3305L,,---,,57.71460000000,-46.18580000000,57.71456802705,-46.18580784270,1.5050,---,2023MNRAS.520.3305L,1.505,jG,LEMON4,---,--,1.45943000,,VizieR_J/A+A/683/A112/lqac6,1,DR3Gaia035051.534-461108.38,1,48,1.00730650586,61.35993,-0.80609704631,58.48961,19.7949,0.15420,0,0,1,4834883855209175296,57.71441106886,0.2664,-46.18595300837,0.2837,0.8254,0.3089,2.6717,0.848,-0.372,0.358,0.762,0.441,19.736162,0.008632,20.021854,0.075748,18.647370,0.042369,1.705,1.374485,19.736571,0.008635,1,J035051.47-461109.0,14.873,13.635,10.574,8.240,0.028,0.028,0.051,0.137
J0350-4611,B,03,50,51.5340,-,46,11,08.386,Double,1.305000,57.71472495440,-46.18566279720,Gaia_DR3,Lemon,2023,2023MNRAS.520.3305L,,---,,57.71460000000,-46.18580000000,57.71456802705,-46.18580784270,1.5050,---,2023MNRAS.520.3305L,1.505,jG,LEMON4,---,--,1.45943000,,VizieR_J/A+A/683/A112/lqac6,1,DR3Gaia035051.534-461108.38,2,27,1.00731196941,70.77421,-0.80609201964,89.20808,20.4884,0.16230,0,0,1,4834883859503957760,57.71472303613,1.5364,-46.18566239771,1.5287,---,---,---,---,---,---,---,---,20.664583,0.017284,---,---,---,---,---,---,20.664583,0.017284,0,,---,---,---,---,---,---,---,---
J0355-5624,A,03,55,12.9044,-,56,24,52.916,Double,1.287000,58.80376846890,-56.41469889640,Gaia_DR3,Lemon,2023,2023MNRAS.520.3305L,,---,,58.80400000000,-56.41470000000,58.80399222105,-56.41482779620,1.8600,---,2023MNRAS.520.3305L,1.860,jG,LEMON4,---,--,1.85480000,,VizieR_J/A+A/683/A112/lqac6,1,DR3Gaia035512.904-562452.92,1,37,1.02631911073,64.69469,-0.98462226826,59.61824,19.9886,0.13024,0,0,1,4683151559814721920,58.80376805401,0.3737,-56.41469894896,0.3484,-0.2827,0.3872,-0.7300,0.679,0.077,0.492,0.674,0.590,19.977964,0.007940,20.048275,0.075001,19.269333,0.078857,1.488,0.778942,19.977964,0.007940,1,J035512.96-562453.0,15.559,14.578,11.805,9.487,0.033,0.038,0.137,0.409
J0355-5624,B,03,55,13.0118,-,56,24,53.844,Double,1.287000,58.80421597320,-56.41495669600,Gaia_DR3,Lemon,2023,2023MNRAS.520.3305L,,---,,58.80400000000,-56.41470000000,58.80399222105,-56.41482779620,1.8600,---,2023MNRAS.520.3305L,1.860,jG,LEMON4,---,--,1.85480000,,VizieR_J/A+A/683/A112/lqac6,1,DR3Gaia035512.904-562452.92,2,12,1.02632713924,49.06128,-0.98462662574,66.42567,20.6068,0.15806,0,0,1,4683151564108758016,58.80422173357,4.3098,-56.41495403506,4.5384,---,---,---,---,---,---,---,---,20.884340,0.021278,---,---,---,---,---,---,20.884340,0.021278,0,,---,---,---,---,---,---,---,---
WHJ0400-27,A,04,00,09.4631,-,27,07,00.636,Double,17.789000,60.03942944225,-27.11684321821,Gaia_DR3,Bazzanini,2025,2025A&A...698A..29B,,---,,60.03942900000,-27.11684300000,60.04046346599,-27.11913614473,1.3450,0.6260,2025A&A...698A..29B,---,,,---,--,---,,,0,,,---,---,---,---,---,---,---,,--,1,4890131634445241728,60.03942944225,0.1680,-27.11684321821,0.2264,-0.5351,0.3080,-1.7376,0.237,0.234,0.217,-0.041,0.306,19.812252,0.005021,20.013731,0.035378,19.515461,0.048104,---,0.498270,19.812252,0.005021,0,,---,---,---,---,---,---,---,---
WHJ0400-27,B,04,00,09.9594,-,27,07,17.145,Double,17.789000,60.04149748973,-27.12142907125,Gaia_DR3,Bazzanini,2025,2025A&A...698A..29B,,---,,60.04149700000,-27.12142900000,60.04046346599,-27.11913614473,1.3450,---,2025A&A...698A..29B,---,,,---,--,---,,,0,,,---,---,---,---,---,---,---,,--,1,4890131565725763840,60.04149748973,0.2258,-27.12142907125,0.2998,0.7067,0.4054,1.7432,0.465,-0.299,0.293,0.357,0.394,20.227274,0.005312,20.408060,0.056584,19.820341,0.070053,---,0.587719,20.227274,0.005312,0,,---,---,---,---,---,---,---,---
WHJ0400-27,G,04,00,11.7312,-,27,07,10.524,Double,17.789000,60.04888000000,-27.11959000000,Publication,Bazzanini,2025,2025A&A...698A..29B,,---,,60.04888000000,-27.11959000000,60.04046346599,-27.11913614473,---,0.6260,2025A&A...698A..29B,---,,,---,--,---,,,0,,,---,---,---,---,---,---,---,,--,0,---,---,---,---,---,---,---,---,---,---,---,---,---,---,---,---,---,---,---,---,---,---,---,0,,---,---,---,---,---,---,---,---
J0401-2514,A,04,01,48.1032,-,25,14,37.443,Double,1.448000,60.45043003650,-25.24373421150,Gaia_DR3,Lemon,2023,2023MNRAS.520.3305L,,---,,60.45040000000,-25.24390000000,60.45044162075,-25.24393506085,1.3200,---,2023MNRAS.520.3305L,1.320,pG,LEMON4,---,--,1.32768000,,VizieR_J/A+A/683/A112/lqac6,1,DR3Gaia040148.103-251437.44,1,97,1.05505907201,35.90055,-0.44058626486,55.77780,19.1656,0.14695,0,0,1,5082980996090316800,60.45042999041,0.1093,-25.24373405561,0.1598,0.0474,0.2086,0.2271,0.598,-0.383,0.145,0.459,0.224,19.084986,0.005651,19.022896,0.026793,18.093628,0.021006,1.817,0.929268,19.088620,0.005666,1,J040148.10-251438.0,14.171,13.122,10.201,7.743,0.027,0.028,0.063,0.150
J0401-2514,B,04,01,48.1088,-,25,14,38.889,Double,1.448000,60.45045320500,-25.24413591020,Gaia_DR3,Lemon,2023,2023MNRAS.520.3305L,,---,,60.45040000000,-25.24390000000,60.45044162075,-25.24393506085,1.3200,---,2023MNRAS.520.3305L,1.320,pG,LEMON4,---,--,1.32768000,,VizieR_J/A+A/683/A112/lqac6,1,DR3Gaia040148.103-251437.44,2,84,1.05505939419,56.60131,-0.44059302444,86.86368,20.2236,0.17401,0,0,1,5082980996090316672,60.45045384367,0.6081,-25.24413628473,0.6181,-0.6064,0.7324,-0.8279,2.285,1.735,0.833,-1.488,0.947,20.409740,0.010673,---,---,---,---,---,---,20.409740,0.010673,0,,---,---,---,---,---,---,---,---
DESJ0402-4220,B,04,02,22.0495,-,42,20,53.614,Double,1.334000,60.59187286875,-42.34822610250,Gaia_FPR,Lemon,2020,2020MNRAS.494.3491L,,---,,60.59220000000,-42.34820000000,60.59209243493,-42.34813679745,2.8800,---,2020MNRAS.494.3491L,2.880,jG,LEMON3,---,--,---,,,1,DR3Gaia040222.155-422052.97,2,6,1.05752783221,29.38320,-0.73911613511,53.53604,20.8047,0.11213,0,0,0,---,---,---,---,---,---,---,---,---,---,---,---,---,---,---,---,---,---,---,---,---,---,---,1,J040222.13-422053.6,15.487,14.818,11.146,7.707,0.032,0.045,0.073,0.088
DESJ0402-4220,A,04,02,22.1549,-,42,20,52.971,Double,1.334000,60.59231200110,-42.34804749240,Gaia_DR3,Lemon,2020,2020MNRAS.494.3491L,,---,,60.59220000000,-42.34820000000,60.59209243493,-42.34813679745,2.8800,---,2020MNRAS.494.3491L,2.880,jG,LEMON3,---,--,---,,,1,DR3Gaia040222.155-422052.97,1,43,1.05753530533,54.59730,-0.73911288368,63.91763,19.5792,0.08452,0,0,1,4842045799074927232,60.59231192937,0.2120,-42.34804747158,0.2706,0.0306,0.2711,0.1128,0.186,-0.180,0.270,0.047,0.369,19.531900,0.004221,19.634579,0.066988,18.659150,0.034706,1.600,0.975430,19.535382,0.004229,0,,---,---,---,---,---,---,---,---
[BB92]0401-1613,B,04,03,31.4070,-,16,04,59.008,Double,0.526000,60.88086268850,-16.08305773320,Gaia_DR3,Beauchemin,1992,1992AJ....103..405B,,---,,60.88067000000,-16.08225000000,60.88091134425,-16.08311386660,---,---,,---,,,---,--,---,,,1,DR3Gaia040331.407-160459.00,1,38,1.06257142026,73.31060,-0.28070219442,56.96939,19.6242,0.11949,0,0,1,5097440261191919616,60.88086216785,0.2970,-16.08305629124,0.2531,0.8477,0.4252,1.9935,3.930,1.370,0.347,-3.683,0.325,19.537685,0.004613,19.889654,0.062996,19.087994,0.048828,1.161,0.801661,19.537685,0.004613,0,,---,---,---,---,---,---,---,---
[BB92]0401-1613,A,04,03,31.4304,-,16,04,59.412,Double,0.526000,60.88096000000,-16.08317000000,Publication,Beauchemin,1992,1992AJ....103..405B,,---,,60.88096000000,-16.08317000000,60.88091134425,-16.08311386660,---,---,,---,,,---,--,---,,,0,,,---,---,---,---,---,---,---,,--,0,---,---,---,---,---,---,---,---,---,---,---,---,---,---,---,---,---,---,---,---,---,---,---,0,,---,---,---,---,---,---,---,---
J0405-3730,B,04,05,05.2557,-,37,30,46.511,Double,1.701000,61.27189882370,-37.51291966110,Gaia_DR3,Lemon,2023,2023MNRAS.520.3305L,,---,,61.27210000000,-37.51280000000,61.27217964075,-37.51299827520,3.5850,---,2023MNRAS.520.3305L,3.585,j+,LEMON4,---,--,---,,,1,DR3Gaia040505.256-373046.51,1,42,1.06939644242,76.40852,-0.65472391850,87.14980,20.4505,0.17637,0,0,1,4845606601840777344,61.27189870000,0.4509,-37.51291980947,0.5085,-0.7371,0.5791,-1.2728,1.134,0.149,0.523,1.124,0.672,20.495794,0.008867,20.286013,0.192669,18.865442,0.168064,2.769,1.420570,20.495674,0.008866,1,J040505.31-373046.2,14.799,14.209,10.591,8.648,0.028,0.035,0.072,0.339
J0405-3730,A,04,05,05.3905,-,37,30,47.077,Double,1.701000,61.27246045780,-37.51307688930,Gaia_DR3,Lemon,2023,2023MNRAS.520.3305L,,---,,61.27210000000,-37.51280000000,61.27217964075,-37.51299827520,3.5850,0.2295,2023MNRAS.520.3305L,3.585,j+,LEMON4,---,--,---,,,1,DR3Gaia040505.256-373046.51,2,49,1.06940615319,74.14430,-0.65472674502,67.99770,20.2864,0.13690,0,0,1,4845606606136183424,61.27246057822,0.3623,-37.51307681866,0.4139,-0.7695,0.4648,-1.6554,0.594,0.512,0.439,0.300,0.599,20.276100,0.007844,19.722225,0.080680,18.634796,0.035531,3.117,1.087429,20.279023,0.007862,0,,---,---,---,---,---,---,---,---
DESJ040559.80-330851.4,A,04,05,59.7186,-,33,08,50.715,Quad,1.414000,61.49882736958,-33.14742091523,Gaia_DR3,Anguita,2018,2018MNRAS.480.5017A,,---,,61.49882737000,-33.14742092000,61.49901505823,-33.14753150393,1.7130,---,2018MNRAS.480.5017A,---,,,---,--,---,,,0,,,---,---,---,---,---,---,---,,--,1,4883180423151513088,61.49882736958,0.6782,-33.14742091523,1.0066,-0.2296,1.0223,-0.2246,8.188,2.158,0.920,-7.899,1.222,20.408150,0.009466,20.225546,0.090134,18.366383,0.046437,---,1.859163,20.401713,0.009414,0,,---,---,---,---,---,---,---,---
DESJ040559.80-330851.4,D,04,05,59.7309,-,33,08,51.736,Quad,1.414000,61.49887879000,-33.14770453000,HST,Anguita,2018,2018MNRAS.480.5017A,,---,,61.49887879000,-33.14770453000,61.49901505823,-33.14753150393,1.7130,---,2018MNRAS.480.5017A,---,,,---,--,---,,,0,,,---,---,---,---,---,---,---,,--,0,---,---,---,---,---,---,---,---,---,---,---,---,---,---,---,---,---,---,---,---,---,---,---,0,,---,---,---,---,---,---,---,---
DESJ040559.80-330851.4,G,04,05,59.7596,-,33,08,51.176,Quad,1.414000,61.49899823000,-33.14754897000,HST,Anguita,2018,2018MNRAS.480.5017A,,---,,61.49899823000,-33.14754897000,61.49901505823,-33.14753150393,---,---,,---,,,---,--,---,,,0,,,---,---,---,---,---,---,---,,--,0,---,---,---,---,---,---,---,---,---,---,---,---,---,---,---,---,---,---,---,---,---,---,---,0,,---,---,---,---,---,---,---,---
DESJ040559.80-330851.4,C,04,05,59.7886,-,33,08,50.587,Quad,1.414000,61.49911919532,-33.14738532753,Gaia_DR3,Anguita,2018,2018MNRAS.480.5017A,,---,,61.49911866000,-33.14738203000,61.49901505823,-33.14753150393,1.7130,---,2018MNRAS.480.5017A,---,,,---,--,---,,,0,,,---,---,---,---,---,---,---,,--,1,4883180423150691328,61.49911919532,2.3193,-33.14738532753,3.8070,---,---,---,---,---,---,---,---,20.657225,0.020140,20.039438,0.174018,18.447355,0.094018,---,1.592083,20.657225,0.020140,0,,---,---,---,---,---,---,---,---
DESJ040559.80-330851.4,B,04,05,59.8164,-,33,08,51.415,Quad,1.414000,61.49923487801,-33.14761524295,Gaia_DR3,Anguita,2018,2018MNRAS.480.5017A,,---,,61.49923213000,-33.14761397000,61.49901505823,-33.14753150393,1.7130,---,2018MNRAS.480.5017A,---,,,---,--,---,,,0,,,---,---,---,---,---,---,---,,--,1,4883180423150691584,61.49923487801,0.8610,-33.14761524295,1.0421,0.1305,1.1619,0.1124,12.572,-11.662,1.224,-4.696,1.452,20.493904,0.016336,20.088915,0.159925,18.367807,0.027839,---,1.721108,20.489664,0.016274,0,,---,---,---,---,---,---,---,---
DESJ040710.22-500600.9,A,04,07,10.2299,-,50,06,00.810,Double,1.721000,61.79262472510,-50.10022494970,Gaia_DR3,Anguita,2018,2018MNRAS.480.5017A,,---,,61.79258330000,-50.10025000000,61.79281767185,-50.10042940285,1.5150,---,2018MNRAS.480.5017A,1.515,jG,DESQQ,1.517517,0,1.51500000,,VizieR_J/ApJS/264/9/skewt,1,DR3Gaia040710.230-500600.81,1,44,1.07848478937,59.57469,-0.87441386834,58.39408,18.3587,0.11933,0,0,1,4830236636170244480,61.79262473560,0.1094,-50.10022495153,0.1164,-0.0272,0.1184,-0.2294,0.209,0.036,0.146,-0.206,0.174,18.245827,0.003846,18.609730,0.026254,17.635430,0.032262,1.257,0.974300,18.245827,0.003846,1,J040710.25-500601.3,14.031,12.858,9.913,7.447,0.025,0.024,0.033,0.081
DESJ040710.22-500600.9,B,04,07,10.3225,-,50,06,02.282,Double,1.721000,61.79301061860,-50.10063385600,Gaia_DR3,Anguita,2018,2018MNRAS.480.5017A,,---,,61.79258330000,-50.10025000000,61.79281767185,-50.10042940285,1.5150,---,2018MNRAS.480.5017A,1.515,jG,DESQQ,---,--,1.51500000,,VizieR_J/ApJS/264/9/skewt,1,DR3Gaia040710.230-500600.81,2,43,1.07849159123,49.75148,-0.87442098896,62.52927,19.6192,0.13673,0,0,1,4830236636172045568,61.79301059610,0.2624,-50.10063385097,0.2470,0.1124,0.2702,0.4160,0.629,0.593,0.330,0.211,0.377,19.589540,0.005682,---,---,---,---,---,---,19.589540,0.005682,0,,---,---,---,---,---,---,---,---
DESJ0407-1931,B,04,07,53.7925,-,19,31,21.262,Double,2.004000,61.97413558390,-19.52257280700,Gaia_FPR,Lemon,2020,2020MNRAS.494.3491L,,---,,61.97410000000,-19.52250000000,61.97417834315,-19.52284813745,2.2600,---,2020MNRAS.494.3491L,2.260,pG,LEMON3,---,--,---,,,1,DR3Gaia040753.813-193123.24,2,3,1.08165248834,36.30846,-0.34073310191,30.75877,20.8073,0.14518,0,0,0,---,---,---,---,---,---,---,---,---,---,---,---,---,---,---,---,---,---,---,---,---,---,---,1,J040753.79-193121.8,15.033,14.432,11.658,8.900,0.034,0.048,0.197,0.436
DESJ0407-1931,A,04,07,53.8131,-,19,31,23.244,Double,2.004000,61.97422110240,-19.52312346790,Gaia_DR3,Lemon,2020,2020MNRAS.494.3491L,,---,,61.97410000000,-19.52250000000,61.97417834315,-19.52284813745,2.2600,0.2880,2020MNRAS.494.3491L,2.260,pG,LEMON3,2.271177,16,---,,,1,DR3Gaia040753.813-193123.24,1,60,1.08165413316,65.55839,-0.34074269470,60.88354,20.1302,0.19916,0,0,1,5092819151257833216,61.97422102092,0.3619,-19.52312333355,0.3697,-0.2730,0.5472,-0.4988,0.549,-0.494,0.414,0.241,0.434,20.178535,0.008519,20.131033,0.078455,19.510414,0.076044,1.537,0.620619,20.181873,0.008543,0,,---,---,---,---,---,---,---,---
J0408-5354,C,04,08,21.4901,-,53,54,00.299,Quad,4.185000,62.08954200000,-53.90008300000,Publication,Lin,2017,2017ApJ...838L..15L,,---,,62.08954200000,-53.90008300000,62.09029542250,-53.89987432520,2.3750,---,2017ApJ...838L..15L,2.375,jG,LIN,---,--,0.59671000,,VizieR_J/MNRAS/498/3241/tablea2,0,,,---,---,---,---,---,---,---,,--,0,---,---,---,---,---,---,---,---,---,---,---,---,---,---,---,---,---,---,---,---,---,---,---,0,,---,---,---,---,---,---,---,---
J0408-5354,B,04,08,21.5174,-,53,53,59.049,Quad,4.185000,62.08965572680,-53.89973579950,Gaia_DR3,Lin,2017,2017ApJ...838L..15L,,---,,62.09133330000,-53.90026600000,62.09029542250,-53.89987432520,2.3750,---,2017ApJ...838L..15L,2.375,jG,LIN,---,--,0.59671000,,VizieR_J/MNRAS/498/3241/tablea2,1,DR3Gaia040821.942-535400.90,1,37,1.08366888307,60.62718,-0.94072778459,54.77286,19.8019,0.14443,0,0,1,4779903605192400000,62.08965576992,0.2841,-53.89973582779,0.2717,0.0867,0.3048,0.2843,1.040,0.790,0.434,0.676,0.469,19.749735,0.007105,19.885584,0.067483,18.990274,0.042637,1.487,0.895309,19.749735,0.007105,0,,---,---,---,---,---,---,---,---
J0408-5354,G1,04,08,21.7001,-,53,53,59.600,Quad,4.185000,62.09041700000,-53.89988900000,Publication,Lin,2017,2017ApJ...838L..15L,,---,,62.09041700000,-53.89988900000,62.09029542250,-53.89987432520,---,0.5970,2017ApJ...838L..15L,2.375,jG,LIN,---,--,0.59671000,,VizieR_J/MNRAS/498/3241/tablea2,0,,,---,---,---,---,---,---,---,,--,0,---,---,---,---,---,---,---,---,---,---,---,---,---,---,---,---,---,---,---,---,---,---,---,1,J040821.63-535358.9,14.083,13.169,10.752,8.529,0.024,0.023,0.056,0.166
J0408-5354,D,04,08,21.7342,-,53,53,57.941,Quad,4.185000,62.09055930610,-53.89942802530,Gaia_DR3,Lin,2017,2017ApJ...838L..15L,,---,,62.09133330000,-53.90026600000,62.09029542250,-53.89987432520,2.3750,---,2017ApJ...838L..15L,2.375,jG,LIN,---,--,0.59671000,,VizieR_J/MNRAS/498/3241/tablea2,1,DR3Gaia040821.942-535400.90,2,10,1.08368509370,53.50650,-0.94072267774,45.50805,20.5672,0.13742,0,0,1,4779903605191703296,62.09055990399,1.5423,-53.89942752687,1.4422,---,---,---,---,---,---,---,---,20.832964,0.020804,---,---,---,---,---,---,20.832964,0.020804,0,,---,---,---,---,---,---,---,---
J0408-5354,A,04,08,21.9419,-,53,54,00.902,Quad,4.185000,62.09142465710,-53.90025047600,Gaia_DR3,Lin,2017,2017ApJ...838L..15L,,---,,62.08959580000,-53.89977600000,62.09029542250,-53.89987432520,2.3750,0.5970,2017ApJ...838L..15L,2.375,jG,LIN,---,--,0.59671000,,VizieR_J/MNRAS/498/3241/tablea2,1,DR3Gaia040821.942-535400.90,3,36,1.08369986323,51.82152,-0.94073684205,73.27393,20.3811,0.14740,0,0,1,4779902849277205760,62.09142462754,0.4917,-53.90025050761,0.4738,-0.6642,0.5090,-1.3048,2.139,-1.199,0.758,-1.771,0.829,20.440605,0.010656,20.204796,0.118682,19.898092,0.121455,1.595,0.306704,20.440943,0.010659,0,,---,---,---,---,---,---,---,---
MGJ0414+0534,D,04,14,37.6400,+,05,34,42.700,Quad,2.092000,63.65683333330,5.57852777780,Publication,Hewitt,1992,1992AJ....104..968H,,---,,63.65683333333,5.57852777778,63.65720833333,5.57862500000,2.6300,---,1999AJ....117.2034T,---,,,---,--,2.63900000,,VizieR_VII/224/table1,0,,,---,---,---,---,---,---,---,,--,0,---,---,---,---,---,---,---,---,---,---,---,---,---,---,---,---,---,---,---,---,---,---,---,0,,---,---,---,---,---,---,---,---
MGJ0414+0534,G,04,14,37.7000,+,05,34,43.000,Quad,2.092000,63.65708333330,5.57861111110,Publication,Hewitt,1992,1992AJ....104..968H,,---,,63.65708333333,5.57861111111,63.65720833333,5.57862500000,---,0.9584,1999AJ....117.2034T,---,,,---,--,2.63900000,KEEP(s),VizieR_J/ApJS/221/12/table1,0,,,---,---,---,---,---,---,---,,--,0,---,---,---,---,---,---,---,---,---,---,---,---,---,---,---,---,---,---,---,---,---,---,---,1,J041437.74+053442.7,12.222,11.140,7.448,5.291,0.023,0.021,0.017,0.043
MGJ0414+0534,C,04,14,37.7300,+,05,34,44.300,Quad,2.092000,63.65720833330,5.57897222220,Publication,Hewitt,1992,1992AJ....104..968H,,---,,63.65720833333,5.57897222222,63.65720833333,5.57862500000,2.6300,---,1999AJ....117.2034T,---,,,---,--,2.63900000,,VizieR_VII/224/table1,0,,,---,---,---,---,---,---,---,,--,0,---,---,---,---,---,---,---,---,---,---,---,---,---,---,---,---,---,---,---,---,---,---,---,0,,---,---,---,---,---,---,---,---
MGJ0414+0534,A,04,14,37.7700,+,05,34,42.400,Quad,2.092000,63.65737500000,5.57844444440,Publication,Hewitt,1992,1992AJ....104..968H,,---,,63.65737500000,5.57844444444,63.65720833333,5.57862500000,2.6300,0.9584,1999AJ....117.2034T,---,,,---,--,2.63900000,,VizieR_J/ApJS/175/314/table1,0,,,---,---,---,---,---,---,---,,--,0,---,---,---,---,---,---,---,---,---,---,---,---,---,---,---,---,---,---,---,---,---,---,---,0,,---,---,---,---,---,---,---,---
MGJ0414+0534,B,04,14,37.7800,+,05,34,42.800,Quad,2.092000,63.65741666670,5.57855555560,Publication,Hewitt,1992,1992AJ....104..968H,,---,,63.65741666667,5.57855555556,63.65720833333,5.57862500000,2.6300,---,1999AJ....117.2034T,---,,,---,--,2.63900000,KEEP(s),VizieR_J/ApJS/221/12/table1,0,,,---,---,---,---,---,---,---,,--,0,---,---,---,---,---,---,---,---,---,---,---,---,---,---,---,---,---,---,---,---,---,---,---,0,,---,---,---,---,---,---,---,---
J0416-5606,A,04,16,42.7675,-,56,06,25.801,Double,1.038000,64.17819791660,-56.10716692060,Gaia_DR3,Lemon,2023,2023MNRAS.520.3305L,,---,,64.17830000000,-56.10730000000,64.17821748050,-56.10731060740,1.4500,---,2023MNRAS.520.3305L,1.450,jG,LEMON4,---,--,---,,,1,DR3Gaia041642.767-560625.80,1,45,1.12012087782,71.57572,-0.97925481291,61.05294,20.0625,0.14262,0,0,1,4778637895508914048,64.17819754392,0.3829,-56.10716721359,0.3690,-0.0733,0.4136,-0.1772,2.360,-2.356,0.511,-0.141,0.537,20.049911,0.007723,19.924595,0.049058,18.852522,0.035587,2.082,1.072073,20.052926,0.007742,1,J041642.78-560626.1,14.700,13.815,11.378,9.036,0.027,0.027,0.084,0.256
J0416-5606,B,04,16,42.7769,-,56,06,26.835,Double,1.038000,64.17823704440,-56.10745429420,Gaia_DR3,Lemon,2023,2023MNRAS.520.3305L,,---,,64.17830000000,-56.10730000000,64.17821748050,-56.10731060740,1.4500,---,2023MNRAS.520.3305L,1.450,jG,LEMON4,---,--,---,,,1,DR3Gaia041642.767-560625.80,2,20,1.12012169545,97.13178,-0.97925989903,79.15007,20.6391,0.14840,0,0,1,4778637895509908608,64.17823897908,1.7738,-56.10745395826,1.3669,---,---,---,---,---,---,---,---,20.904203,0.016399,---,---,---,---,---,---,20.904203,0.016399,0,,---,---,---,---,---,---,---,---
J0416+7428,A,04,16,47.2040,+,74,28,57.658,Double,2.640000,64.19668334130,74.48268284420,Gaia_DR3,Lemon,2023,2023MNRAS.520.3305L,,---,,64.19720000000,74.48270000000,64.19795908295,74.48254897995,0.9000,0.0970,2023MNRAS.520.3305L,0.900,,LEMON4,---,--,---,,,1,DR3Gaia041647.204+742857.66,1,56,1.12044343559,53.74143,1.29996796463,58.43100,19.4277,0.12466,0,0,1,549718671012171520,64.19668419227,0.2689,74.48268321460,0.3164,0.7069,0.3900,1.8125,1.329,-0.024,0.331,1.328,0.399,19.477179,0.007141,18.650457,0.039891,16.828135,0.022716,6.382,1.822323,19.471343,0.007108,1,J041647.33+742857.7,12.013,11.118,8.242,5.773,0.028,0.022,0.020,0.040
J0416+7428,G,04,16,47.3639,+,74,28,57.141,Double,2.640000,64.19734975290,74.48253923950,Gaia_DR3,Lemon,2023,2023MNRAS.520.3305L,,---,,64.19720000000,74.48270000000,64.19795908295,74.48254897995,---,0.0970,2023MNRAS.520.3305L,0.900,,LEMON4,---,--,---,,,1,DR3Gaia041647.204+742857.66,3,37,1.12045415670,84.77309,1.29996541221,78.60706,19.8974,0.19563,0,0,1,549718675305852800,64.19734848066,4.1898,74.48253770910,6.6293,---,---,---,---,---,---,---,---,20.636585,0.034446,---,---,---,---,---,---,20.636585,0.034446,0,,---,---,---,---,---,---,---,---
J0416+7428,B,04,16,47.8164,+,74,28,56.694,Double,2.640000,64.19923482460,74.48241511570,Gaia_DR3,Lemon,2023,2023MNRAS.520.3305L,,---,,64.19720000000,74.48270000000,64.19795908295,74.48254897995,0.9000,---,2023MNRAS.520.3305L,0.900,,LEMON4,---,--,---,,,1,DR3Gaia041647.204+742857.66,2,53,1.12048814191,48.24337,1.29996333541,67.80884,19.9956,0.20090,0,0,1,549718675305852672,64.19923516141,0.2720,74.48241519405,0.3342,-0.3847,0.3924,-0.9803,0.898,0.384,0.328,-0.812,0.430,19.992903,0.009539,19.887396,0.157724,18.367172,0.193198,2.681,1.520224,19.991537,0.009528,0,,---,---,---,---,---,---,---,---
J0417+3325,A,04,17,59.2385,+,33,25,01.213,Double,1.677000,64.49682726940,33.41700373560,Gaia_DR3,Lemon,2018,2018MNRAS.479.5060L,,---,,64.49699960000,33.41728060000,64.49700639225,33.41682514205,1.4100,---,2018MNRAS.479.5060L,---,,,---,--,---,,,1,DR3Gaia041759.239+332501.21,2,29,1.12568185685,67.80480,0.58323667792,51.51709,19.5620,0.17935,0,0,1,175720825910626304,64.49682726622,0.3855,33.41700386616,0.2513,-0.9743,0.4725,-2.0620,2.197,-2.023,0.718,-0.858,0.531,19.454296,0.006654,19.701680,0.084830,18.080650,0.053655,2.069,1.621029,19.451543,0.006640,1,J041759.26+332500.7,14.173,13.191,10.191,7.690,0.029,0.043,0.097,0.277
J0417+3325,G,04,17,59.2889,+,33,25,00.230,Double,1.677000,64.49703702920,33.41673042030,Gaia_FPR,Lemon,2018,2018MNRAS.479.5060L,,---,,64.49704167000,33.41680556000,64.49700639225,33.41682514205,---,---,2018MNRAS.479.5060L,---,,,---,--,---,,,1,DR3Gaia041759.239+332501.21,3,8,1.12568505921,68.72330,0.58323161011,67.06117,20.5371,0.26568,0,0,0,---,---,---,---,---,---,---,---,---,---,---,---,---,---,---,---,---,---,---,---,---,---,---,0,,---,---,---,---,---,---,---,---
J0417+3325,B,04,17,59.3245,+,33,24,59.928,Double,1.677000,64.49718551510,33.41664654850,Gaia_DR3,Lemon,2018,2018MNRAS.479.5060L,,---,,64.49666670000,33.41693610000,64.49700639225,33.41682514205,1.4100,---,2018MNRAS.479.5060L,---,,,---,--,---,,,1,DR3Gaia041759.239+332501.21,1,29,1.12568803636,92.37777,0.58323053373,72.99486,20.0841,0.16517,0,0,1,175720825912855040,64.49718517781,1.1184,33.41664681493,0.7564,3.1262,1.4565,2.1463,1.878,-1.009,2.066,-1.584,1.440,20.197030,0.023701,---,---,---,---,---,---,20.197030,0.023701,0,,---,---,---,---,---,---,---,---
J0420-4037,A,04,20,46.7181,-,40,37,27.258,Quad,1.719000,65.19465865882,-40.62423840119,Gaia_DR3,Shajib,2019,2019MNRAS.483.5649S,,---,,65.19465866000,-40.62423840000,65.19488918391,-40.62410318588,2.4000,---,2019MNRAS.483.5649S,---,,,---,--,---,,,0,,,---,---,---,---,---,---,---,,--,1,4840970068681996416,65.19465865882,0.4201,-40.62423840119,0.4205,-1.2306,0.4875,-2.5243,2.068,1.514,0.519,-1.408,0.583,19.733637,0.009310,19.194313,0.051093,18.383688,0.042420,---,0.810625,19.737438,0.009340,0,,---,---,---,---,---,---,---,---
J0420-4037,B,04,20,46.7391,-,40,37,26.226,Quad,1.719000,65.19474632683,-40.62395170232,Gaia_DR3,Shajib,2019,2019MNRAS.483.5649S,,---,,65.19474906000,-40.62395396000,65.19488918391,-40.62410318588,2.4000,---,2019MNRAS.483.5649S,---,,,---,--,---,,,0,,,---,---,---,---,---,---,---,,--,1,4840970068681242112,65.19474632683,1.2839,-40.62395170232,0.8258,-1.9820,1.0010,-1.9801,8.215,4.492,1.382,-6.878,1.033,20.278679,0.019823,---,---,---,---,---,---,20.278679,0.019823,0,,---,---,---,---,---,---,---,---
J0420-4037,G,04,20,46.7795,-,40,37,26.910,Quad,1.719000,65.19491448000,-40.62414173000,HST,Shajib,2019,2019MNRAS.483.5649S,,---,,65.19491448000,-40.62414173000,65.19488918391,-40.62410318588,---,0.3580,2019MNRAS.483.5649S,---,,,---,--,---,,,0,,,---,---,---,---,---,---,---,,--,0,---,---,---,---,---,---,---,---,---,---,---,---,---,---,---,---,---,---,---,---,---,---,---,0,,---,---,---,---,---,---,---,---
J0420-4037,D,04,20,46.7948,-,40,37,26.113,Quad,1.719000,65.19497816000,-40.62392035000,HST,Shajib,2019,2019MNRAS.483.5649S,,---,,65.19497816000,-40.62392035000,65.19488918391,-40.62410318588,2.4000,---,2019MNRAS.483.5649S,---,,,---,--,---,,,0,,,---,---,---,---,---,---,---,,--,0,---,---,---,---,---,---,---,---,---,---,---,---,---,---,---,---,---,---,---,---,---,---,---,0,,---,---,---,---,---,---,---,---
J0420-4037,C,04,20,46.8417,-,40,37,27.488,Quad,1.719000,65.19517359000,-40.62430229000,HST,Shajib,2019,2019MNRAS.483.5649S,,---,,65.19517359000,-40.62430229000,65.19488918391,-40.62410318588,2.4000,0.3580,2019MNRAS.483.5649S,---,,,---,--,---,,,0,,,---,---,---,---,---,---,---,,--,0,---,---,---,---,---,---,---,---,---,---,---,---,---,---,---,---,---,---,---,---,---,---,---,0,,---,---,---,---,---,---,---,---
PSJ042913.17+142840.9,C,04,29,13.1398,+,14,28,40.443,Quad,1.313000,67.30474925540,14.47790075610,Gaia_DR3,Desira,2022,2022MNRAS.509..738D,,---,,67.30474600000,14.47790200000,67.30492798267,14.47796871095,3.8660,---,2022MNRAS.509..738D,3.866,jG,GL2hiz,---,--,---,,,1,DR3Gaia042913.139+142840.45,2,50,1.17468955334,73.98862,0.25268702564,44.41681,19.9213,0.17865,0,0,1,3310898517920595968,67.30474598214,1.1298,14.47790156377,0.5426,4.7506,1.1498,4.1315,7.449,6.989,1.642,-2.576,0.964,19.960220,0.015965,19.798073,0.055401,17.899048,0.049106,3.652,1.899025,19.953122,0.015864,1,J042913.17+142840.8,13.522,13.041,9.523,7.122,0.025,0.031,0.045,0.097
PSJ042913.17+142840.9,B,04,29,13.1676,+,14,28,41.005,Quad,1.313000,67.30486515000,14.47805707000,Publication,Desira,2022,2022MNRAS.509..738D,,---,,67.30474600000,14.47790200000,67.30492798267,14.47796871095,3.8660,---,2022MNRAS.509..738D,3.866,jG,GL2hiz,---,--,---,,,0,,,---,---,---,---,---,---,---,,--,0,---,---,---,---,---,---,---,---,---,---,---,---,---,---,---,---,---,---,---,---,---,---,---,0,,---,---,---,---,---,---,---,---
PSJ042913.17+142840.9,A,04,29,13.1963,+,14,28,41.197,Quad,1.313000,67.30498439530,14.47811034770,Gaia_DR3,Desira,2022,2022MNRAS.509..738D,,---,,67.30474600000,14.47790200000,67.30492798267,14.47796871095,3.8660,---,2022MNRAS.509..738D,3.866,jG,GL2hiz,---,--,---,,,1,DR3Gaia042913.139+142840.45,1,78,1.17469271067,210.60192,0.25269039926,92.90468,19.7254,0.29489,0,1,1,3310898517920596096,67.30498215368,3.1582,14.47810826814,1.5477,---,---,---,---,---,---,---,---,19.635777,0.014770,19.621317,0.057081,17.843800,0.031626,2.928,1.777517,19.635777,0.014770,0,,---,---,---,---,---,---,---,---
PSJ042913.17+142840.9,D,04,29,13.2272,+,14,28,40.104,Quad,1.313000,67.30511313000,14.47780667000,Gaia_FPR,Desira,2022,2022MNRAS.509..738D,,---,,67.30474600000,14.47790200000,67.30492798267,14.47796871095,3.8660,---,2022MNRAS.509..738D,3.866,jG,GL2hiz,---,--,---,,,1,DR3Gaia042913.139+142840.45,3,3,1.17469637036,26.44049,0.25268527976,47.28343,20.7812,0.19009,0,0,0,---,---,---,---,---,---,---,---,---,---,---,---,---,---,---,---,---,---,---,---,---,---,---,0,,---,---,---,---,---,---,---,---
HE0435-1223,C,04,38,14.7848,-,12,17,14.934,Quad,2.539000,69.56160342080,-12.28748166820,Gaia_DR3,Wisotzki,2002,2002A&A...395...17W,,---,,69.56166370000,-12.28717970000,69.56195774722,-12.28742970938,1.6890,---,2006ApJ...641...70O,---,,,---,--,0.45460001,KEEP(    ),EXTERNAL_NED_2005AJ....129.2531M,1,DR3Gaia043814.852-121713.78,2,73,1.21407899210,53.68337,-0.21445702156,48.83437,18.8093,0.20093,0,0,1,3178020716638059136,69.56160346144,0.1338,-12.28748166513,0.1055,-0.3722,0.2116,-1.7588,0.608,-0.608,0.147,0.009,0.121,18.740940,0.008392,18.558586,0.077804,17.860598,0.050393,1.805,0.697989,18.744581,0.008417,0,,---,---,---,---,---,---,---,---
HE0435-1223,B,04,38,14.8524,-,12,17,13.778,Quad,2.539000,69.56188488790,-12.28716055610,Gaia_DR3,Wisotzki,2002,2002A&A...395...17W,,---,,69.56138200000,-12.28750080000,69.56195774722,-12.28742970938,1.6890,---,2006ApJ...641...70O,---,,,---,--,1.69606000,,VizieR_J/ApJS/219/29/table6,1,DR3Gaia043814.852-121713.78,1,72,1.21408387050,46.11243,-0.21445141874,40.85772,18.7852,0.25401,0,0,1,3178020716640423680,69.56188494287,0.1259,-12.28716059697,0.1019,-0.1371,0.2143,-0.6397,0.254,0.133,0.137,-0.217,0.113,18.698267,0.011124,---,---,---,---,---,---,18.698267,0.011124,0,,---,---,---,---,---,---,---,---
HE0435-1223,G,04,38,14.8600,-,12,17,14.900,Quad,2.539000,69.56191667000,-12.28747222000,Publication,Wisotzki,2002,2002A&A...395...17W,,---,,69.56191667000,-12.28747222000,69.56195774722,-12.28742970938,---,0.4550,2006ApJ...641...70O,---,,,---,--,1.69606000,,VizieR_J/ApJS/219/29/table6,0,,,---,---,---,---,---,---,---,,--,0,---,---,---,---,---,---,---,---,---,---,---,---,---,---,---,---,---,---,---,---,---,---,---,1,J043814.85-121714.9,13.673,12.495,9.362,6.815,0.025,0.023,0.033,0.099
HE0435-1223,D,04,38,14.8891,-,12,17,15.945,Quad,2.539000,69.56203804880,-12.28776249890,Gaia_DR3,Wisotzki,2002,2002A&A...395...17W,,---,,69.56181640000,-12.28778170000,69.56195774722,-12.28742970938,1.6890,---,2006ApJ...641...70O,---,,,---,--,1.69606000,,VizieR_J/ApJS/219/29/table6,1,DR3Gaia043814.852-121713.78,4,70,1.21408652559,56.40739,-0.21446191278,52.46752,19.2194,0.20550,0,0,1,3178020716638059392,69.56203792816,0.1892,-12.28776251332,0.1485,0.3466,0.2697,1.2849,0.346,0.288,0.256,0.192,0.190,19.211363,0.008208,---,---,---,---,---,---,19.211363,0.008208,0,,---,---,---,---,---,---,---,---
HE0435-1223,A,04,38,14.9531,-,12,17,14.331,Quad,2.539000,69.56230463140,-12.28731411430,Gaia_DR3,Wisotzki,2002,2002A&A...395...17W,,---,,69.56208330000,-12.28733330000,69.56195774722,-12.28742970938,1.6890,0.4550,2006ApJ...641...70O,---,,,1.695949,0,1.69606000,,VizieR_J/ApJS/219/29/table6,1,DR3Gaia043814.852-121713.78,3,74,1.21409125404,45.56209,-0.21445406646,40.84288,18.5608,0.17112,0,0,1,3178020716638059264,69.56230463466,0.0982,-12.28731414962,0.0814,0.1080,0.1585,0.6814,0.091,-0.023,0.113,-0.089,0.092,18.495533,0.006659,18.197462,0.032507,17.592420,0.025824,1.921,0.605042,18.498791,0.006675,0,,---,---,---,---,---,---,---,---
J043947.08+163415.7,A,04,39,47.0863,+,16,34,16.014,Double,0.325000,69.94619300000,16.57111500000,Publication,Fan,2019,2019ApJ...870L..11F,,---,,69.94619300000,16.57111500000,69.94620437975,16.57107121600,6.5110,---,2019ApJ...870L..11F,---,,,---,--,---,,,0,,,---,---,---,---,---,---,---,,--,0,---,---,---,---,---,---,---,---,---,---,---,---,---,---,---,---,---,---,---,---,---,---,---,1,J043947.09+163415.8,13.979,13.244,10.276,7.165,0.029,0.032,0.087,0.125
J043947.08+163415.7,B,04,39,47.0918,+,16,34,15.699,Double,0.325000,69.94621575950,16.57102743200,Publication,Fan,2019,2019ApJ...870L..11F,,---,,69.94616666670,16.57100000000,69.94620437975,16.57107121600,6.5110,---,2019ApJ...870L..11F,---,,,---,--,---,,,0,,,---,---,---,---,---,---,---,,--,0,---,---,---,---,---,---,---,---,---,---,---,---,---,---,---,---,---,---,---,---,---,---,---,0,,---,---,---,---,---,---,---,---
J0440-0905,A,04,40,11.5620,-,09,05,29.050,Double,1.688000,70.04817500160,-9.09140290800,Gaia_DR3,Lemon,2023,2023MNRAS.520.3305L,,---,,70.04820000000,-9.09110000000,70.04824133275,-9.09117778905,2.1050,---,2023MNRAS.520.3305L,2.105,pG,LEMON4,2.094014,0,1.90553000,,VizieR_J/A+A/683/A112/lqac6,1,DR3Gaia044011.594-090527.43,2,50,1.22257130322,49.04247,-0.15867490910,39.72632,19.2131,0.11990,0,0,1,3185808420059318016,70.04817508052,0.1882,-9.09140291621,0.1319,-0.1415,0.2675,-0.5290,0.353,-0.353,0.253,-0.004,0.228,19.148240,0.004469,19.107014,0.034183,18.355238,0.033795,1.627,0.751776,19.148240,0.004469,0,,---,---,---,---,---,---,---,---
J0440-0905,B,04,40,11.5938,-,09,05,27.430,Double,1.688000,70.04830766390,-9.09095267010,Gaia_DR3,Lemon,2023,2023MNRAS.520.3305L,,---,,70.04820000000,-9.09110000000,70.04824133275,-9.09117778905,2.1050,---,2023MNRAS.520.3305L,2.105,pG,LEMON4,---,--,1.90553000,,VizieR_J/A+A/683/A112/lqac6,1,DR3Gaia044011.594-090527.43,1,49,1.22257353929,64.53569,-0.15866707264,52.37259,19.8740,0.13306,0,0,1,3185808420058249856,70.04830756658,0.4652,-9.09095259562,0.2629,0.6375,0.5473,1.1650,0.464,-0.167,0.762,0.433,0.591,19.919819,0.010324,---,---,---,---,---,---,19.919819,0.010324,1,J044011.60-090528.0,14.961,13.912,10.731,8.303,0.035,0.037,0.108,0.254
B0445+123,A,04,48,21.9900,+,12,27,55.410,Double,1.318000,72.09162500000,12.46539170000,Publication,Argo,2003,2003MNRAS.338..957A,,---,,72.09162500000,12.46539170000,72.09178960000,12.46547930000,---,0.5583,,---,,,---,--,---,,,0,,,---,---,---,---,---,---,---,,--,0,---,---,---,---,---,---,---,---,---,---,---,---,---,---,---,---,---,---,---,---,---,---,---,1,J044822.00+122755.6,14.951,14.104,11.572,8.169,0.037,0.048,0.275,---
B0445+123,G1,04,48,22.0535,+,12,27,55.770,Double,1.318000,72.09188960000,12.46549170000,Publication,Argo,2003,2003MNRAS.338..957A,,---,,72.09188960000,12.46549170000,72.09178960000,12.46547930000,---,0.5583,2023A&A...672A..20M,---,,,---,--,---,,,0,,,---,---,---,---,---,---,---,,--,0,---,---,---,---,---,---,---,---,---,---,---,---,---,---,---,---,---,---,---,---,---,---,---,0,,---,---,---,---,---,---,---,---
B0445+123,B,04,48,22.0690,+,12,27,56.041,Double,1.318000,72.09195420000,12.46556690000,Publication,Argo,2003,2003MNRAS.338..957A,,---,,72.09195420000,12.46556690000,72.09178960000,12.46547930000,---,---,,---,,,---,--,---,,,0,,,---,---,---,---,---,---,---,,--,0,---,---,---,---,---,---,---,---,---,---,---,---,---,---,---,---,---,---,---,---,---,---,---,0,,---,---,---,---,---,---,---,---
B0445+123,G2,04,48,22.1537,+,12,27,55.772,Double,1.318000,72.09230690000,12.46549220000,Publication,Argo,2003,2003MNRAS.338..957A,,---,,72.09230690000,12.46549220000,72.09178960000,12.46547930000,---,---,,---,,,---,--,---,,,0,,,---,---,---,---,---,---,---,,--,0,---,---,---,---,---,---,---,---,---,---,---,---,---,---,---,---,---,---,---,---,---,---,---,0,,---,---,---,---,---,---,---,---
J0457-7820,C,04,57,23.0908,-,78,20,50.800,Triple,4.891000,74.34621152790,-78.34744439460,Gaia_DR3,Lemon,2023,2023MNRAS.520.3305L,,---,,74.34830000000,-78.34660000000,74.34788483143,-78.34678565517,3.1450,---,2023MNRAS.520.3305L,3.145,j,LEMON4,3.166263,16,---,,,1,DR3Gaia045723.480-782047.91,3,42,1.29758626599,70.96932,-1.36742091241,52.27011,19.6507,0.12404,0,0,1,4624301922219288704,74.34621133802,0.2912,-78.34744425041,0.3236,-0.0337,0.3180,-0.1059,0.368,0.231,0.389,0.287,0.426,19.589592,0.006135,19.996370,0.071878,18.895468,0.057794,1.296,1.100903,19.589592,0.006135,0,,---,---,---,---,---,---,---,---
J0457-7820,A,04,57,23.4801,-,78,20,47.907,Triple,4.891000,74.34783386290,-78.34664079410,Gaia_DR3,Lemon,2023,2023MNRAS.520.3305L,,---,,74.34830000000,-78.34660000000,74.34788483143,-78.34678565517,3.1450,0.6290,2023MNRAS.520.3305L,3.145,j,LEMON4,---,--,---,,,1,DR3Gaia045723.480-782047.91,1,41,1.29761468643,49.27643,-1.36740680772,45.98347,18.9253,0.11259,0,0,1,4624301922220808832,74.34783391015,0.1628,-78.34664075187,0.1685,-0.1388,0.1724,-0.8053,0.059,0.031,0.218,0.049,0.217,18.825611,0.005164,19.108614,0.052586,17.931923,0.036480,1.518,1.176691,18.827909,0.005172,1,J045723.56-782048.3,13.709,12.757,9.047,6.692,0.024,0.023,0.023,0.043
J0457-7820,B,04,57,23.9062,-,78,20,46.578,Triple,4.891000,74.34960910350,-78.34627177680,Gaia_DR3,Lemon,2023,2023MNRAS.520.3305L,,---,,74.34830000000,-78.34660000000,74.34788483143,-78.34678565517,3.1450,---,2023MNRAS.520.3305L,3.145,j,LEMON4,---,--,---,,,1,DR3Gaia045723.480-782047.91,2,42,1.29764571319,49.15020,-1.36740037632,61.41998,19.1693,0.11641,0,0,1,4624301922219288576,74.34960887801,0.1862,-78.34627177317,0.1847,-0.0623,0.1903,-0.3273,0.269,-0.095,0.255,0.251,0.238,19.078531,0.005714,---,---,---,---,---,---,19.078531,0.005714,0,,---,---,---,---,---,---,---,---
J050129.5-073309,A,05,01,29.4178,-,07,33,07.126,Double,2.698000,75.37257428940,-7.55197950180,Gaia_DR3,Tubin-Arenas,2023,2023A&A...672L...9T,,---,,75.37257400000,-7.55197900000,75.37287554475,-7.55175312750,2.4700,---,2023A&A...672L...9T,2.470,nG,SRGQQ,2.480677,0,---,,,1,DR3Gaia050129.418-073307.13,1,49,1.31549958244,55.15469,-0.13180689268,45.57338,17.0341,0.08963,0,0,1,3187010529866092672,75.37257429031,0.0506,-7.55197950422,0.0412,0.0137,0.0707,0.1936,0.034,0.001,0.070,-0.034,0.057,16.950620,0.003182,17.099630,0.007985,16.532824,0.008148,1.251,0.566807,16.950620,0.003182,1,J050129.46-073306.4,13.231,12.657,9.638,7.198,0.024,0.026,0.041,0.101
J050129.5-073309,G,05,01,29.4480,-,07,33,05.760,Double,2.698000,75.37270000000,-7.55160000000,Publication,Tubin-Arenas,2023,2023A&A...672L...9T,,---,,75.37270000000,-7.55160000000,75.37287554475,-7.55175312750,---,---,2023A&A...672L...9T,2.470,nG,SRGQQ,---,--,---,,,0,,,---,---,---,---,---,---,---,,--,0,---,---,---,---,---,---,---,---,---,---,---,---,---,---,---,---,---,---,---,---,---,---,---,0,,---,---,---,---,---,---,---,---
J050129.5-073309,B,05,01,29.5624,-,07,33,05.496,Double,2.698000,75.37317680010,-7.55152675320,Gaia_DR3,Tubin-Arenas,2023,2023A&A...672L...9T,,---,,75.37317600000,-7.55152600000,75.37287554475,-7.55175312750,2.4700,---,2023A&A...672L...9T,2.470,nG,SRGQQ,2.499181,0,---,,,1,DR3Gaia050129.418-073307.13,3,49,1.31551010066,54.84436,-0.13179899435,43.67911,17.4267,0.08932,0,0,1,3187010529864990464,75.37317681119,0.0589,-7.55152676416,0.0478,0.0805,0.0827,0.9741,0.156,0.156,0.081,-0.001,0.066,17.330334,0.004326,17.536879,0.014472,16.873451,0.015509,1.241,0.663427,17.330334,0.004326,0,,---,---,---,---,---,---,---,---
DESJ0501-4118,B,05,01,45.9191,-,41,18,01.353,Double,3.722000,75.44132966690,-41.30037573660,Gaia_DR3,Lemon,2020,2020MNRAS.494.3491L,,---,,75.44130000000,-41.30030000000,75.44200875785,-41.30029221055,2.1000,---,2020MNRAS.494.3491L,---,,,2.107875,0,2.10787000,,VizieR_J/A+A/683/A112/lqac6,1,DR3Gaia050146.245-411800.75,1,47,1.31669958286,53.78268,-0.72082752157,51.98999,18.8697,0.14698,0,0,1,4813484717527554560,75.44132974291,0.1115,-41.30037572482,0.1324,-0.0631,0.1324,-0.4768,0.138,0.073,0.147,-0.117,0.165,18.764828,0.005407,18.819143,0.024579,18.071045,0.021818,1.487,0.748098,18.764828,0.005407,0,,---,---,---,---,---,---,---,---
DESJ0501-4118,A,05,01,46.2451,-,41,18,00.751,Double,3.722000,75.44268784880,-41.30020868450,Gaia_DR3,Lemon,2020,2020MNRAS.494.3491L,,---,,75.44130000000,-41.30030000000,75.44200875785,-41.30029221055,2.1000,---,2020MNRAS.494.3491L,---,,,2.114458,0,2.11446000,,VizieR_J/A+A/683/A112/lqac6,1,DR3Gaia050146.245-411800.75,2,47,1.31672332411,44.68069,-0.72082462123,48.43998,18.6459,0.15704,0,0,1,4813484648808076544,75.44268789038,0.0961,-41.30020868328,0.1115,0.0738,0.1140,0.6471,0.257,0.058,0.126,0.251,0.140,18.545580,0.004671,18.699413,0.021207,18.103916,0.017725,1.262,0.595497,18.545580,0.004671,0,,---,---,---,---,---,---,---,---
J0504-2446,B,05,04,38.7208,-,24,46,31.505,Double,2.050000,76.16133654910,-24.77541803120,Gaia_DR3,Lemon,2023,2023MNRAS.520.3305L,,---,,76.16160000000,-24.77520000000,76.16158352235,-24.77524253185,0.7710,---,2023MNRAS.520.3305L,0.771,p,LEMON4,---,--,---,,,1,DR3Gaia050438.839-244630.24,2,54,1.32926609673,49.38949,-0.43241250213,65.62627,20.3113,0.24768,0,0,1,2959785663027256960,76.16133657329,0.3701,-24.77541804828,0.5148,-0.6129,0.6117,-1.0020,0.742,-0.627,0.466,0.397,0.689,20.468872,0.013064,19.987162,0.205126,18.496290,0.203678,3.720,1.490871,20.467886,0.013053,0,,---,---,---,---,---,---,---,---
J0504-2446,A,05,04,38.8393,-,24,46,30.241,Double,2.050000,76.16183049560,-24.77506703250,Gaia_DR3,Lemon,2023,2023MNRAS.520.3305L,,---,,76.16160000000,-24.77520000000,76.16158352235,-24.77524253185,0.7710,---,2023MNRAS.520.3305L,0.771,p,LEMON4,---,--,---,,,1,DR3Gaia050438.839-244630.24,1,67,1.32927468594,46.58205,-0.43240648196,53.75767,19.2143,0.28471,0,0,1,2959785663027256832,76.16183050493,0.1355,-24.77506717992,0.1722,0.7088,0.2204,3.2164,0.643,0.113,0.166,-0.633,0.209,19.178066,0.012101,18.852840,0.029494,17.777225,0.019062,2.508,1.075615,19.181060,0.012132,1,J050438.79-244630.6,13.296,12.843,10.017,7.318,0.025,0.025,0.042,0.096
HE0512-3329,B,05,14,10.8907,-,33,26,22.897,Double,0.646000,78.54537794070,-33.43969366010,Gaia_DR3,Wucknitz,2003,2003A&A...405..445W,,---,,78.54491670000,-33.43958330000,78.54540825290,-33.43960756325,1.5650,---,2002A&ARv..10..263C,---,,,---,--,1.56900000,KEEP(s),VizieR_J/ApJS/221/12/table1,1,DR3Gaia051410.905-332622.28,1,45,1.37087546495,41.04238,-0.58363269967,41.76974,18.2510,0.12813,0,0,1,4826116113266112768,78.54537817115,0.1973,-33.43969371808,0.0980,-0.0213,0.1396,-0.1523,0.159,-0.014,0.262,0.158,0.159,18.207695,0.005822,---,---,---,---,---,---,18.207695,0.005822,1,J051410.90-332622.4,13.290,11.713,8.540,6.257,0.025,0.021,0.020,0.045
HE0512-3329,A,05,14,10.9053,-,33,26,22.277,Double,0.646000,78.54543856510,-33.43952146640,Gaia_DR3,Wucknitz,2003,2003A&A...405..445W,,---,,78.54497730000,-33.43941080000,78.54540825290,-33.43960756325,1.5650,0.9310,2002A&ARv..10..263C,---,,,---,--,1.56900000,KEEP(s),VizieR_J/ApJS/221/12/table1,1,DR3Gaia051410.905-332622.28,2,50,1.37087647223,46.85118,-0.58362981583,55.44855,17.9784,0.13687,0,0,1,4826116113268202112,78.54543833746,0.1317,-33.43952144944,0.1129,-0.1844,0.1509,-1.2217,0.233,0.101,0.163,-0.210,0.154,17.953390,0.004112,17.762447,0.015797,16.699656,0.014529,2.200,1.062792,17.956458,0.004118,0,,---,---,---,---,---,---,---,---
HE0512-3329,G,05,14,10.9100,-,33,26,22.400,Double,0.646000,78.54545833330,-33.43955555560,Publication,Wucknitz,2003,2003A&A...405..445W,,---,,78.54545833330,-33.43955555560,78.54540825290,-33.43960756325,---,0.9310,2002A&ARv..10..263C,---,,,---,--,1.56900000,KEEP(s),VizieR_J/ApJS/221/12/table1,0,,,---,---,---,---,---,---,---,,--,0,---,---,---,---,---,---,---,---,---,---,---,---,---,---,---,---,---,---,---,---,---,---,---,0,,---,---,---,---,---,---,---,---
J0525-4153,S,05,25,35.8845,-,41,53,46.230,Double,0.000000,81.39951866853,-41.89617505877,Gaia_DR3,Scialpi,2024,2024A&A...690A..57S,,---,,81.39950000000,-41.89613888889,81.39951866853,-41.89617505877,2.1610,---,2024A&A...690A..57S,---,,,---,--,---,,,0,,,---,---,---,---,---,---,---,,--,1,4806652936390037120,81.39951866853,0.2107,-41.89617505877,0.2451,0.5445,0.2466,2.2080,2.488,-2.458,0.287,0.386,0.341,18.173044,0.006017,18.189064,0.014626,17.651756,0.014988,---,0.537308,18.173044,0.006017,0,,---,---,---,---,---,---,---,---
J0526-3933,B,05,26,11.2174,-,39,33,47.127,Double,1.417000,81.54673908120,-39.56309085000,Gaia_DR3,Lemon,2023,2023MNRAS.520.3305L,,---,,81.54700000000,-39.56300000000,81.54696388950,-39.56299746890,2.4100,---,2023MNRAS.520.3305L,2.410,j,LEMON4,---,--,---,,,1,DR3Gaia052611.325-393346.45,1,23,1.42325913718,39.77955,-0.69050619189,63.11896,20.4789,0.12488,0,0,1,4807486091324924288,81.54673887471,0.7428,-39.56308992335,1.7663,-0.6559,1.0444,-0.6280,5.204,-0.768,1.072,-5.147,2.617,20.600727,0.015303,---,---,---,---,---,---,20.600727,0.015303,1,J052611.27-393346.6,15.474,14.743,11.653,8.606,0.035,0.046,0.161,---
J0526-3933,A,05,26,11.3253,-,39,33,46.455,Double,1.417000,81.54718869780,-39.56290408780,Gaia_DR3,Lemon,2023,2023MNRAS.520.3305L,,---,,81.54700000000,-39.56300000000,81.54696388950,-39.56299746890,2.4100,---,2023MNRAS.520.3305L,2.410,j,LEMON4,---,--,---,,,1,DR3Gaia052611.325-393346.45,2,41,1.42326691032,56.81058,-0.69050298141,61.77639,19.9741,0.16233,0,0,1,4807486087029366784,81.54718868200,0.3162,-39.56290404517,0.4238,-0.0768,0.4037,-0.1902,0.569,-0.442,0.392,-0.358,0.546,19.962059,0.007846,19.812850,0.072495,19.081070,0.066798,1.780,0.731781,19.965782,0.007869,0,,---,---,---,---,---,---,---,---
DESJ0530-3730,B,05,30,36.9541,-,37,30,11.092,Quad,1.066000,82.65397553702,-37.50308115182,Gaia_DR3,Schmidt,2023,2023MNRAS.518.1260S,,---,,82.65397238000,-37.50308060000,82.65411301209,-37.50302863238,2.8380,---,2023MNRAS.518.1260S,---,,,---,--,---,,,0,,,---,---,---,---,---,---,---,,--,1,4821279499055314304,82.65397553702,0.8022,-37.50308115182,1.0286,---,---,---,---,---,---,---,---,18.164701,0.006451,---,---,---,---,---,---,18.164701,0.006451,0,,---,---,---,---,---,---,---,---
DESJ0530-3730,C,05,30,36.9736,-,37,30,10.610,Quad,1.066000,82.65405676000,-37.50294726000,HST,Schmidt,2023,2023MNRAS.518.1260S,,---,,82.65405676000,-37.50294726000,82.65411301209,-37.50302863238,2.8380,---,2023MNRAS.518.1260S,---,,,---,--,---,,,0,,,---,---,---,---,---,---,---,,--,0,---,---,---,---,---,---,---,---,---,---,---,---,---,---,---,---,---,---,---,---,---,---,---,0,,---,---,---,---,---,---,---,---
DESJ0530-3730,D,05,30,36.9841,-,37,30,10.542,Quad,1.066000,82.65410052959,-37.50292837584,Gaia_DR3,Schmidt,2023,2023MNRAS.518.1260S,,---,,82.65410053000,-37.50292838000,82.65411301209,-37.50302863238,2.8380,---,2023MNRAS.518.1260S,---,,,---,--,---,,,0,,,---,---,---,---,---,---,---,,--,1,4821279499056544128,82.65410052959,0.5416,-37.50292837584,0.5750,-0.8790,0.6681,-1.3158,1.124,-0.437,0.667,-1.035,0.721,17.328640,0.010203,17.216831,0.018404,16.228977,0.013050,---,0.987854,17.328640,0.010203,0,,---,---,---,---,---,---,---,---
DESJ0530-3730,G,05,30,37.0130,-,37,30,11.178,Quad,1.066000,82.65422063000,-37.50310504000,HST,Schmidt,2023,2023MNRAS.518.1260S,,---,,82.65422063000,-37.50310504000,82.65411301209,-37.50302863238,---,---,,---,,,---,--,---,,,0,,,---,---,---,---,---,---,---,,--,0,---,---,---,---,---,---,---,---,---,---,---,---,---,---,---,---,---,---,---,---,---,---,---,0,,---,---,---,---,---,---,---,---
DESJ0530-3730,A,05,30,37.0366,-,37,30,11.368,Quad,1.066000,82.65431922173,-37.50315774186,Gaia_DR3,Schmidt,2023,2023MNRAS.518.1260S,,---,,82.65431587000,-37.50315838000,82.65411301209,-37.50302863238,2.8380,---,2023MNRAS.518.1260S,---,,,---,--,---,,,0,,,---,---,---,---,---,---,---,,--,1,4821279499055314432,82.65431922173,1.0572,-37.50315774186,1.4100,---,---,---,---,---,---,---,---,20.321594,0.011549,---,---,---,---,---,---,20.321594,0.011549,0,,---,---,---,---,---,---,---,---
COOLJ0542-2125,B,05,42,57.2365,-,21,25,33.686,Quad,25.971001,85.73848525150,-21.42602385640,Gaia_DR3,Martinez,2023,2023ApJ...946...63M,,---,,85.73850000000,-21.42600000000,85.73986368553,-21.42822430553,1.8383,---,2023ApJ...946...63M,1.838,n,COOLL,1.286412,16,---,,,0,,,---,---,---,---,---,---,---,,--,1,2964388321782713856,85.73848537594,0.4329,-21.42602411551,1.0203,0.5097,1.0135,0.5029,1.461,0.656,0.474,1.305,1.099,20.710585,0.007826,20.769081,0.100664,20.326904,0.121248,1.287,0.442177,20.712583,0.007838,0,,---,---,---,---,---,---,---,---
COOLJ0542-2125,A,05,42,57.4094,-,21,25,34.137,Quad,25.971001,85.73920580510,-21.42614906020,Gaia_DR3,Martinez,2023,2023ApJ...946...63M,,---,,85.73920000000,-21.42610000000,85.73986368553,-21.42822430553,1.8383,0.6100,2023ApJ...946...63M,1.838,n,COOLL,---,--,---,,,0,,,---,---,---,---,---,---,---,,--,1,2964388317487560960,85.73920595316,0.3492,-21.42614916895,0.9597,-0.7530,1.0598,-0.7106,1.555,0.280,0.430,1.530,1.158,20.684721,0.007315,20.853283,0.110141,20.438532,0.092212,1.149,0.414751,20.686429,0.007325,0,,---,---,---,---,---,---,---,---
COOLJ0542-2125,C,05,42,58.0560,-,21,25,57.000,Quad,25.971001,85.74190000000,-21.43250000000,Publication,Martinez,2023,2023ApJ...946...63M,,---,,85.74190000000,-21.43250000000,85.73986368553,-21.42822430553,1.8383,---,2023ApJ...946...63M,1.843,d,DESEDR,---,--,1.84284693,,EXTERNAL_DESI,0,,,---,---,---,---,---,---,---,,--,0,---,---,---,---,---,---,---,---,---,---,---,---,---,---,---,---,---,---,---,---,---,---,---,0,,---,---,---,---,---,---,---,---
J0544+4350,A,05,44,34.7006,+,43,50,19.037,Double,2.043000,86.14458584000,43.83862139460,Gaia_DR3,Lemon,2023,2023MNRAS.520.3305L,,---,,86.14480000000,43.83860000000,86.14497642985,43.83858745520,3.1100,---,2023MNRAS.520.3305L,3.110,j,LEMON4,---,--,---,,,1,DR3Gaia054434.701+435019.04,1,40,1.50350654678,54.49697,0.76512828716,38.86229,19.5504,0.17757,0,0,1,196343055547397888,86.14458577185,0.3506,43.83862131466,0.2803,0.2027,0.3596,0.5637,0.305,0.171,0.378,0.253,0.262,19.497850,0.006133,20.021780,0.058616,18.756603,0.028050,1.281,1.265177,19.499384,0.006140,1,J054434.74+435018.9,15.168,14.408,10.509,8.304,0.044,0.057,0.098,0.275
J0544+4350,B,05,44,34.8881,+,43,50,18.793,Double,2.043000,86.14536701970,43.83855351580,Gaia_DR3,Lemon,2023,2023MNRAS.520.3305L,,---,,86.14480000000,43.83860000000,86.14497642985,43.83858745520,3.1100,---,2023MNRAS.520.3305L,3.110,j,LEMON4,---,--,---,,,1,DR3Gaia054434.701+435019.04,2,35,1.50352002319,66.51765,0.76512705755,52.44619,19.9482,0.23418,0,0,1,196343059843703040,86.14536720393,0.6537,43.83855334825,0.5170,0.2606,0.5985,0.4353,0.540,0.091,0.682,0.532,0.470,19.982594,0.012032,20.354053,0.217778,19.229435,0.076898,1.357,1.124619,19.985275,0.012061,0,,---,---,---,---,---,---,---,---
PSJ0557-2959,B,05,57,35.4942,-,29,59,35.254,Double,0.809000,89.39789238870,-29.99312624270,Gaia_DR3,Dux,2024,2024A&A...682A..47D,,---,,89.39790000000,-29.99330000000,89.39790373105,-29.99323813100,2.0400,---,2024A&A...682A..47D,---,,,---,--,2.04855000,,VizieR_J/A+A/683/A112/lqac6,1,DR3Gaia055735.500-295936.06,1,27,1.56028756852,55.86618,-0.52347888721,62.96815,20.4219,0.21190,0,0,1,2903331719537518080,89.39789374995,2.1757,-29.99312588821,1.3846,---,---,---,---,---,---,---,---,20.560825,0.016480,---,---,---,---,---,---,20.560825,0.016480,1,J055735.50-295935.7,15.397,14.258,11.780,8.665,0.038,0.042,0.203,0.287
PSJ0557-2959,A,05,57,35.4996,-,29,59,36.060,Double,0.809000,89.39791507340,-29.99335001930,Gaia_DR3,Dux,2024,2024A&A...682A..47D,,---,,89.39790000000,-29.99330000000,89.39790373105,-29.99323813100,2.0400,---,2024A&A...682A..47D,---,,,2.048552,0,2.04855000,,VizieR_J/A+A/683/A112/lqac6,1,DR3Gaia055735.500-295936.06,2,51,1.56028800466,50.79405,-0.52348273025,56.66276,19.5276,0.28354,0,0,1,2903331715240526592,89.39791532907,0.2865,-29.99334994475,0.3082,-0.1682,0.3665,-0.4591,0.758,0.756,0.365,-0.053,0.403,19.504974,0.015779,19.444736,0.073400,18.669973,0.052644,1.675,0.774763,19.504974,0.015779,0,,---,---,---,---,---,---,---,---
DESJ0600-4649,B,06,00,29.8001,-,46,49,00.394,Double,2.280000,90.12416712580,-46.81677608720,Publication,Lemon,2020,2020MNRAS.494.3491L,,---,,90.12420000000,-46.81680000000,90.12462400605,-46.81682620165,2.2100,---,2020MNRAS.494.3491L,2.210,jG,LEMON3,---,--,2.21898000,,VizieR_J/A+A/683/A112/lqac6,0,,,---,---,---,---,---,---,---,,--,0,---,---,---,---,---,---,---,---,---,---,---,---,---,---,---,---,---,---,---,---,---,---,---,0,,---,---,---,---,---,---,---,---
DESJ0600-4649,A,06,00,30.0194,-,46,49,00.755,Double,2.280000,90.12508088630,-46.81687631610,Gaia_DR3,Lemon,2020,2020MNRAS.494.3491L,,---,,90.12420000000,-46.81680000000,90.12462400605,-46.81682620165,2.2100,---,2020MNRAS.494.3491L,2.210,jG,LEMON3,2.218981,0,2.21898000,,VizieR_J/A+A/683/A112/lqac6,1,DR3Gaia060030.019-464900.75,1,42,1.57297937950,54.72266,-0.81710864973,54.01273,19.3579,0.11743,0,0,1,5566802941656378496,90.12508096076,0.2154,-46.81687636124,0.2177,0.2248,0.2315,0.9708,0.309,-0.240,0.343,-0.195,0.287,19.291386,0.005033,19.573372,0.049624,18.792192,0.055322,1.226,0.781179,19.291386,0.005033,0,,---,---,---,---,---,---,---,---
DESJ0602-4335,A,06,02,16.0420,-,43,35,39.578,Double,1.828000,90.56684156599,-43.59432710723,Gaia_DR3,Dawes,2023,2023ApJS..269...61D,,---,,90.56700000000,-43.59450000000,90.56706781286,-43.59452111637,2.9200,---,2023ApJS..269...61D,---,,,---,--,---,,,1,DR3Gaia060216.151-433540.97,2,41,1.58068962796,63.37591,-0.76086456114,49.56503,19.6875,0.23740,0,0,1,5571267199383508096,90.56684156599,0.2381,-43.59432710723,0.2603,0.2380,0.2794,0.8520,0.863,0.800,0.331,0.323,0.316,19.631540,0.011993,19.357395,0.049808,18.402246,0.056717,2.239,0.955149,19.635095,0.012030,1,J060216.08-433540.1,14.889,14.222,11.566,9.247,0.029,0.037,0.134,0.465
DESJ0602-4335,B,06,02,16.1506,-,43,35,40.974,Double,1.828000,90.56729405974,-43.59471512551,Gaia_DR3,Dawes,2023,2023ApJS..269...61D,,---,,90.56700000000,-43.59450000000,90.56706781286,-43.59452111637,2.9200,---,2023ApJS..269...61D,---,,,---,--,---,,,1,DR3Gaia060216.151-433540.97,1,40,1.58069753968,75.18527,-0.76087133476,67.31826,19.8500,0.16850,0,0,1,5571264248740974080,90.56729405974,0.3194,-43.59471512551,0.3167,-0.4692,0.3365,-1.3942,0.298,0.280,0.491,0.103,0.396,19.816100,0.010690,19.982143,0.316440,18.630148,0.067609,1.877,1.351996,19.816756,0.010696,0,,---,---,---,---,---,---,---,---
GraLJ060710.8-215217,B,06,07,10.8340,-,21,52,18.082,Quad,1.561000,91.79514175530,-21.87168942680,Gaia_DR3,Stern,2021,2021ApJ...921...42S,,---,,91.79514151670,-21.87168843320,91.79536620620,-21.87168258123,1.3020,---,2021ApJ...921...42S / 2024MNRAS.535.1652K,1.302,jG,GraL4,---,--,---,,,1,DR3Gaia060710.903-215217.28,3,34,1.60212742950,52.26735,-0.38173322226,85.54850,20.6034,0.16406,0,0,1,2916884609103488896,91.79514147024,0.5507,-21.87168926247,2.4197,---,---,---,---,---,---,---,---,20.886482,0.013523,---,---,---,---,---,---,20.886482,0.013523,0,,---,---,---,---,---,---,---,---
GraLJ060710.8-215217,A,06,07,10.9033,-,21,52,17.282,Quad,1.561000,91.79543023190,-21.87146708590,Gaia_DR3,Stern,2021,2021ApJ...921...42S,,---,,91.79552784030,-21.87189357930,91.79536620620,-21.87168258123,1.3020,---,2021ApJ...921...42S / 2024MNRAS.535.1652K,1.302,jG,GraL4,---,--,---,,,1,DR3Gaia060710.903-215217.28,1,106,1.60213249715,40.92370,-0.38172911968,55.95272,19.3917,0.14323,0,0,1,2916884604802806656,91.79543023066,0.1109,-21.87146682294,0.2178,-0.1963,0.2682,-0.7320,0.663,-0.123,0.127,-0.652,0.267,19.345852,0.005192,19.098633,0.023835,18.256786,0.018458,2.058,0.841846,19.349641,0.005205,1,J060710.90-215217.7,13.890,12.982,10.825,8.354,0.028,0.027,0.105,0.292
GraLJ060710.8-215217,C,06,07,10.9264,-,21,52,18.808,Quad,1.561000,91.79552663140,-21.87189123100,Gaia_DR3,Stern,2021,2021ApJ...921...42S,,---,,91.79552784030,-21.87189357930,91.79536620620,-21.87168258123,1.3020,---,2021ApJ...921...42S / 2024MNRAS.535.1652K,1.302,jG,GraL4,---,--,---,,,1,DR3Gaia060710.903-215217.28,2,49,1.60213416545,68.69179,-0.38173671186,106.62841,20.6001,0.17527,0,1,1,2916884609097868672,91.79552616351,0.7012,-21.87189170816,1.1164,1.7775,1.2501,1.4219,5.102,-4.938,0.723,1.283,1.377,20.749088,0.013863,---,---,---,---,---,---,20.749088,0.013863,0,,---,---,---,---,---,---,---,---
GraLJ060841.4+422937,B,06,08,41.3688,+,42,29,36.743,Quad,1.258000,92.17237014370,42.49353984810,Gaia_DR3,Stern,2021,2021ApJ...921...42S,,---,,92.17237675230,42.49353389300,92.17255642515,42.49353722858,2.3450,---,2021ApJ...921...42S,2.345,pG,GraL4,---,--,---,,,1,DR3Gaia060841.368+422936.75,3,31,1.60871128863,55.17840,0.74165210544,54.93069,18.3846,0.10860,0,0,1,960989934524017792,92.17236867177,0.2870,42.49354121002,0.2516,-0.2228,0.3339,-0.6672,1.058,1.057,0.288,-0.024,0.237,18.327400,0.006369,18.388636,0.031958,17.152735,0.016071,1.927,1.235901,18.329202,0.006378,1,J060841.40+422936.7,13.634,12.325,8.706,6.691,0.025,0.025,0.025,0.088
GraLJ060841.4+422937,D,06,08,41.3813,+,42,29,36.364,Quad,1.258000,92.17242205750,42.49343452000,Gaia_FPR,Stern,2021,2021ApJ...921...42S,,---,,92.17242205750,42.49343452000,92.17255642515,42.49353722858,2.3450,---,2021ApJ...921...42S,2.345,pG,GraL4,---,--,---,,,1,DR3Gaia060841.368+422936.75,4,14,1.60871211427,60.22914,0.74165034710,49.54035,19.9498,0.21249,0,0,0,---,---,---,---,---,---,---,---,---,---,---,---,---,---,---,---,---,---,---,---,---,---,---,0,,---,---,---,---,---,---,---,---
GraLJ060841.4+422937,C,06,08,41.4240,+,42,29,37.351,Quad,1.258000,92.17260009370,42.49370864230,Gaia_DR3,Stern,2021,2021ApJ...921...42S,,---,,92.17283804190,42.49346943830,92.17255642515,42.49353722858,2.3450,---,2021ApJ...921...42S,2.345,pG,GraL4,---,--,---,,,1,DR3Gaia060841.368+422936.75,1,28,1.60871528117,56.86179,0.74165511200,51.18351,19.9760,0.14543,0,0,1,960989934526696320,92.17259243063,2.1771,42.49371318120,1.8015,---,---,---,---,---,---,---,---,20.009178,0.009667,---,---,---,---,---,---,20.009178,0.009667,0,,---,---,---,---,---,---,---,---
GraLJ060841.4+422937,A,06,08,41.4800,+,42,29,36.477,Quad,1.258000,92.17283340570,42.49346590390,Gaia_DR3,Stern,2021,2021ApJ...921...42S,,---,,92.17283804190,42.49346943830,92.17255642515,42.49353722858,2.3450,---,2021ApJ...921...42S,2.345,pG,GraL4,---,--,---,,,1,DR3Gaia060841.368+422936.75,2,27,1.60871944098,61.75106,0.74165079861,52.51144,20.1493,0.15555,0,0,1,960989934525960320,92.17283303869,4.9847,42.49346616137,3.2463,---,---,---,---,---,---,---,---,20.148226,0.015317,---,---,---,---,---,---,20.148226,0.015317,0,,---,---,---,---,---,---,---,---
J0628-7448,A,06,28,55.0846,-,74,48,03.948,Double,2.614000,97.22951923580,-74.80109655910,Gaia_DR3,Lemon,2023,2023MNRAS.520.3305L,,---,,97.22990000000,-74.80100000000,97.23071801515,-74.80091494085,2.6920,---,2023MNRAS.520.3305L,---,,,2.690319,0,2.69200000,,HEASARC_morx,1,DR3Gaia062855.085-744803.95,1,51,1.69697540814,47.31146,-1.30552543207,51.60054,18.0285,0.15100,0,0,1,5261791097486778624,97.22951921293,0.0770,-74.80109655304,0.0757,-0.0451,0.0786,-0.5739,0.133,-0.128,0.097,-0.037,0.097,17.919530,0.006594,18.141726,0.022255,17.511118,0.022441,1.204,0.630608,17.919530,0.006594,1,J062855.18-744803.6,14.279,13.451,10.290,7.673,0.026,0.026,0.043,0.090
J0628-7448,B,06,28,55.6600,-,74,48,02.640,Double,2.614000,97.23191679450,-74.80073332260,Gaia_DR3,Lemon,2023,2023MNRAS.520.3305L,,---,,97.22990000000,-74.80100000000,97.23071801515,-74.80091494085,2.6920,---,2023MNRAS.520.3305L,---,,,---,--,2.69200000,,HEASARC_morx,1,DR3Gaia062855.085-744803.95,2,30,1.69701760355,76.98745,-1.30551916993,48.10841,20.4677,0.10987,0,0,1,5261791101782848256,97.23191745259,0.6379,-74.80073374473,0.5753,-0.3767,0.5709,-0.6598,1.543,0.785,0.955,1.329,0.829,20.535538,0.011970,20.761507,0.203637,19.962353,0.131382,1.303,0.799154,20.535538,0.011970,0,,---,---,---,---,---,---,---,---
J0630-1201,D,06,30,08.9687,-,12,01,18.256,Quad,2.979000,97.53736968000,-12.02173766000,HST,Lemon,2018,2018MNRAS.479.5060L,,---,,97.53736968000,-12.02173766000,97.53777426262,-12.02206090068,3.3400,---,2018MNRAS.479.5060L,---,,,---,--,---,,,0,,,---,---,---,---,---,---,---,,--,0,---,---,---,---,---,---,---,---,---,---,---,---,---,---,---,---,---,---,---,---,---,---,---,0,,---,---,---,---,---,---,---,---
J0630-1201,G2,06,30,08.9900,-,12,01,18.400,Quad,2.979000,97.53745833000,-12.02177777000,HST,Lemon,2018,2018MNRAS.479.5060L,,---,,97.53745833000,-12.02177777000,97.53777426262,-12.02206090068,---,---,,---,,,---,--,---,,,0,,,---,---,---,---,---,---,---,,--,0,---,---,---,---,---,---,---,---,---,---,---,---,---,---,---,---,---,---,---,---,---,---,---,0,,---,---,---,---,---,---,---,---
J0630-1201,E,06,30,09.0185,-,12,01,19.015,Quad,2.979000,97.53757708000,-12.02194861000,HST,Lemon,2018,2018MNRAS.479.5060L,,---,,97.53757708000,-12.02194861000,97.53777426262,-12.02206090068,3.3400,---,2018MNRAS.479.5060L,---,,,---,--,---,,,0,,,---,---,---,---,---,---,---,,--,0,---,---,---,---,---,---,---,---,---,---,---,---,---,---,---,---,---,---,---,---,---,---,---,0,,---,---,---,---,---,---,---,---
J0630-1201,G1,06,30,09.0362,-,12,01,19.270,Quad,2.979000,97.53765083000,-12.02201944000,HST,Lemon,2018,2018MNRAS.479.5060L,,---,,97.53765083000,-12.02201944000,97.53777426262,-12.02206090068,---,---,,---,,,---,--,---,,,0,,,---,---,---,---,---,---,---,,--,0,---,---,---,---,---,---,---,---,---,---,---,---,---,---,---,---,---,---,---,---,---,---,---,0,,---,---,---,---,---,---,---,---
J0630-1201,C,06,30,09.0837,-,12,01,20.711,Quad,2.979000,97.53784864832,-12.02241979884,Gaia_DR3,Lemon,2018,2018MNRAS.479.5060L,,---,,97.53784454000,-12.02241127000,97.53777426262,-12.02206090068,3.3400,---,2018MNRAS.479.5060L,---,,,---,--,---,,,0,,,---,---,---,---,---,---,---,,--,1,3000185396723852416,97.53784864832,1.2154,-12.02241979884,1.6131,---,---,---,---,---,---,---,---,20.014467,0.008351,19.933592,0.163238,18.390495,0.090967,---,1.543097,20.014467,0.008351,0,,---,---,---,---,---,---,---,---
J0630-1201,A,06,30,09.1177,-,12,01,20.118,Quad,2.979000,97.53799024464,-12.02225493937,Gaia_DR3,Lemon,2018,2018MNRAS.479.5060L,,---,,97.53799222000,-12.02225461000,97.53777426262,-12.02206090068,3.3400,---,2018MNRAS.479.5060L,---,,,---,--,---,,,0,,,---,---,---,---,---,---,---,,--,1,3000185396729743104,97.53799024464,0.7741,-12.02225493937,0.9900,-0.9542,0.9702,-0.9836,5.685,-3.802,1.149,4.227,1.406,19.947346,0.008743,19.667065,0.092089,18.257305,0.050138,---,1.409760,19.947353,0.008743,0,,---,---,---,---,---,---,---,---
J0630-1201,B,06,30,09.1406,-,12,01,18.997,Quad,2.979000,97.53808566016,-12.02194349521,Gaia_DR3,Lemon,2018,2018MNRAS.479.5060L,,---,,97.53808566000,-12.02194350000,97.53777426262,-12.02206090068,3.3400,---,2018MNRAS.479.5060L,---,,,---,--,---,,,0,,,---,---,---,---,---,---,---,,--,1,3000185396723852544,97.53808566016,0.3970,-12.02194349521,0.4440,0.0348,0.5271,0.0661,0.261,0.249,0.469,0.079,0.536,19.884819,0.011651,19.777510,0.105514,18.257328,0.068519,---,1.520182,19.883453,0.011637,0,,---,---,---,---,---,---,---,---
B0631+519,A,06,35,12.3100,+,51,57,01.800,Double,1.138000,98.80129170000,51.95050000000,Publication,McKean,2004,2004MNRAS.350..167M,York,2005,2005PhDT.......113Y,98.80129170000,51.95050000000,98.80147400000,51.95038889000,---,0.6196,2004MNRAS.350..167M / 2005PhDT.......113Y,---,,,---,--,---,,,0,,,---,---,---,---,---,---,---,,--,0,---,---,---,---,---,---,---,---,---,---,---,---,---,---,---,---,---,---,---,---,---,---,---,1,J063512.32+515701.3,14.761,14.013,12.062,8.780,0.031,0.044,0.306,---
B0631+519,G1,06,35,12.3511,+,51,57,01.270,Double,1.138000,98.80146296000,51.95035278000,Publication,McKean,2004,2004MNRAS.350..167M,York,2005,2005PhDT.......113Y,98.80146296000,51.95035278000,98.80147400000,51.95038889000,---,0.6196,2004MNRAS.350..167M / 2005PhDT.......113Y,---,,,---,--,---,,,0,,,---,---,---,---,---,---,---,,--,0,---,---,---,---,---,---,---,---,---,---,---,---,---,---,---,---,---,---,---,---,---,---,---,0,,---,---,---,---,---,---,---,---
B0631+519,G2,06,35,12.3764,+,51,57,01.884,Double,1.138000,98.80156846000,51.95052322000,Publication,McKean,2004,2004MNRAS.350..167M,York,2005,2005PhDT.......113Y,98.80156846000,51.95052322000,98.80147400000,51.95038889000,---,0.0896,2004MNRAS.350..167M / 2005PhDT.......113Y,---,,,---,--,---,,,0,,,---,---,---,---,---,---,---,,--,0,---,---,---,---,---,---,---,---,---,---,---,---,---,---,---,---,---,---,---,---,---,---,---,0,,---,---,---,---,---,---,---,---
B0631+519,B,06,35,12.3975,+,51,57,01.000,Double,1.138000,98.80165630000,51.95027778000,Publication,McKean,2004,2004MNRAS.350..167M,York,2005,2005PhDT.......113Y,98.80165630000,51.95027778000,98.80147400000,51.95038889000,---,---,2004MNRAS.350..167M / 2005PhDT.......113Y,---,,,---,--,---,,,0,,,---,---,---,---,---,---,---,,--,0,---,---,---,---,---,---,---,---,---,---,---,---,---,---,---,---,---,---,---,---,---,---,---,0,,---,---,---,---,---,---,---,---
J0635+6452,B,06,35,56.7224,+,64,52,18.977,Double,3.062000,98.98634338660,64.87193802590,Gaia_DR3,Lemon,2023,2023MNRAS.520.3305L,,---,,98.98640000000,64.87150000000,98.98638216830,64.87151301645,1.8450,---,2023MNRAS.520.3305L,1.845,p+G,LEMON4,---,--,---,,,1,DR3Gaia063556.741+645215.92,2,13,1.72763785371,41.20578,1.13222863549,68.91309,20.7584,0.09729,0,0,1,1103603357222093696,98.98634888493,4.6522,64.87194041121,6.1373,---,---,---,---,---,---,---,---,21.226292,0.029048,20.573620,0.129569,19.046230,0.053183,4.458,1.527390,21.226292,0.029048,0,,---,---,---,---,---,---,---,---
J0635+6452,A,06,35,56.7410,+,64,52,15.917,Double,3.062000,98.98642095000,64.87108800700,Gaia_DR3,Lemon,2023,2023MNRAS.520.3305L,,---,,98.98640000000,64.87150000000,98.98638216830,64.87151301645,1.8450,0.4270,2023MNRAS.520.3305L,1.845,p+G,LEMON4,---,--,---,,,1,DR3Gaia063556.741+645215.92,1,62,1.72763897026,43.63118,1.13221406017,48.40585,19.0433,0.12543,0,0,1,1103603357219723904,98.98642100808,0.1148,64.87108801585,0.1330,0.1524,0.2109,0.7226,0.088,-0.017,0.143,0.086,0.157,18.983038,0.005468,19.218964,0.030775,18.484362,0.023416,1.250,0.734602,18.983038,0.005468,0,,---,---,---,---,---,---,---,---
J0642+5617,B,06,42,36.6756,+,56,17,11.291,Double,0.883000,100.65281518551,56.28646974295,Gaia_DR3,He,2025,2025arXiv250903858H,,---,,100.65293800000,56.28642300000,100.65299049396,56.28639501768,1.9264,---,2025arXiv250903858H,---,,,---,--,---,,,0,,,---,---,---,---,---,---,---,,--,1,994991438259398016,100.65281518551,9.1254,56.28646974295,9.3123,---,---,---,---,---,---,---,---,20.867868,0.017021,---,---,---,---,---,---,20.867868,0.017021,0,,---,---,---,---,---,---,---,---
J0642+5617,A,06,42,36.7598,+,56,17,10.753,Double,0.883000,100.65316580240,56.28632029241,Gaia_DR3,He,2025,2025arXiv250903858H,,---,,100.65293800000,56.28642300000,100.65299049396,56.28639501768,1.9264,---,2025arXiv250903858H,---,,,---,--,---,,,0,,,---,---,---,---,---,---,---,,--,1,994991433964700672,100.65316580240,0.3657,56.28632029241,0.3509,1.1295,0.4496,2.5121,1.592,0.943,0.385,1.283,0.364,19.967026,0.007114,19.802883,0.064313,19.135296,0.060130,1.749,0.667587,19.970567,0.007133,0,,---,---,---,---,---,---,---,---
J0643+2725,B,06,43,42.1535,+,27,25,37.948,Double,2.441000,100.92563945360,27.42720764620,Gaia_DR3,Lemon,2023,2023MNRAS.520.3305L,,---,,100.92590000000,27.42760000000,100.92579432800,27.42751759525,1.5620,---,2023MNRAS.520.3305L,1.562,gG,LEMON4,---,--,---,,,1,DR3Gaia064342.228+272540.18,3,23,1.76148469485,64.69276,0.47869498265,54.53798,19.9626,0.12718,0,0,1,3385786697275132288,100.92563938145,0.4815,27.42720750215,0.4317,-0.6804,0.5826,-1.1679,1.034,0.392,0.592,-0.957,0.501,19.834524,0.010570,19.603302,0.206220,18.216074,0.149870,2.766,1.387228,19.834790,0.010572,0,,---,---,---,---,---,---,---,---
J0643+2725,A,06,43,42.2278,+,27,25,40.179,Double,2.441000,100.92594920240,27.42782754430,Gaia_DR3,Lemon,2023,2023MNRAS.520.3305L,,---,,100.92590000000,27.42760000000,100.92579432800,27.42751759525,1.5620,0.1850,2023MNRAS.520.3305L,1.562,gG,LEMON4,---,--,---,,,1,DR3Gaia064342.228+272540.18,1,23,1.76148995995,67.43945,0.47870583252,64.68444,19.6916,0.13109,0,0,1,3385786701564912384,100.92594927392,0.7297,27.42782743105,0.6421,0.1136,0.6689,0.1698,0.676,-0.049,0.757,0.674,0.640,19.695673,0.015875,18.880932,0.170460,17.418987,0.022392,4.963,1.461945,19.695052,0.015867,0,,---,---,---,---,---,---,---,---
GraLJ065904.1+162909,C,06,59,03.8262,+,16,29,07.828,Quad,5.249000,104.76594257161,16.48550786541,Gaia_DR3,Stern,2021,2021ApJ...921...42S,,---,,104.76594082000,16.48550688000,104.76689103037,16.48591006165,3.0830,---,2021ApJ...921...42S,---,,,---,--,---,,,0,,,---,---,---,---,---,---,---,,--,1,3361094861571960704,104.76594257161,0.6241,16.48550786541,0.5683,0.9697,0.6418,1.5109,0.714,0.711,0.650,-0.062,0.580,19.966488,0.009827,20.444313,0.100921,19.495810,0.064944,---,0.948504,19.966488,0.009827,0,,---,---,---,---,---,---,---,---
GraLJ065904.1+162909,G,06,59,04.0254,+,16,29,09.024,Quad,5.249000,104.76677251000,16.48583993000,HST,Stern,2021,2021ApJ...921...42S,,---,,104.76677251000,16.48583993000,104.76689103037,16.48591006165,---,0.7660,2023MNRAS.518.1260S,---,,,---,--,---,,,0,,,---,---,---,---,---,---,---,,--,0,---,---,---,---,---,---,---,---,---,---,---,---,---,---,---,---,---,---,---,---,---,---,---,0,,---,---,---,---,---,---,---,---
GraLJ065904.1+162909,D,06,59,04.0823,+,16,29,11.050,Quad,5.249000,104.76700951831,16.48640284400,Gaia_DR3,Stern,2021,2021ApJ...921...42S,,---,,104.76700860000,16.48640077000,104.76689103037,16.48591006165,3.0830,---,2021ApJ...921...42S,---,,,---,--,---,,,0,,,---,---,---,---,---,---,---,,--,1,3361094865862486656,104.76700951831,10.6188,16.48640284400,4.3933,---,---,---,---,---,---,---,---,20.146595,0.014769,---,---,---,---,---,---,20.146595,0.014769,0,,---,---,---,---,---,---,---,---
GraLJ065904.1+162909,B,06,59,04.1505,+,16,29,08.163,Quad,5.249000,104.76729375375,16.48560071451,Gaia_DR3,Stern,2021,2021ApJ...921...42S,,---,,104.76729452000,16.48560049000,104.76689103037,16.48591006165,3.0830,0.7660,2021ApJ...921...42S,---,,,---,--,---,,,0,,,---,---,---,---,---,---,---,,--,1,3361094865862487168,104.76729375375,0.4932,16.48560071451,0.4310,-0.2922,0.5305,-0.5507,0.748,0.724,0.567,-0.184,0.509,19.910759,0.008143,---,---,---,---,---,---,19.910759,0.008143,0,,---,---,---,---,---,---,---,---
GraLJ065904.1+162909,A,06,59,04.1564,+,16,29,10.064,Quad,5.249000,104.76731827779,16.48612882266,Gaia_DR3,Stern,2021,2021ApJ...921...42S,,---,,104.76731828000,16.48612882000,104.76689103037,16.48591006165,3.0830,---,2021ApJ...921...42S,---,,,---,--,---,,,0,,,---,---,---,---,---,---,---,,--,1,3361094861567546112,104.76731827779,0.1999,16.48612882266,0.1826,-0.2017,0.2300,-0.8768,0.177,-0.171,0.247,0.046,0.252,18.548035,0.007364,18.694590,0.043115,17.910410,0.034633,---,0.784180,18.548035,0.007364,0,,---,---,---,---,---,---,---,---
B0712+472,A,07,16,03.6330,+,47,08,50.120,Quad,1.273000,109.01513750000,47.14725555560,Publication,Fassnacht,1998,1998AJ....115..377F,,---,,109.01513750000,47.14725555560,109.01534375000,47.14722986110,1.3400,0.4100,2002A&ARv..10..263C,---,,,---,--,---,,,0,,,---,---,---,---,---,---,---,,--,0,---,---,---,---,---,---,---,---,---,---,---,---,---,---,---,---,---,---,---,---,---,---,---,1,J071603.68+470850.5,14.686,14.041,11.897,8.377,0.030,0.042,0.267,---
B0712+472,B,07,16,03.6380,+,47,08,49.960,Quad,1.273000,109.01515833330,47.14721111110,Publication,Fassnacht,1998,1998AJ....115..377F,,---,,109.01515833330,47.14721111110,109.01534375000,47.14722986110,1.3400,---,2002A&ARv..10..263C,---,,,---,--,---,,,0,,,---,---,---,---,---,---,---,,--,0,---,---,---,---,---,---,---,---,---,---,---,---,---,---,---,---,---,---,---,---,---,---,---,0,,---,---,---,---,---,---,---,---
B0712+472,D,07,16,03.7120,+,47,08,49.450,Quad,1.273000,109.01546666670,47.14706944440,Publication,Fassnacht,1998,1998AJ....115..377F,,---,,109.01546666670,47.14706944440,109.01534375000,47.14722986110,1.3400,---,2002A&ARv..10..263C,---,,,---,--,---,,,0,,,---,---,---,---,---,---,---,,--,0,---,---,---,---,---,---,---,---,---,---,---,---,---,---,---,---,---,---,---,---,---,---,---,0,,---,---,---,---,---,---,---,---
B0712+472,G,07,16,03.7120,+,47,08,50.271,Quad,1.273000,109.01546669000,47.14729750000,Publication,Fassnacht,1998,1998AJ....115..377F,,---,,109.01546669000,47.14729750000,109.01534375000,47.14722986110,---,0.4100,2002A&ARv..10..263C,---,,,---,--,---,,,0,,,---,---,---,---,---,---,---,,--,0,---,---,---,---,---,---,---,---,---,---,---,---,---,---,---,---,---,---,---,---,---,---,---,0,,---,---,---,---,---,---,---,---
B0712+472,C,07,16,03.7470,+,47,08,50.580,Quad,1.273000,109.01561250000,47.14738333330,Publication,Fassnacht,1998,1998AJ....115..377F,,---,,109.01561250000,47.14738333330,109.01534375000,47.14722986110,1.3400,---,2002A&ARv..10..263C,---,,,---,--,---,,,0,,,---,---,---,---,---,---,---,,--,0,---,---,---,---,---,---,---,---,---,---,---,---,---,---,---,---,---,---,---,---,---,---,---,0,,---,---,---,---,---,---,---,---
J0734+1915,A,07,34,46.4622,+,19,14,59.873,Double,1.205000,113.69359267240,19.24996479410,Gaia_DR3,Lemon,2023,2023MNRAS.520.3305L,,---,,113.69360000000,19.25010000000,113.69365425060,19.25012174505,0.7450,---,2023MNRAS.520.3305L,0.745,pG,LEMON4,0.739916,0,---,,,1,DR3Gaia073446.462+191459.87,2,28,1.98432742992,44.21355,0.33597533715,47.20230,18.2115,0.15982,0,0,1,672293537240480768,113.69359273021,0.1142,19.24996478854,0.0924,0.0775,0.1193,0.6493,0.435,-0.325,0.139,0.289,0.117,18.120993,0.008191,18.087042,0.032621,17.451468,0.026065,1.528,0.635574,18.120993,0.008191,1,J073446.46+191500.4,13.750,12.827,9.965,7.495,0.026,0.027,0.054,0.145
J0734+1915,B,07,34,46.4918,+,19,15,01.003,Double,1.205000,113.69371582880,19.25027869600,Gaia_DR3,Lemon,2023,2023MNRAS.520.3305L,,---,,113.69360000000,19.25010000000,113.69365425060,19.25012174505,0.7450,---,2023MNRAS.520.3305L,0.745,pG,LEMON4,---,--,---,,,1,DR3Gaia073446.462+191459.87,1,24,1.98432956602,57.59438,0.33598072641,56.71895,20.0410,0.13055,0,0,1,672293532946812160,113.69371579113,0.5480,19.25027846145,0.4091,0.6811,0.5422,1.2562,0.966,0.859,0.661,0.440,0.564,20.141125,0.010924,---,---,---,---,---,---,20.141125,0.010924,0,,---,---,---,---,---,---,---,---
SDSSJ0737+4825,A,07,37,08.6811,+,48,25,51.061,Double,1.485000,114.28617131320,48.43085024850,Gaia_DR3,More,2016,2016MNRAS.456.1595M,,---,,114.28615420000,48.43095830000,114.28647940660,48.43087792425,2.8920,1.5400,2016MNRAS.456.1595M / 2024MNRAS.530..221J,2.892,g+G,DR16Q,2.888373,0,---,,,1,DR3Gaia073708.681+482551.06,1,24,1.99466999895,45.87593,0.84527769624,53.74733,19.0143,0.15980,0,0,1,975837803970276864,114.28617124137,0.1985,48.43085028026,0.1838,-0.0540,0.2739,-0.1972,0.059,-0.055,0.227,0.022,0.166,18.887709,0.004685,19.188614,0.037517,18.336094,0.028574,1.249,0.852520,18.887709,0.004685,1,J073708.70+482551.2,14.933,13.847,10.044,7.884,0.033,0.035,0.064,0.193
SDSSJ0737+4825,G,07,37,08.7820,+,48,25,51.320,Double,1.485000,114.28659170000,48.43092220000,Publication,More,2016,2016MNRAS.456.1595M,,---,,114.28659170000,48.43092220000,114.28647940660,48.43087792425,---,1.5400,2016MNRAS.456.1595M / 2024MNRAS.530..221J,2.892,g+G,DR16Q,---,--,---,,,0,,,---,---,---,---,---,---,---,,--,0,---,---,---,---,---,---,---,---,---,---,---,---,---,---,---,---,---,---,---,---,---,---,---,0,,---,---,---,---,---,---,---,---
SDSSJ0737+4825,B,07,37,08.8290,+,48,25,51.260,Double,1.485000,114.28678750000,48.43090560000,Publication,More,2016,2016MNRAS.456.1595M,,---,,114.28678750000,48.43090560000,114.28647940660,48.43087792425,2.8920,---,2016MNRAS.456.1595M / 2024MNRAS.530..221J,2.892,g+G,DR16Q,---,--,---,,,0,,,---,---,---,---,---,---,---,,--,0,---,---,---,---,---,---,---,---,---,---,---,---,---,---,---,---,---,---,---,---,---,---,---,0,,---,---,---,---,---,---,---,---
J0740+0635,A,07,40,21.7423,+,06,35,37.691,Double,1.611000,115.09059308750,6.59380311260,Gaia_DR3,Lemon,2023,2023MNRAS.520.3305L,,---,,115.09070000000,6.59380000000,115.09081828465,6.59380686840,1.7800,---,2023MNRAS.520.3305L,1.780,p,LEMON4,---,--,---,,,1,DR3Gaia074021.742+063537.69,1,24,2.00870978731,56.45883,0.11508350038,34.49984,18.4805,0.09874,0,0,1,3138952727746236800,115.09059310614,0.1583,6.59380309428,0.1213,-0.1856,0.1579,-1.1755,0.148,-0.133,0.175,-0.065,0.141,18.376750,0.007090,18.762570,0.053528,17.314804,0.020627,1.628,1.447765,18.376303,0.007087,1,J074021.77+063537.7,13.742,12.907,9.894,7.326,0.026,0.027,0.053,0.123
J0740+0635,B,07,40,21.8504,+,06,35,37.718,Double,1.611000,115.09104348180,6.59381062420,Gaia_DR3,Lemon,2023,2023MNRAS.520.3305L,,---,,115.09070000000,6.59380000000,115.09081828465,6.59380686840,1.7800,---,2023MNRAS.520.3305L,1.780,p,LEMON4,---,--,---,,,1,DR3Gaia074021.742+063537.69,2,23,2.00871753433,70.07882,0.11508364884,49.70984,19.7120,0.12454,0,0,1,3138952732040682624,115.09104335449,0.4738,6.59381085030,0.3910,-0.2317,0.6068,-0.3819,1.424,1.378,0.462,0.361,0.353,19.705555,0.009036,---,---,---,---,---,---,19.705555,0.009036,0,,---,---,---,---,---,---,---,---
B0739+366,A,07,42,51.2000,+,36,34,43.700,Double,0.534000,115.71333330000,36.57880560000,Publication,Marlow,2001,2001AJ....121..619M,,---,,115.71333330000,36.57880560000,115.71337170000,36.57873820000,---,---,,---,,,---,--,---,,,0,,,---,---,---,---,---,---,---,,--,0,---,---,---,---,---,---,---,---,---,---,---,---,---,---,---,---,---,---,---,---,---,---,---,1,J074251.16+363443.5,14.567,12.896,9.214,6.969,0.032,0.029,0.037,0.088
B0739+366,G,07,42,51.2138,+,36,34,43.313,Double,0.534000,115.71339080000,36.57869810000,Publication,Marlow,2001,2001AJ....121..619M,,---,,115.71339080000,36.57869810000,115.71337170000,36.57873820000,---,---,,---,,,---,--,---,,,0,,,---,---,---,---,---,---,---,,--,0,---,---,---,---,---,---,---,---,---,---,---,---,---,---,---,---,---,---,---,---,---,---,---,0,,---,---,---,---,---,---,---,---
B0739+366,B,07,42,51.2184,+,36,34,43.215,Double,0.534000,115.71341010000,36.57867080000,Publication,Marlow,2001,2001AJ....121..619M,,---,,115.71341010000,36.57867080000,115.71337170000,36.57873820000,---,---,,---,,,---,--,---,,,0,,,---,---,---,---,---,---,---,,--,0,---,---,---,---,---,---,---,---,---,---,---,---,---,---,---,---,---,---,---,---,---,---,---,0,,---,---,---,---,---,---,---,---
SDSSJ0743+2457,B,07,43,52.5675,+,24,57,44.265,Double,1.092000,115.96903145000,24.96229579000,Publication,Rusu,2016,2016MNRAS.458....2R,,---,,115.96947333330,24.96195444440,115.96915508105,24.96219356830,2.1670,---,2012MNRAS.419.2014J / 2014AJ....147..153I,2.166,gG,DR16Q,---,--,---,,,0,,,---,---,---,---,---,---,---,,--,0,---,---,---,---,---,---,---,---,---,---,---,---,---,---,---,---,---,---,---,---,---,---,---,1,J074352.60+245743.7,15.609,14.685,12.433,9.027,0.046,0.062,0.455,---
SDSSJ0743+2457,G,07,43,52.5772,+,24,57,44.122,Double,1.092000,115.96907159000,24.96225607000,Publication,Rusu,2016,2016MNRAS.458....2R,,---,,115.96941041670,24.96198611110,115.96915508105,24.96219356830,---,0.3810,2012MNRAS.419.2014J / 2014AJ....147..153I,2.166,gG,DR16Q,---,--,---,,,0,,,---,---,---,---,---,---,---,,--,0,---,---,---,---,---,---,---,---,---,---,---,---,---,---,---,---,---,---,---,---,---,---,---,0,,---,---,---,---,---,---,---,---
SDSSJ0743+2457,A,07,43,52.6269,+,24,57,43.529,Double,1.092000,115.96927871210,24.96209134660,Gaia_DR3,Rusu,2016,2016MNRAS.458....2R,,---,,115.96924490000,24.96212420000,115.96915508105,24.96219356830,2.1670,0.3810,2012MNRAS.419.2014J / 2014AJ....147..153I,2.166,gG,DR16Q,2.168953,0,---,,,1,DR3Gaia074352.627+245743.53,1,24,2.02404579880,48.74647,0.43567064633,35.18914,19.1549,0.25982,0,0,1,867913659598182272,115.96927844282,0.3118,24.96209130795,0.2385,-0.3327,0.3389,-0.9817,0.719,-0.110,0.381,-0.710,0.261,18.990423,0.005535,19.041310,0.038712,18.318613,0.046271,1.474,0.722696,18.990423,0.005535,0,,---,---,---,---,---,---,---,---
DESIJ0746+1344,A,07,46,35.5189,+,13,44,23.542,Double,2.437000,116.64799541940,13.73987275720,Gaia_DR3,He,2025,2025arXiv250108541H,,---,,116.64815830000,13.74017205000,116.64815815420,13.74017203820,3.1050,---,2025arXiv250108541H,---,,,---,--,---,,,0,,,---,---,---,---,---,---,---,,--,1,3164374261215669888,116.64799560848,0.5650,13.73987273844,0.4224,0.1932,0.6257,0.3088,0.651,-0.621,0.833,0.194,0.592,20.218096,0.015310,20.172812,0.128721,19.373436,0.094880,1.672,0.799376,20.221895,0.015362,0,,---,---,---,---,---,---,---,---
DESIJ0746+1344,B,07,46,35.5970,+,13,44,25.697,Double,2.437000,116.64832088900,13.74047131920,Gaia_DR3,He,2025,2025arXiv250108541H,,---,,116.64815830000,13.74017205000,116.64815815420,13.74017203820,3.1050,---,2025arXiv250108541H,---,,,---,--,---,,,0,,,---,---,---,---,---,---,---,,--,1,3164374261213706880,116.64832088055,0.1721,13.74047132398,0.1342,0.0993,0.1890,0.5257,0.497,-0.243,0.233,-0.434,0.182,18.656137,0.016588,18.910100,0.056587,18.041533,0.053990,1.315,0.868568,18.656137,0.016588,1,J074635.58+134425.1,14.755,14.079,11.501,8.564,0.034,0.049,0.218,---
SDSS0746+4403,B,07,46,52.9975,+,44,03,51.712,Double,1.080000,116.72082307450,44.06436446830,Gaia_DR3,Inada,2007,2007AJ....133..206I,,---,,116.72095830000,44.06422220000,116.72100615750,44.06429239390,1.9980,---,2012AJ....143..119I,2.006,gG,DR16Q,2.003560,16,---,,,1,DR3Gaia074653.085+440351.19,1,31,2.03716263828,62.50955,0.76906814318,50.12415,19.6497,0.20328,0,0,1,925907232900521472,116.72082301636,0.3996,44.06436462402,0.3305,-0.2768,0.4689,-0.5902,0.181,0.144,0.445,0.109,0.369,19.624071,0.010234,19.203047,0.098338,18.368670,0.042743,2.407,0.834377,19.627865,0.010267,1,J074653.04+440351.4,15.110,14.141,11.098,8.279,0.037,0.045,0.143,---
SDSS0746+4403,A,07,46,53.0854,+,44,03,51.193,Double,1.080000,116.72118924050,44.06422031950,Gaia_DR3,Inada,2007,2007AJ....133..206I,,---,,116.72095830000,44.06422220000,116.72100615750,44.06429239390,1.9980,0.5130,2012AJ....143..119I,2.006,gG,DR16Q,2.002067,16,---,,,1,DR3Gaia074653.085+440351.19,2,31,2.03716912337,57.78770,0.76906572444,57.74730,19.5368,0.17758,0,0,1,925907232901783296,116.72118927293,0.3436,44.06422019002,0.2811,-0.2424,0.4083,-0.5936,0.140,-0.124,0.380,-0.064,0.310,19.472380,0.009324,19.019096,0.065308,18.286861,0.032296,2.355,0.732235,19.476104,0.009354,0,,---,---,---,---,---,---,---,---
MG0751+2716,G4,07,51,40.9717,+,27,16,25.790,Quad,0.883000,117.92071561000,27.27383056000,Publication,Lehar,1997,1997AJ....114...48L,,---,,117.92071561000,27.27383056000,117.92296985250,27.27548506861,---,0.5200,2002A&ARv..10..263C,---,,,---,--,---,,,0,,,---,---,---,---,---,---,---,,--,0,---,---,---,---,---,---,---,---,---,---,---,---,---,---,---,---,---,---,---,---,---,---,---,0,,---,---,---,---,---,---,---,---
MG0751+2716,G1,07,51,41.0400,+,27,16,32.600,Quad,0.883000,117.92100000000,27.27572222222,Publication,Lehar,1997,1997AJ....114...48L,,---,,117.92100000000,27.27572222222,117.92296985250,27.27548506861,---,0.3500,2002A&ARv..10..263C,---,,,---,--,---,,,0,,,---,---,---,---,---,---,---,,--,0,---,---,---,---,---,---,---,---,---,---,---,---,---,---,---,---,---,---,---,---,---,---,---,0,,---,---,---,---,---,---,---,---
MG0751+2716,G2,07,51,41.3453,+,27,16,29.010,Quad,0.883000,117.92227197000,27.27472500000,Publication,Lehar,1997,1997AJ....114...48L,,---,,117.92227197000,27.27472500000,117.92296985250,27.27548506861,---,0.5200,2002A&ARv..10..263C,---,,,---,--,---,,,0,,,---,---,---,---,---,---,---,,--,0,---,---,---,---,---,---,---,---,---,---,---,---,---,---,---,---,---,---,---,---,---,---,---,0,,---,---,---,---,---,---,---,---
MG0751+2716,G3,07,51,41.4773,+,27,16,31.690,Quad,0.883000,117.92282203000,27.27546944000,Publication,Lehar,1997,1997AJ....114...48L,,---,,117.92282203000,27.27546944000,117.92296985250,27.27548506861,---,0.5200,2002A&ARv..10..263C,---,,,---,--,---,,,0,,,---,---,---,---,---,---,---,,--,0,---,---,---,---,---,---,---,---,---,---,---,---,---,---,---,---,---,---,---,---,---,---,---,0,,---,---,---,---,---,---,---,---
MG0751+2716,A,07,51,41.4900,+,27,16,31.600,Quad,0.883000,117.92287500000,27.27544444444,Publication,Lehar,1997,1997AJ....114...48L,,---,,117.92287500000,27.27544444444,117.92296985250,27.27548506861,3.2000,0.3500,2002A&ARv..10..263C,---,,,---,--,---,,,0,,,---,---,---,---,---,---,---,,--,0,---,---,---,---,---,---,---,---,---,---,---,---,---,---,---,---,---,---,---,---,---,---,---,0,,---,---,---,---,---,---,---,---
MG0751+2716,C,07,51,41.4962,+,27,16,32.110,Quad,0.883000,117.92290063000,27.27558611000,Publication,Lehar,1997,1997AJ....114...48L,,---,,117.92290063000,27.27558611000,117.92296985250,27.27548506861,3.2000,---,2002A&ARv..10..263C,---,,,---,--,---,,,0,,,---,---,---,---,---,---,---,,--,0,---,---,---,---,---,---,---,---,---,---,---,---,---,---,---,---,---,---,---,---,---,---,---,0,,---,---,---,---,---,---,---,---
MG0751+2716,B,07,51,41.5271,+,27,16,31.330,Quad,0.883000,117.92302970000,27.27536944000,Publication,Lehar,1997,1997AJ....114...48L,,---,,117.92302970000,27.27536944000,117.92296985250,27.27548506861,3.2000,---,2002A&ARv..10..263C,---,,,---,--,---,,,0,,,---,---,---,---,---,---,---,,--,0,---,---,---,---,---,---,---,---,---,---,---,---,---,---,---,---,---,---,---,---,---,---,---,0,,---,---,---,---,---,---,---,---
MG0751+2716,D,07,51,41.5378,+,27,16,31.945,Quad,0.883000,117.92307408000,27.27554028000,Publication,Lehar,1997,1997AJ....114...48L,,---,,117.92307408000,27.27554028000,117.92296985250,27.27548506861,3.2000,---,2002A&ARv..10..263C,---,,,---,--,---,,,0,,,---,---,---,---,---,---,---,,--,0,---,---,---,---,---,---,---,---,---,---,---,---,---,---,---,---,---,---,---,---,---,---,---,0,,---,---,---,---,---,---,---,---
MG0751+2716,G5,07,51,41.8118,+,27,16,28.960,Quad,0.883000,117.92421588000,27.27471111000,Publication,Lehar,1997,1997AJ....114...48L,,---,,117.92421588000,27.27471111000,117.92296985250,27.27548506861,---,0.5200,2002A&ARv..10..263C,---,,,---,--,---,,,0,,,---,---,---,---,---,---,---,,--,0,---,---,---,---,---,---,---,---,---,---,---,---,---,---,---,---,---,---,---,---,---,---,---,0,,---,---,---,---,---,---,---,---
J0803+3908,B,08,03,57.6696,+,39,08,23.062,Quad,0.986000,120.99028986000,39.13973955760,Gaia_DR3,Lemon,2023,2023MNRAS.520.3305L,Yue,2023,2023AJ....165..191Y,120.99047500000,39.13981472000,120.99047457533,39.13981332867,2.9700,---,2023MNRAS.520.3305L,---,,,---,--,---,,,1,DR3Gaia080357.719+390823.87,4,27,2.11167907068,56.18911,0.68311732459,40.88848,19.8715,0.25031,0,0,1,921013100488279168,120.99028648332,15.0455,39.13974333687,22.6641,---,---,---,---,---,---,---,---,19.716750,0.029838,---,---,---,---,---,---,19.716750,0.029838,1,J080357.73+390823.1,13.556,12.642,9.365,7.001,0.025,0.026,0.038,0.105
J0803+3908,G,08,03,57.7140,+,39,08,23.333,Quad,0.986000,120.99047500000,39.13981472000,Publication,Lemon,2023,2023MNRAS.520.3305L,Yue,2023,2023AJ....165..191Y,120.99047500000,39.13981472000,120.99047457533,39.13981332867,---,---,2023MNRAS.520.3305L,---,,,---,--,---,,,0,,,---,---,---,---,---,---,---,,--,0,---,---,---,---,---,---,---,---,---,---,---,---,---,---,---,---,---,---,---,---,---,---,---,0,,---,---,---,---,---,---,---,---
J0803+3908,A,08,03,57.7187,+,39,08,23.866,Quad,0.986000,120.99049452630,39.13996272980,Gaia_DR3,Lemon,2023,2023MNRAS.520.3305L,Yue,2023,2023AJ....165..191Y,120.99047500000,39.13981472000,120.99047457533,39.13981332867,2.9700,---,2023MNRAS.520.3305L,---,,,---,--,---,,,1,DR3Gaia080357.719+390823.87,3,31,2.11168242230,60.79358,0.68312109938,40.70620,18.9002,0.22810,0,0,1,921013100487291392,120.99049486569,1.0553,39.13996288927,0.5697,---,---,---,---,---,---,---,---,18.844904,0.011084,---,---,---,---,---,---,18.844904,0.011084,0,,---,---,---,---,---,---,---,---
J0803+3908,C,08,03,57.7534,+,39,08,23.056,Quad,0.986000,120.99063933970,39.13973769860,Gaia_DR3,Lemon,2023,2023MNRAS.520.3305L,Yue,2023,2023AJ....165..191Y,120.99047500000,39.13981472000,120.99047457533,39.13981332867,2.9700,---,2023MNRAS.520.3305L,---,,,---,--,---,,,1,DR3Gaia080357.719+390823.87,2,30,2.11168499654,59.79442,0.68311709717,49.79440,18.2870,0.24044,0,0,1,921013100488626944,120.99064276433,0.4867,39.13973817556,0.4224,-2.0596,0.5415,-3.8036,4.008,-3.851,0.595,-1.111,0.518,18.262463,0.010297,17.709742,0.030892,16.836845,0.041289,2.771,0.872896,18.266218,0.010331,0,,---,---,---,---,---,---,---,---
SDSS0806+2006,B,08,06,23.6128,+,20,06,31.301,Double,1.486000,121.59838675140,20.10869473720,Gaia_DR3,Inada,2006,2006AJ....131.1934I,,---,,121.59875000000,20.10886110000,121.59858177640,20.10878978935,1.5370,---,2007A&A...465...51E,1.540,gG,DR16Q,---,--,---,,,1,DR3Gaia080623.706+200631.99,1,35,2.12229234484,70.91189,0.35096288022,48.07947,20.0330,0.09946,0,0,1,670520540383145728,121.59838651411,0.6586,20.10869473730,0.5166,-0.9252,0.8004,-1.1559,0.618,0.615,0.788,0.062,0.530,20.077991,0.007909,---,---,---,---,---,---,20.077991,0.007909,1,J080623.66+200631.7,14.621,13.586,11.015,8.321,0.032,0.035,0.140,---
SDSS0806+2006,A,08,06,23.7064,+,20,06,31.985,Double,1.486000,121.59877680140,20.10888484150,Gaia_DR3,Inada,2006,2006AJ....131.1934I,,---,,121.59875000000,20.10886110000,121.59858177640,20.10878978935,1.5370,0.5730,2007A&A...465...51E,1.540,gG,DR16Q,---,--,---,,,1,DR3Gaia080623.706+200631.99,2,36,2.12229897926,66.35714,0.35096622556,50.33982,19.3845,0.10553,0,0,1,670520540382618496,121.59877696651,0.2841,20.10888475245,0.2020,0.6515,0.3613,1.8031,0.437,0.156,0.382,-0.408,0.242,19.279554,0.005596,19.383356,0.046783,18.376966,0.050519,1.626,1.006390,19.282908,0.005609,0,,---,---,---,---,---,---,---,---
HS0810+2554,A,08,13,31.2722,+,25,45,03.105,Quad,0.876000,123.38030073820,25.75086262360,Gaia_DR3,Reimers,2002,2002A&A...382L..26R,,---,,123.38041670000,25.75088890000,123.38041231521,25.75087320300,1.5100,---,2002A&A...382L..26R,---,,,---,--,---,,,1,DR3Gaia081331.272+254503.11,3,36,2.15339271833,47.58806,0.44943717146,48.30344,16.2700,0.11720,0,0,1,682614034415644032,123.38030149239,0.3325,25.75086321438,0.2493,-0.6748,0.3710,-1.8187,2.786,1.969,0.412,1.971,0.287,16.338184,0.012399,16.210878,0.009849,15.174118,0.007703,2.045,1.036760,16.341392,0.012434,1,J081331.28+254503.1,11.781,10.406,7.245,4.884,0.024,0.020,0.017,0.027
HS0810+2554,B,08,13,31.2786,+,25,45,02.942,Quad,0.876000,123.38032757000,25.75081735000,Publication,Reimers,2002,2002A&A...382L..26R,,---,,123.38032757000,25.75081735000,123.38041231521,25.75087320300,1.5100,---,2002A&A...382L..26R,---,,,---,--,---,,,0,,,---,---,---,---,---,---,---,,--,0,---,---,---,---,---,---,---,---,---,---,---,---,---,---,---,---,---,---,---,---,---,---,---,0,,---,---,---,---,---,---,---,---
HS0810+2554,D,08,13,31.3151,+,25,45,03.667,Quad,0.876000,123.38047960333,25.75101858361,Gaia_FPR,Reimers,2002,2002A&A...382L..26R,,---,,123.38055580000,25.75092860000,123.38041231521,25.75087320300,1.5100,---,2002A&A...382L..26R,---,,,---,--,---,,,1,DR3Gaia081331.272+254503.11,2,28,2.15339575270,86.11041,0.44944006033,56.07152,19.0837,0.14910,0,0,0,---,---,---,---,---,---,---,---,---,---,---,---,---,---,---,---,---,---,---,---,---,---,---,0,,---,---,---,---,---,---,---,---
HS0810+2554,C,08,13,31.3299,+,25,45,02.859,Quad,0.876000,123.38054134930,25.75079425480,Gaia_DR3,Reimers,2002,2002A&A...382L..26R,,---,,123.38065540000,25.75081750000,123.38041231521,25.75087320300,1.5100,---,2002A&A...382L..26R,---,,,---,--,---,,,1,DR3Gaia081331.272+254503.11,1,34,2.15339656068,50.52258,0.44943618324,39.36805,17.8672,0.14312,0,0,1,682614034416445312,123.38054144472,3.6426,25.75079410426,17.9927,---,---,---,---,---,---,---,---,17.940130,0.007259,---,---,---,---,---,---,17.940130,0.007259,0,,---,---,---,---,---,---,---,---
GraLJ081828.3-261325,A,08,18,28.1253,-,26,13,28.471,Quad,6.238000,124.61718872715,-26.22457515683,Gaia_DR3,Stern,2021,2021ApJ...921...42S,,---,,124.61718842000,-26.22458208000,124.61791052010,-26.22363292897,2.1640,0.8660,2021ApJ...921...42S / 2023A&A...672A..20M,---,,,---,--,---,,,0,,,---,---,---,---,---,---,---,,--,1,5694395291770945280,124.61718872715,0.1781,-26.22457515683,0.2355,-0.1938,0.3432,-0.5647,0.811,0.378,0.255,-0.717,0.299,19.713766,0.004177,20.288044,0.061142,18.981424,0.027205,---,1.306620,19.713766,0.004177,0,,---,---,---,---,---,---,---,---
GraLJ081828.3-261325,B,08,18,28.1593,-,26,13,22.897,Quad,6.238000,124.61733035571,-26.22302683219,Gaia_DR3,Stern,2021,2021ApJ...921...42S,,---,,124.61732653000,-26.22303069000,124.61791052010,-26.22363292897,2.1640,---,2021ApJ...921...42S / 2023A&A...672A..20M,---,,,---,--,---,,,0,,,---,---,---,---,---,---,---,,--,1,5694395394841069440,124.61733035571,0.2198,-26.22302683219,0.2814,0.3140,0.4168,0.7533,0.143,-0.079,0.303,0.119,0.350,19.910303,0.004291,20.420010,0.056715,18.985320,0.030861,---,1.434691,19.910014,0.004290,0,,---,---,---,---,---,---,---,---
GraLJ081828.3-261325,G,08,18,28.2446,-,26,13,24.329,Quad,6.238000,124.61768572000,-26.22342486000,HST,Stern,2021,2021ApJ...921...42S,,---,,124.61768572000,-26.22342486000,124.61791052010,-26.22363292897,---,---,,---,,,---,--,---,,,0,,,---,---,---,---,---,---,---,,--,0,---,---,---,---,---,---,---,---,---,---,---,---,---,---,---,---,---,---,---,---,---,---,---,0,,---,---,---,---,---,---,---,---
GraLJ081828.3-261325,C,08,18,28.4500,-,26,13,24.800,Quad,6.238000,124.61854177908,-26.22355542590,Gaia_DR3,Stern,2021,2021ApJ...921...42S,,---,,124.61853291000,-26.22356069000,124.61791052010,-26.22363292897,2.1640,---,2021ApJ...921...42S / 2023A&A...672A..20M,---,,,---,--,---,,,0,,,---,---,---,---,---,---,---,,--,1,5694395394839344128,124.61854177908,1.2756,-26.22355542590,1.2331,---,---,---,---,---,---,---,---,17.772533,0.007363,17.582106,0.015532,16.259155,0.011207,---,1.322950,17.772533,0.007363,0,,---,---,---,---,---,---,---,---
GraLJ081828.3-261325,D,08,18,28.4595,-,26,13,24.147,Quad,6.238000,124.61858121847,-26.22337430096,Gaia_DR3,Stern,2021,2021ApJ...921...42S,,---,,124.61858122000,-26.22337430000,124.61791052010,-26.22363292897,2.1640,---,2021ApJ...921...42S / 2023A&A...672A..20M,---,,,---,--,---,,,0,,,---,---,---,---,---,---,---,,--,1,5694395394849639168,124.61858121847,0.9251,-26.22337430096,0.8351,---,---,---,---,---,---,---,---,17.758700,0.005072,17.568785,0.010650,16.272621,0.009207,---,1.296164,17.758700,0.005072,0,,---,---,---,---,---,---,---,---
GraLJ081830+060137,A,08,18,30.4071,+,06,01,37.421,Double,1.147000,124.62669629450,6.02706130280,Gaia_DR3,Krone-Martins,2019,2019arXiv191208977K,,---,,124.62669575900,6.02706187971,124.62682713045,6.02715325360,2.3520,1.5070,2019arXiv191208977K / 2024MNRAS.530..221J,2.381,gG,DR16Q,---,--,2.38033800,KEEP(0),EXTERNAL_SDSSDR18_BOSS,1,DR3Gaia081830.407+060137.42,1,29,2.17514616123,56.47469,0.10519203770,55.05296,19.7532,0.12341,0,0,1,3096425271546008960,124.62669638971,0.9701,6.02706118107,1.0762,---,---,---,---,---,---,---,---,19.769370,0.008424,---,---,---,---,---,---,19.769370,0.008424,1,J081830.45+060137.9,14.667,13.647,10.173,7.828,0.032,0.037,0.072,0.207
GraLJ081830+060137,B,08,18,30.4699,+,06,01,38.083,Double,1.147000,124.62695796640,6.02724520440,Gaia_DR3,Krone-Martins,2019,2019arXiv191208977K,,---,,124.62695358800,6.02724708799,124.62682713045,6.02715325360,2.3520,---,2019arXiv191208977K / 2024MNRAS.530..221J,2.381,gG,DR16Q,2.379538,0,2.38033800,KEEP(0),EXTERNAL_SDSSDR18_BOSS,1,DR3Gaia081830.407+060137.42,2,30,2.17515085070,51.22173,0.10519527217,48.07688,17.8901,0.09946,0,0,1,3096425271547225728,124.62695788440,0.1389,6.02724527813,0.1149,0.0283,0.1762,0.1604,0.210,-0.068,0.183,0.199,0.147,17.801878,0.005170,17.870008,0.019886,17.309090,0.017152,1.344,0.560919,17.801878,0.005170,0,,---,---,---,---,---,---,---,---
SDSSJ0819+5356,A,08,19,59.5781,+,53,56,25.523,Double,3.796000,124.99824200040,53.94042298740,Gaia_DR3,Rusu,2016,2016MNRAS.458....2R,,---,,124.99920090000,53.94005890000,124.99899662666,53.94013908120,2.2370,0.2940,2010A&A...518A..10V,---,,,2.231663,16,---,,,1,DR3Gaia081959.578+535625.52,1,29,2.18163090284,42.12694,0.94143800042,40.39026,19.7850,0.12519,0,0,1,1032182620933181056,124.99824210517,0.3345,53.94042298658,0.2830,-0.3707,0.4532,-0.8180,0.389,0.382,0.463,0.074,0.367,19.781536,0.007182,19.717981,0.070922,18.991083,0.082994,1.641,0.726898,19.785249,0.007203,0,,---,---,---,---,---,---,---,---
SDSSJ0819+5356,G,08,19,59.8039,+,53,56,24.188,Double,3.796000,124.99918290580,53.94005214760,Gaia_DR3,Rusu,2016,2016MNRAS.458....2R,,---,,124.99826140000,53.93968950000,124.99899662666,53.94013908120,---,0.2940,2010A&A...518A..10V,---,,,---,--,---,,,1,DR3Gaia081959.578+535625.52,2,21,2.18164720773,64.50302,0.94143153197,57.48423,20.2812,0.12607,0,0,1,1032182625228084608,124.99917845018,5.2820,53.94005165323,3.9487,---,---,---,---,---,---,---,---,21.236053,0.019920,19.987032,0.101527,18.083750,0.048202,9.967,1.903282,21.236053,0.019920,1,J081959.76+535624.6,13.832,13.320,10.767,8.389,0.025,0.027,0.107,0.289
SDSSJ0819+5356,B,08,19,59.9403,+,53,56,23.479,Double,3.796000,124.99975125292,53.93985517500,Publication,Rusu,2016,2016MNRAS.458....2R,,---,,124.99975125292,53.93985517500,124.99899662666,53.94013908120,2.2370,---,2010A&A...518A..10V,---,,,---,--,---,,,0,,,---,---,---,---,---,---,---,,--,0,---,---,---,---,---,---,---,---,---,---,---,---,---,---,---,---,---,---,---,---,---,---,---,0,,---,---,---,---,---,---,---,---
SDSSJ0820+0812,B,08,20,16.0442,+,08,12,17.958,Double,2.242000,125.06685076250,8.20498842380,Gaia_DR3,Rusu,2016,2016MNRAS.458....2R,,---,,125.06738750000,8.20496000000,125.06699090590,8.20470956750,2.0240,---,2010A&A...518A..10V,2.020,gG,DR16Q,---,--,2.02263700,KEEP(0),EXTERNAL_SDSSDR18_SDSS,1,DR3Gaia082016.111+081215.95,2,10,2.18282836815,41.23312,0.14320386853,37.44806,20.7094,0.13645,0,0,1,3097346657996637440,125.06685032537,4.9561,8.20498787347,2.7162,---,---,---,---,---,---,---,---,20.952238,0.022061,20.748577,0.166546,19.758413,0.083139,2.139,0.990164,20.952238,0.022061,0,,---,---,---,---,---,---,---,---
SDSSJ0820+0812,G,08,20,16.0650,+,08,12,17.203,Double,2.242000,125.06693740000,8.20477849000,Publication,Rusu,2016,2016MNRAS.458....2R,,---,,125.06693740000,8.20477849000,125.06699090590,8.20470956750,---,0.8030,2010A&A...518A..10V,2.020,gG,DR16Q,---,--,2.02263700,KEEP(0),EXTERNAL_SDSSDR18_SDSS,0,,,---,---,---,---,---,---,---,,--,0,---,---,---,---,---,---,---,---,---,---,---,---,---,---,---,---,---,---,---,---,---,---,---,1,J082016.08+081216.8,14.664,13.965,11.027,8.747,0.032,0.047,0.166,0.494
SDSSJ0820+0812,A,08,20,16.1115,+,08,12,15.951,Double,2.242000,125.06713104930,8.20443071120,Gaia_DR3,Rusu,2016,2016MNRAS.458....2R,,---,,125.06712990000,8.20443830000,125.06699090590,8.20470956750,2.0240,0.8030,2010A&A...518A..10V,2.020,gG,DR16Q,2.017723,0,2.02263700,KEEP(0),EXTERNAL_SDSSDR18_SDSS,1,DR3Gaia082016.111+081215.95,1,34,2.18283323474,54.05090,0.14319429251,49.67024,18.7174,0.18783,0,0,1,3097346657995436800,125.06713107952,0.1673,8.20443067965,0.1199,-0.2152,0.1829,-1.1768,0.614,0.607,0.194,-0.090,0.148,18.628890,0.006451,18.939085,0.047225,18.401995,0.063696,1.064,0.537090,18.628890,0.006451,0,,---,---,---,---,---,---,---,---
HS0818+1227,G,08,21,38.8275,+,12,17,31.541,Double,2.552000,125.41178117958,12.29209463250,Publication,Hagen,2000,2000A&A...357L..29H,,---,,125.41178117958,12.29209463250,125.41204671265,12.29195159345,---,0.3900,2002A&ARv..10..263C,---,,,---,--,---,,,0,,,---,---,---,---,---,---,---,,--,0,---,---,---,---,---,---,---,---,---,---,---,---,---,---,---,---,---,---,---,---,---,---,---,0,,---,---,---,---,---,---,---,---
HS0818+1227,B,08,21,38.8400,+,12,17,32.057,Double,2.552000,125.41183321740,12.29223811140,Gaia_DR3,Hagen,2000,2000A&A...357L..29H,,---,,125.41248800000,12.29196330000,125.41204671265,12.29195159345,3.1150,---,2002A&ARv..10..263C,---,,,---,--,---,,,1,DR3Gaia082138.942+121729.99,2,10,2.18884934056,61.45355,0.21454006816,28.34941,20.5500,0.17066,0,0,1,649514813118833792,125.41183296922,2.7358,12.29223805204,1.8123,---,---,---,---,---,---,---,---,20.833765,0.020792,20.747576,0.185336,20.050308,0.287587,1.651,0.697268,20.833765,0.020792,0,,---,---,---,---,---,---,---,---
HS0818+1227,A,08,21,38.9424,+,12,17,29.994,Double,2.552000,125.41226020790,12.29166507550,Gaia_DR3,Hagen,2000,2000A&A...357L..29H,,---,,125.41291670000,12.29138890000,125.41204671265,12.29195159345,3.1150,0.3900,2002A&ARv..10..263C,---,,,---,--,---,,,1,DR3Gaia082138.942+121729.99,1,34,2.18885683088,60.52258,0.21453003764,46.91961,18.6682,0.12583,0,0,1,649514817411198976,125.41226018136,0.1648,12.29166505155,0.1200,0.0651,0.2235,0.2914,0.219,0.109,0.210,0.189,0.151,18.585660,0.005158,18.738031,0.023668,18.106672,0.030033,1.285,0.631359,18.585660,0.005158,0,,---,---,---,---,---,---,---,---
SDSSJ0821+4542,B,08,21,58.5820,+,45,42,44.070,Double,1.167000,125.49409166667,45.71224166667,Publication,More,2016,2016MNRAS.456.1595M,,---,,125.49409166667,45.71224166667,125.49431360123,45.71228894043,2.0660,---,2016MNRAS.456.1595M,2.067,pG,DR16,---,--,---,,,0,,,---,---,---,---,---,---,---,,--,0,---,---,---,---,---,---,---,---,---,---,---,---,---,---,---,---,---,---,---,---,---,---,---,0,,---,---,---,---,---,---,---,---
SDSSJ0821+4542,G,08,21,58.6780,+,45,42,44.380,Double,1.167000,125.49449170000,45.71232780000,Publication,More,2016,2016MNRAS.456.1595M,,---,,125.49449170000,45.71232780000,125.49431360123,45.71228894043,---,0.3490,2016MNRAS.456.1595M,2.067,pG,DR16,---,--,---,,,0,,,---,---,---,---,---,---,---,,--,0,---,---,---,---,---,---,---,---,---,---,---,---,---,---,---,---,---,---,---,---,---,---,---,1,J082158.67+454243.4,15.167,14.554,12.320,8.021,0.045,0.062,0.436,---
SDSSJ0821+4542,A,08,21,58.6885,+,45,42,44.410,Double,1.167000,125.49453553580,45.71233621420,Gaia_DR3,More,2016,2016MNRAS.456.1595M,,---,,125.49460830000,45.71233330000,125.49431360123,45.71228894043,2.0660,0.3490,2016MNRAS.456.1595M,2.067,pG,DR16,2.880163,0,---,,,1,DR3Gaia082158.689+454244.41,1,49,2.19029290163,66.16104,0.79783075014,51.76391,19.8438,0.14861,0,0,1,930071976789499648,125.49453583402,0.3643,45.71233620675,0.2263,-0.8586,0.5124,-1.6756,0.827,-0.544,0.526,0.624,0.370,19.818434,0.006332,19.965807,0.053236,18.705732,0.031230,1.806,1.260075,19.820016,0.006339,0,,---,---,---,---,---,---,---,---
SDSSJ0823+2418,B,08,23,41.0773,+,24,18,05.021,Double,0.633000,125.92115552747,24.30139480146,Gaia_DR3,Gross,2023,2023ApJ...956..117G,,---,,125.92120833333,24.30136111111,125.92116222063,24.30148255924,1.8130,---,2023ApJ...956..117G,---,,,---,--,---,,,1,DR3Gaia082341.081+241805.65,1,41,2.19773875322,49.01588,0.42413932610,38.11344,18.3304,0.12156,0,0,1,679072919779489408,125.92115552747,0.2446,24.30139480146,0.1150,-0.1835,0.2164,-0.8482,0.359,-0.357,0.240,-0.029,0.138,18.252651,0.007426,---,---,---,---,---,---,18.252651,0.007426,1,J082341.07+241805.5,13.804,12.535,9.565,6.700,0.027,0.024,0.045,0.085
SDSSJ0823+2418,A,08,23,41.0805,+,24,18,05.653,Double,0.633000,125.92116891379,24.30157031702,Gaia_DR3,Gross,2023,2023ApJ...956..117G,,---,,125.92116891379,24.30157031702,125.92116222063,24.30148255924,1.8130,---,2023ApJ...956..117G,1.814,gG,DR16Q,---,--,---,,,1,DR3Gaia082341.081+241805.65,2,41,2.19773901131,51.63106,0.42414239974,38.27045,17.9882,0.10847,0,0,1,679072919780579200,125.92116891379,0.1122,24.30157031702,0.0718,0.0657,0.1270,0.5168,0.152,-0.146,0.123,-0.041,0.084,17.914942,0.006265,17.710735,0.019724,16.721369,0.022289,2.139,0.989367,17.918369,0.006281,0,,---,---,---,---,---,---,---,---
SDSSJ0823+2418,G,08,23,41.0900,+,24,18,05.100,Double,0.633000,125.92120833333,24.30141666667,Publication,Gross,2023,2023ApJ...956..117G,,---,,125.92120833333,24.30141666667,125.92116222063,24.30148255924,---,---,2023ApJ...956..117G,---,,,---,--,---,,,0,,,---,---,---,---,---,---,---,,--,0,---,---,---,---,---,---,---,---,---,---,---,---,---,---,---,---,---,---,---,---,---,---,---,0,,---,---,---,---,---,---,---,---
J0826+7002,G,08,26,07.7342,+,70,02,41.930,Double,5.830000,126.53222585670,70.04498069370,Gaia_DR3,Lemon,2023,2023MNRAS.520.3305L,,---,,126.53410000000,70.04560000000,126.53411750370,70.04564477355,---,---,2023MNRAS.520.3305L,1.618,n,LEMON4,---,--,---,,,1,DR3Gaia082608.001+700247.07,3,19,2.20840386078,51.92827,1.22251552041,63.09832,20.6143,0.14092,0,0,1,1097468632093235456,126.53222832389,9.5301,70.04497798662,11.9907,---,---,---,---,---,---,---,---,21.319092,0.035669,20.163483,0.495901,18.388786,0.056795,8.359,1.774696,21.319092,0.035669,0,,---,---,---,---,---,---,---,---
J0826+7002,B,08,26,08.0006,+,70,02,47.073,Double,5.830000,126.53333574860,70.04640926790,Gaia_DR3,Lemon,2023,2023MNRAS.520.3305L,,---,,126.53410000000,70.04560000000,126.53411750370,70.04564477355,1.6180,---,2023MNRAS.520.3305L,1.618,n,LEMON4,1.612138,0,---,,,1,DR3Gaia082608.001+700247.07,1,64,2.20842321973,52.61990,1.22254048702,59.86967,19.4082,0.18265,0,0,1,1097468632092418304,126.53333573532,0.1520,70.04640922968,0.1713,0.0236,0.2330,0.1014,0.557,0.131,0.200,0.541,0.231,19.373940,0.007385,19.533567,0.036056,18.976076,0.042212,1.233,0.557491,19.373940,0.007385,0,,---,---,---,---,---,---,---,---
J0826+7002,A,08,26,08.3758,+,70,02,41.569,Double,5.830000,126.53489925880,70.04488027920,Gaia_DR3,Lemon,2023,2023MNRAS.520.3305L,,---,,126.53410000000,70.04560000000,126.53411750370,70.04564477355,1.6180,---,2023MNRAS.520.3305L,1.618,n,LEMON4,1.623271,0,---,,,1,DR3Gaia082608.001+700247.07,2,64,2.20845037154,43.98708,1.22251372462,47.24863,17.5127,0.23073,0,0,1,1097468636388676608,126.53489927964,0.0464,70.04488027734,0.0589,0.0095,0.0754,0.1258,0.069,0.007,0.062,0.069,0.079,17.407343,0.008470,17.509203,0.029036,16.863150,0.021550,1.355,0.646053,17.407343,0.008470,0,,---,---,---,---,---,---,---,---
APM08279+5255,B,08,31,41.6592,+,52,45,17.240,Triple,0.381000,127.92357982000,52.75478889000,Publication,Irwin,1998,1998ApJ...505..529I,,---,,127.92329170000,52.75472220000,127.92362311667,52.75483880000,3.9110,---,2002A&ARv..10..263C,---,,,---,--,---,,,0,,,---,---,---,---,---,---,---,,--,0,---,---,---,---,---,---,---,---,---,---,---,---,---,---,---,---,---,---,---,---,---,---,---,1,J083141.69+524517.5,11.097,10.471,6.729,4.097,0.023,0.020,0.016,0.028
APM08279+5255,C,08,31,41.6686,+,52,45,17.453,Triple,0.381000,127.92361929000,52.75484806000,Publication,Irwin,1998,1998ApJ...505..529I,,---,,127.92379167000,52.75494444000,127.92362311667,52.75483880000,3.9110,---,2002A&ARv..10..263C,---,,,---,--,---,,,0,,,---,---,---,---,---,---,---,,--,0,---,---,---,---,---,---,---,---,---,---,---,---,---,---,---,---,---,---,---,---,---,---,---,0,,---,---,---,---,---,---,---,---
APM08279+5255,A,08,31,41.6809,+,52,45,17.566,Triple,0.381000,127.92367024000,52.75487945000,Gaia_DR3,Irwin,1998,1998ApJ...505..529I,,---,,127.92387500000,52.75500000000,127.92362311667,52.75483880000,3.9110,---,2002A&ARv..10..263C,---,,,---,--,---,,,1,DR3Gaia083141.711+524517.62,1,55,2.23269069063,92.61169,0.92074597736,120.23762,16.2918,0.29765,0,1,1,1028742871820608896,127.92379508242,0.6943,52.75489360960,0.6146,---,---,---,---,---,---,---,---,16.204090,0.013706,16.648030,0.007587,14.700291,0.006006,2.163,1.947739,16.204090,0.013706,0,,---,---,---,---,---,---,---,---
SDSSJ0832+0404,A,08,32,16.9982,+,04,04,05.186,Double,2.177000,128.07082579920,4.06810708480,Gaia_DR3,Rusu,2016,2016MNRAS.458....2R,,---,,128.07081710000,4.06811920000,128.07107243950,4.06793137205,1.1150,0.6590,2010A&A...518A..10V / 2008AJ....135..520O,1.121,gG,DR16Q,---,--,1.11770600,KEEP(0),EXTERNAL_SDSSDR18_SDSS,1,DR3Gaia083216.998+040405.19,1,56,2.23525754029,54.06429,0.07100195501,43.79704,19.6744,0.14416,0,0,1,3092314541167221760,128.07082579157,0.3019,4.06810705867,0.2217,0.0731,0.3924,0.1863,0.469,0.215,0.419,0.416,0.301,19.633503,0.005550,19.777752,0.045582,19.012619,0.042700,1.381,0.765133,19.633503,0.005550,1,J083217.04+040404.6,14.425,13.608,11.000,8.623,0.029,0.036,0.145,0.525
SDSSJ0832+0404,G,08,32,17.0869,+,04,04,04.239,Double,2.177000,128.07119534000,4.06784403000,Publication,Rusu,2016,2016MNRAS.458....2R,,---,,128.07089125000,4.06806111110,128.07107243950,4.06793137205,---,0.6590,2010A&A...518A..10V / 2008AJ....135..520O,1.121,gG,DR16Q,---,--,1.11770600,KEEP(0),EXTERNAL_SDSSDR18_SDSS,0,,,---,---,---,---,---,---,---,,--,0,---,---,---,---,---,---,---,---,---,---,---,---,---,---,---,---,---,---,---,---,---,---,---,0,,---,---,---,---,---,---,---,---
SDSSJ0832+0404,B,08,32,17.1166,+,04,04,03.920,Double,2.177000,128.07131907980,4.06775565930,Gaia_DR3,Rusu,2016,2016MNRAS.458....2R,,---,,128.07032310000,4.06776640000,128.07107243950,4.06793137205,1.1150,---,2010A&A...518A..10V / 2008AJ....135..520O,1.121,gG,DR16Q,---,--,0.65899998,KEEP(    ),EXTERNAL_NED_2008AJ....135..520O,1,DR3Gaia083216.998+040405.19,2,27,2.23526593954,62.32231,0.07099592253,56.38942,20.5712,0.12777,0,0,1,3092314541166862080,128.07131806705,1.4474,4.06775676759,0.9565,-4.1421,1.8473,-2.2422,3.312,1.037,1.803,-3.146,1.257,20.785680,0.012439,21.225515,0.243126,19.681181,0.163485,1.648,1.544334,20.783993,0.012420,0,,---,---,---,---,---,---,---,---
J0833+0331,A,08,33,20.8169,+,03,31,29.159,Double,1.555000,128.33673726140,3.52476650090,Gaia_DR3,Lemon,2023,2023MNRAS.520.3305L,,---,,128.33690000000,3.52470000000,128.33693964800,3.52469009205,1.8450,---,2023MNRAS.520.3305L,1.845,p,LEMON4,---,--,1.24020004,,VizieR_J/A+A/661/A5/table1,1,DR3Gaia083320.817+033129.16,1,79,2.23989861526,65.93120,0.06151877439,50.34347,20.0265,0.13556,0,0,1,3080259323881652608,128.33673715894,0.4110,3.52476652365,0.2262,0.0686,0.5102,0.1345,0.627,0.621,0.549,-0.085,0.386,20.047200,0.005043,20.173320,0.052367,19.393543,0.051231,1.414,0.779778,20.047200,0.005043,1,J083320.86+033128.9,15.481,14.749,12.032,8.412,0.040,0.062,0.306,---
J0833+0331,B,08,33,20.9141,+,03,31,28.609,Double,1.555000,128.33714203460,3.52461368320,Gaia_DR3,Lemon,2023,2023MNRAS.520.3305L,,---,,128.33690000000,3.52470000000,128.33693964800,3.52469009205,1.8450,---,2023MNRAS.520.3305L,1.845,p,LEMON4,---,--,1.24020004,,VizieR_J/A+A/661/A5/table1,1,DR3Gaia083320.817+033129.16,2,23,2.23990556732,72.94398,0.06151609650,40.22025,20.7045,0.11549,0,0,1,3080259323881652736,128.33713910909,4.5527,3.52461434890,1.4692,---,---,---,---,---,---,---,---,20.957205,0.015358,---,---,---,---,---,---,20.957205,0.015358,0,,---,---,---,---,---,---,---,---
J0833+2612,S,08,33,54.3897,+,26,12,09.345,Quad,0.000000,128.47662369321,26.20259576128,Gaia_DR3,Lemon,2023,2023MNRAS.520.3305L,,---,,128.47670000000,26.20290000000,128.47662369321,26.20259576128,3.2600,---,2023MNRAS.520.3305L,---,,,---,--,---,,,1,DR3Gaia083354.390+261209.34,1,13,2.24234001846,91.95260,0.45732141563,56.31993,20.6370,0.15808,0,0,1,702967502179137024,128.47662369321,2.2064,26.20259576128,1.6575,-23.8572,3.6503,-6.5357,14.749,-14.610,2.507,-2.020,1.601,20.826210,0.020724,20.920197,0.226763,19.699580,0.104952,1.853,1.220617,20.828146,0.020760,0,,---,---,---,---,---,---,---,---
J0834-2933,A,08,34,33.8255,-,29,33,01.557,Double,1.801000,128.64093958750,-29.55043257770,Gaia_DR3,Lemon,2023,2023MNRAS.520.3305L,,---,,128.64110000000,-29.55050000000,128.64108041975,-29.55065067575,1.9220,---,2023MNRAS.520.3305L,1.922,j,LEMON4,---,--,---,,,1,DR3Gaia083433.825-293301.56,1,69,2.24520794721,60.29842,-0.51575229298,65.08911,19.7930,0.26366,0,0,1,5643847512428416384,128.64093948320,0.1935,-29.55043257387,0.2577,0.6069,0.3256,1.8640,0.271,-0.259,0.255,-0.079,0.314,19.778448,0.011331,19.642770,0.043570,18.483315,0.024841,2.209,1.159456,19.780879,0.011355,1,J083433.85-293301.9,15.017,14.427,11.485,8.347,0.038,0.048,0.147,0.233
J0834-2933,B,08,34,33.8931,-,29,33,03.128,Double,1.801000,128.64122125200,-29.55086877380,Gaia_DR3,Lemon,2023,2023MNRAS.520.3305L,,---,,128.64110000000,-29.55050000000,128.64108041975,-29.55065067575,1.9220,---,2023MNRAS.520.3305L,1.922,j,LEMON4,---,--,---,,,1,DR3Gaia083433.825-293301.56,2,65,2.24521288375,56.77162,-0.51575996156,56.97933,20.1315,0.18695,0,0,1,5643847512424397184,128.64122133261,0.2664,-29.55086892780,0.3347,0.2690,0.4665,0.5767,0.409,0.157,0.385,0.378,0.449,20.108107,0.006936,19.699457,0.010213,18.564215,0.032728,2.802,1.135243,20.110714,0.006950,0,,---,---,---,---,---,---,---,---
J0840+3550,B,08,40,32.9943,+,35,49,59.651,Double,2.746000,130.13747636000,35.83323632000,Publication,Lemon,2018,2018MNRAS.479.5060L,,---,,130.13784294000,35.83317828000,130.13794298575,35.83328507635,1.7700,---,2018MNRAS.479.5060L,---,,,---,--,---,,,0,,,---,---,---,---,---,---,---,,--,0,---,---,---,---,---,---,---,---,---,---,---,---,---,---,---,---,---,---,---,---,---,---,---,0,,---,---,---,---,---,---,---,---
J0840+3550,G,08,40,33.0470,+,35,49,59.511,Double,2.746000,130.13769563980,35.83319743290,Gaia_DR3,Lemon,2018,2018MNRAS.479.5060L,,---,,130.13863920000,35.83330110000,130.13794298575,35.83328507635,---,0.2600,2018MNRAS.479.5060L,1.770,gG,LEMON,---,--,---,,,1,DR3Gaia084033.218+355000.00,1,36,2.27133044443,222.60303,0.62540698330,72.55269,20.5078,0.17118,0,1,1,717587850029450240,130.13769728011,14.1822,35.83318597563,6.9502,---,---,---,---,---,---,---,---,21.079668,0.036524,19.748648,0.099832,18.249239,0.053411,8.178,1.499409,21.079668,0.036524,1,J084033.07+354959.7,14.506,13.986,12.271,8.532,0.029,0.040,0.398,0.344
J0840+3550,A,08,40,33.2183,+,35,50,00.002,Double,2.746000,130.13840961150,35.83333383270,Gaia_DR3,Lemon,2018,2018MNRAS.479.5060L,,---,,130.13772080000,35.83349560000,130.13794298575,35.83328507635,1.7700,0.2600,2018MNRAS.479.5060L,1.770,gG,LEMON,0.551633,16,---,,,1,DR3Gaia084033.218+355000.00,2,47,2.27134380342,78.18038,0.62540960442,47.02962,19.9488,0.16506,0,0,1,717587845734293376,130.13840937314,0.4698,35.83333381207,0.2651,0.4323,0.5424,0.7969,0.716,0.642,0.588,0.316,0.428,19.990658,0.008134,19.903229,0.058437,19.046043,0.063158,1.791,0.857185,19.994433,0.008159,0,,---,---,---,---,---,---,---,---
B0850+054,A,08,52,53.5770,+,05,15,15.330,Double,0.333000,133.22323750000,5.25425833330,Publication,Biggs,2003,2003MNRAS.338.1084B,,---,,133.22323750000,5.25425833330,133.22324375000,5.25421250165,1.1400,0.5883,2003MNRAS.338.1084B / 2004MNRAS.350..167M,---,,,---,--,---,,,0,,,---,---,---,---,---,---,---,,--,0,---,---,---,---,---,---,---,---,---,---,---,---,---,---,---,---,---,---,---,---,---,---,---,1,J085253.58+051515.3,16.598,15.574,12.397,8.481,0.083,0.121,---,---
B0850+054,B,08,52,53.5800,+,05,15,15.000,Double,0.333000,133.22325000000,5.25416667000,Publication,Biggs,2003,2003MNRAS.338.1084B,,---,,133.22325000000,5.25416667000,133.22324375000,5.25421250165,1.1400,---,2003MNRAS.338.1084B,---,,,---,--,---,,,0,,,---,---,---,---,---,---,---,,--,0,---,---,---,---,---,---,---,---,---,---,---,---,---,---,---,---,---,---,---,---,---,---,---,0,,---,---,---,---,---,---,---,---
GraLJ0859-3011,B,08,59,11.8838,-,30,11,34.572,Double,1.093000,134.79951565852,-30.19293675545,Gaia_DR3,Jalan,2024,2024BSRSL..93..752J,,---,,134.79958333333,-30.19294444444,134.79969008158,-30.19295471013,---,---,,---,,,---,--,---,,,0,,,---,---,---,---,---,---,---,,--,1,5641500192532462592,134.79951565852,1.7346,-30.19293675545,2.8843,---,---,---,---,---,---,---,---,20.999596,0.014265,---,---,---,---,---,---,20.999596,0.014265,1,J085911.92-301134.8,15.568,14.571,11.672,8.691,0.042,0.045,0.190,0.274
GraLJ0859-3011,G,08,59,11.9241,-,30,11,35.434,Double,1.093000,134.79968368844,-30.19317619983,Gaia_DR3,Jalan,2024,2024BSRSL..93..752J,,---,,134.79958333333,-30.19316666667,134.79969008158,-30.19295471013,---,---,,---,,,---,--,---,,,0,,,---,---,---,---,---,---,---,,--,1,5641500192532462720,134.79968368844,1.7864,-30.19317619983,2.2063,---,---,---,---,---,---,---,---,20.873325,0.027176,20.179966,0.324519,18.921010,0.120153,3.915,1.258957,20.873325,0.027176,0,,---,---,---,---,---,---,---,---
GraLJ0859-3011,A,08,59,11.9675,-,30,11,34.702,Double,1.093000,134.79986450464,-30.19297266482,Gaia_DR3,Jalan,2024,2024BSRSL..93..752J,,---,,134.79958333333,-30.19297222222,134.79969008158,-30.19295471013,---,---,,---,,,---,--,---,,,0,,,---,---,---,---,---,---,---,,--,1,5641500188236488704,134.79986450464,0.4357,-30.19297266482,0.6872,4.3928,0.8917,4.9261,2.875,0.398,0.633,-2.847,0.993,20.237610,0.007966,20.014353,0.046877,18.847462,0.033278,2.405,1.166891,20.239984,0.007981,0,,---,---,---,---,---,---,---,---
SDSS0903+5028,B,09,03,34.9100,+,50,28,18.777,Double,2.840000,135.89545820670,50.47188243260,Gaia_DR3,Johnston,2003,2003AJ....126.2281J,,---,,135.89550000000,50.47200000000,135.89599007365,50.47208486035,3.5840,---,2010A&A...518A..10V,---,,,---,--,---,,,1,DR3Gaia090335.165+502820.23,2,18,2.37182337937,70.04445,0.88090029396,90.93333,20.6181,0.16284,0,0,1,1016218227494010240,135.89545817646,2.7536,50.47188094446,2.5599,---,---,---,---,---,---,---,---,20.963364,0.015582,20.883875,0.287534,18.877169,0.356054,3.656,2.006706,20.963364,0.015582,0,,---,---,---,---,---,---,---,---
SDSS0903+5028,G1,09,03,34.9568,+,50,28,19.529,Double,2.840000,135.89565341000,50.47209145000,Publication,Johnston,2003,2003AJ....126.2281J,,---,,135.89565341000,50.47209145000,135.89599007365,50.47208486035,---,0.3880,2010A&A...518A..10V,---,,,---,--,---,,,0,,,---,---,---,---,---,---,---,,--,0,---,---,---,---,---,---,---,---,---,---,---,---,---,---,---,---,---,---,---,---,---,---,---,0,,---,---,---,---,---,---,---,---
SDSS0903+5028,G2,09,03,35.0154,+,50,28,20.266,Double,2.840000,135.89589738000,50.47229618000,Publication,Johnston,2003,2003AJ....126.2281J,,---,,135.89589738000,50.47229618000,135.89599007365,50.47208486035,---,---,,---,,,---,--,---,,,0,,,---,---,---,---,---,---,---,,--,0,---,---,---,---,---,---,---,---,---,---,---,---,---,---,---,---,---,---,---,---,---,---,---,1,J090335.05+502820.3,14.026,13.425,9.996,7.804,0.031,0.036,0.057,0.288
SDSS0903+5028,G3,09,03,35.0514,+,50,28,23.541,Double,2.840000,135.89604751000,50.47320590000,Publication,Johnston,2003,2003AJ....126.2281J,,---,,135.89604751000,50.47320590000,135.89599007365,50.47208486035,---,---,,---,,,---,--,---,,,0,,,---,---,---,---,---,---,---,,--,0,---,---,---,---,---,---,---,---,---,---,---,---,---,---,---,---,---,---,---,---,---,---,---,0,,---,---,---,---,---,---,---,---
SDSS0903+5028,G4,09,03,35.0561,+,50,28,15.637,Double,2.840000,135.89606717000,50.47101034000,Publication,Johnston,2003,2003AJ....126.2281J,,---,,135.89606717000,50.47101034000,135.89599007365,50.47208486035,---,---,,---,,,---,--,---,,,0,,,---,---,---,---,---,---,---,,--,0,---,---,---,---,---,---,---,---,---,---,---,---,---,---,---,---,---,---,---,---,---,---,---,0,,---,---,---,---,---,---,---,---
SDSS0903+5028,A,09,03,35.1653,+,50,28,20.234,Double,2.840000,135.89652194060,50.47228728810,Gaia_DR3,Johnston,2003,2003AJ....126.2281J,,---,,135.89550000000,50.47200000000,135.89599007365,50.47208486035,3.5840,0.3880,2010A&A...518A..10V,---,,,---,--,---,,,1,DR3Gaia090335.165+502820.23,1,59,2.37184188923,67.53173,0.88090752983,56.34225,20.0011,0.10217,0,0,1,1016218227493362816,135.89652190198,0.4037,50.47228731502,0.2985,-0.2583,0.5536,-0.4666,0.281,-0.236,0.444,-0.152,0.348,20.043703,0.004730,20.791264,0.084322,19.101550,0.051859,1.367,1.689714,20.039940,0.004720,0,,---,---,---,---,---,---,---,---
SDSSJ0904+1512,B,09,04,04.1537,+,15,12,54.553,Double,1.066000,136.01730712940,15.21515356730,Gaia_DR3,Kayo,2010,2010AJ....139.1614K,,---,,136.01729170000,15.21513890000,136.01744115130,15.21508162850,1.8260,---,2010AJ....139.1614K,---,,,1.830940,0,---,,,1,DR3Gaia090404.218+151254.03,1,56,2.37394982247,55.05243,0.26555456508,45.29343,17.7704,0.10593,0,0,1,607381012141768704,136.01730732532,0.2732,15.21515356043,0.2139,-0.2041,0.3473,-0.5877,0.791,0.596,0.368,0.520,0.300,17.648901,0.004548,17.682900,0.015332,17.076502,0.009587,1.416,0.606398,17.648901,0.004548,1,J090404.16+151254.3,14.271,13.127,10.067,7.920,0.029,0.029,0.070,0.253
SDSSJ0904+1512,A,09,04,04.2180,+,15,12,54.035,Double,1.066000,136.01757517320,15.21500968970,Gaia_DR3,Kayo,2010,2010AJ....139.1614K,,---,,136.01729170000,15.21513890000,136.01744115130,15.21508162850,1.8260,---,2010AJ....139.1614K,---,,,---,--,---,,,1,DR3Gaia090404.218+151254.03,2,56,2.37395435986,52.52062,0.26555210701,45.17711,19.0996,0.15955,0,0,1,607381016436338560,136.01757543294,0.5489,15.21500970756,0.2929,0.1851,0.4243,0.4363,1.516,1.173,0.765,0.961,0.417,19.124050,0.007416,---,---,---,---,---,---,19.124050,0.007416,0,,---,---,---,---,---,---,---,---
J0904+3343,A,09,04,41.0492,+,33,43,44.111,Double,1.498000,136.17103843350,33.72891974640,Gaia_DR3,Lemon,2023,2023MNRAS.520.3305L,,---,,136.17140000000,33.72910000000,136.17120847205,33.72907240025,2.4900,---,2023MNRAS.520.3305L,---,,,---,--,---,,,1,DR3Gaia090441.131+334345.21,1,46,2.37663315650,54.48903,0.58868066771,47.19610,19.9338,0.13337,0,0,1,712654684950723072,136.17103839380,0.4657,33.72891966190,0.3316,-0.7877,0.5660,-1.3918,0.566,0.049,0.579,-0.564,0.502,19.897894,0.006278,19.788850,0.075069,18.240921,0.040457,2.738,1.547930,19.896158,0.006270,0,,---,---,---,---,---,---,---,---
J0904+3343,G,09,04,41.1089,+,33,43,44.954,Double,1.498000,136.17128692050,33.72915401498,Gaia_FPR,Lemon,2023,2023MNRAS.520.3305L,,---,,136.17140000000,33.72910000000,136.17120847205,33.72907240025,---,---,2023MNRAS.520.3305L,---,,,---,--,---,,,1,DR3Gaia090441.131+334345.21,3,19,2.37663718279,70.05725,0.58868471739,51.43937,20.5707,0.12329,0,0,0,---,---,---,---,---,---,---,---,---,---,---,---,---,---,---,---,---,---,---,---,---,---,---,1,J090441.12+334344.8,14.657,13.888,10.337,7.897,0.032,0.038,0.077,0.191
J0904+3343,B,09,04,41.1308,+,33,43,45.210,Double,1.498000,136.17137851060,33.72922505410,Gaia_DR3,Lemon,2023,2023MNRAS.520.3305L,,---,,136.17140000000,33.72910000000,136.17120847205,33.72907240025,2.4900,---,2023MNRAS.520.3305L,---,,,---,--,---,,,1,DR3Gaia090441.131+334345.21,2,46,2.37663880179,77.93719,0.58868597776,63.81187,20.1328,0.19947,0,0,1,712654684952908800,136.17137827949,0.6875,33.72922532173,0.4675,0.9719,0.7823,1.2424,3.430,2.491,0.943,-2.358,0.689,20.311344,0.012405,20.104313,0.012673,17.828705,0.316723,5.020,2.275608,20.297665,0.012258,0,,---,---,---,---,---,---,---,---
GraLJ090710.5+000321.7,A,09,07,10.4773,+,00,03,21.710,Double,0.983000,136.79365555560,0.05603068800,Gaia_DR3,Krone-Martins,2019,2019arXiv191208977K,,---,,136.79363612900,0.05603182033,136.79369282375,0.05589934075,1.2990,0.6820,2019arXiv191208977K,---,,,---,--,1.81200000,KEEP(s),VizieR_J/ApJS/221/12/table1,1,DR3Gaia090710.477+000321.71,1,30,2.38749966984,72.75967,0.00097794355,63.72735,20.2302,0.17998,0,0,1,3842934499335828608,136.79365514434,0.8702,0.05603048479,0.5671,0.6757,0.9500,0.7113,1.477,1.461,1.087,0.217,0.680,20.330030,0.016458,19.950413,0.072496,19.156770,0.078101,2.269,0.793642,20.333827,0.016514,1,J090710.49+000321.7,15.253,14.426,11.637,8.286,0.038,0.050,0.200,---
GraLJ090710.5+000321.7,B,09,07,10.4952,+,00,03,20.765,Double,0.983000,136.79373009190,0.05576799350,Gaia_DR3,Krone-Martins,2019,2019arXiv191208977K,,---,,136.79373036600,0.05576813346,136.79369282375,0.05589934075,1.2990,---,2019arXiv191208977K,---,,,---,--,1.81200000,,HEASARC_veroncat,1,DR3Gaia090710.477+000321.71,2,21,2.38750087315,70.91527,0.00097346008,54.58545,20.3757,0.17688,0,0,1,3842934495041380608,136.79373201161,5.7057,0.05576867519,2.4532,---,---,---,---,---,---,---,---,20.494076,0.023836,20.169980,0.488980,19.277985,0.158743,2.268,0.891995,20.494076,0.023836,0,,---,---,---,---,---,---,---,---
SDSSJ0909+4449,B,09,09,45.2516,+,44,49,48.207,Triple,13.815000,137.43854836650,44.83005758570,Publication,Shu,2018,2018MNRAS.481L.136S,,---,,137.43855200000,44.83004200000,137.43944902217,44.83173882857,2.7880,---,2018MNRAS.481L.136S,2.789,g,DR16,---,--,---,,,0,,,---,---,---,---,---,---,---,,--,0,---,---,---,---,---,---,---,---,---,---,---,---,---,---,---,---,---,---,---,---,---,---,---,0,,---,---,---,---,---,---,---,---
SDSSJ0909+4449,C,09,09,45.3400,+,44,49,53.900,Triple,13.815000,137.43891670000,44.83163890000,Publication,Shu,2018,2018MNRAS.481L.136S,,---,,137.43891670000,44.83163890000,137.43944902217,44.83173882857,2.7880,---,2018MNRAS.481L.136S,2.789,g,DR16,---,--,---,,,0,,,---,---,---,---,---,---,---,,--,0,---,---,---,---,---,---,---,---,---,---,---,---,---,---,---,---,---,---,---,---,---,---,---,0,,---,---,---,---,---,---,---,---
SDSSJ0909+4449,A,09,09,45.8117,+,44,50,00.672,Triple,13.815000,137.44088200000,44.83352000000,Publication,Shu,2018,2018MNRAS.481L.136S,,---,,137.44088200000,44.83352000000,137.43944902217,44.83173882857,2.7880,0.4330,2018MNRAS.481L.136S,---,,,---,--,---,,,0,,,---,---,---,---,---,---,---,,--,0,---,---,---,---,---,---,---,---,---,---,---,---,---,---,---,---,---,---,---,---,---,---,---,0,,---,---,---,---,---,---,---,---
J0911-0948,S,09,11,08.3682,-,09,48,19.703,Double,0.000000,137.78486739930,-9.80547294050,Gaia_DR3,Lemon,2023,2023MNRAS.520.3305L,,---,,137.78450000000,-9.80540000000,137.78486739930,-9.80547294050,1.4700,0.2510,2023MNRAS.520.3305L,---,,,---,--,---,,,1,DR3Gaia091108.368-094819.70,1,18,2.40479971339,56.53660,-0.17113784878,35.65504,20.6502,0.13271,0,0,1,5742645229241022592,137.78486858139,1.1455,-9.80547321211,1.5148,-0.8063,1.3614,-0.5922,3.335,-3.232,1.357,0.822,1.475,20.850070,0.013016,20.914328,0.168025,19.978712,0.145788,1.623,0.935616,20.853686,0.013057,0,,---,---,---,---,---,---,---,---
RXJ0911+0551,D,09,11,27.4156,+,05,50,54.662,Quad,3.251000,137.86423176460,5.84851717790,Gaia_DR3,Bade,1997,1997A&A...317L..13B,,---,,137.86375350000,5.84799780000,137.86487057995,5.84844675665,2.8000,---,2012A&A...538A..99S,---,,,2.796232,16,2.76300000,,HEASARC_morx,1,DR3Gaia091127.614+055053.87,4,29,2.40618478803,58.85485,0.10207584773,53.96321,19.8842,0.14850,0,0,1,580537088586198656,137.86423192751,0.4107,5.84851722693,0.2837,-0.3896,0.4545,-0.8572,1.319,-1.277,0.590,-0.328,0.347,19.874920,0.008173,20.072895,0.092488,19.422646,0.111386,1.243,0.650250,19.874920,0.008173,0,,---,---,---,---,---,---,---,---
RXJ0911+0551,G,09,11,27.5800,+,05,50,54.400,Quad,3.251000,137.86491667000,5.84844444000,Publication,Bade,1997,1997A&A...317L..13B,,---,,137.86491667000,5.84844444000,137.86487057995,5.84844675665,---,0.7690,2012A&A...538A..99S,---,,,---,--,2.79783300,KEEP(0),EXTERNAL_SDSSDR18_BOSS,0,,,---,---,---,---,---,---,---,,--,0,---,---,---,---,---,---,---,---,---,---,---,---,---,---,---,---,---,---,---,---,---,---,---,1,J091127.61+055054.0,14.649,13.798,10.362,8.059,0.032,0.038,0.071,0.249
RXJ0911+0551,C,09,11,27.6136,+,05,50,54.828,Quad,3.251000,137.86505654690,5.84856328000,Gaia_DR3,Bade,1997,1997A&A...317L..13B,,---,,137.86465590000,5.84789060000,137.86487057995,5.84844675665,2.8000,---,2012A&A...538A..99S,---,,,---,--,2.79783300,KEEP(0),EXTERNAL_SDSSDR18_BOSS,1,DR3Gaia091127.614+055053.87,1,20,2.40619920197,75.42028,0.10207662646,43.91124,19.7047,0.14762,0,0,1,580537092879166720,137.86505738813,4.6951,5.84856363919,2.1148,---,---,---,---,---,---,---,---,19.744951,0.016627,---,---,---,---,---,---,19.744951,0.016627,0,,---,---,---,---,---,---,---,---
RXJ0911+0551,A,09,11,27.6146,+,05,50,53.869,Quad,3.251000,137.86506077760,5.84829685030,Gaia_DR3,Bade,1997,1997A&A...317L..13B,,---,,137.86438840000,5.84792000000,137.86487057995,5.84844675665,2.8000,0.7690,2012A&A...538A..99S,---,,,---,--,2.79783300,KEEP(0),EXTERNAL_SDSSDR18_BOSS,1,DR3Gaia091127.614+055053.87,3,24,2.40619930614,74.16619,0.10207206208,57.75299,19.5007,0.10898,0,0,1,580537092879961472,137.86505887342,5.2860,5.84829857367,5.2590,---,---,---,---,---,---,---,---,19.507751,0.019884,---,---,---,---,---,---,19.507751,0.019884,0,,---,---,---,---,---,---,---,---
RXJ0911+0551,B,09,11,27.6320,+,05,50,54.275,Quad,3.251000,137.86513323070,5.84840971840,Gaia_DR3,Bade,1997,1997A&A...317L..13B,,---,,137.86458330000,5.84777780000,137.86487057995,5.84844675665,2.8000,---,2012A&A...538A..99S,---,,,2.793718,0,2.79783300,KEEP(0),EXTERNAL_SDSSDR18_BOSS,1,DR3Gaia091127.614+055053.87,2,30,2.40620043058,65.83432,0.10207406291,69.66538,18.8630,0.14248,0,0,1,580537088584591616,137.86513574363,0.5415,5.84841020213,0.4111,-2.4163,0.6087,-3.9699,4.820,-4.532,0.685,-1.642,0.530,18.869785,0.013847,18.396984,0.027868,17.761646,0.016481,2.289,0.635338,18.873193,0.013889,0,,---,---,---,---,---,---,---,---
HSCJ091148+041852,S,09,11,48.9800,+,04,18,53.100,Quad,0.000000,137.95408333330,4.31475000000,Publication,Chan,2020,2020A&A...636A..87C,,---,,137.95408333330,4.31475000000,137.95408333330,4.31475000000,2.6270,0.8610,2009A&A...507...35A,---,,,---,--,---,,,0,,,---,---,---,---,---,---,---,,--,0,---,---,---,---,---,---,---,---,---,---,---,---,---,---,---,---,---,---,---,---,---,---,---,0,,---,---,---,---,---,---,---,---
SBS0909+532,A,09,13,01.0025,+,52,59,28.991,Double,1.105000,138.25417690210,52.99138637560,Gaia_DR3,Kochanek,1997,1997ApJ...479..678K,,---,,138.25437500000,52.99134170000,138.25440452540,52.99131737505,1.3764,0.8302,2000AJ....119..451L,---,,,---,--,---,,,1,DR3Gaia091301.002+525928.99,1,41,2.41299058045,49.16563,0.92487408883,46.57639,16.5736,0.09285,0,0,1,1022663637669586176,138.25417691679,0.0459,52.99138630842,0.0594,-0.0484,0.0651,-0.7431,0.138,-0.104,0.052,0.090,0.073,16.484068,0.004762,16.469568,0.016259,15.552465,0.017996,1.728,0.917104,16.484068,0.004762,1,J091301.04+525928.7,12.627,11.459,8.452,5.842,0.024,0.020,0.022,0.041
SBS0909+532,G,09,13,01.0960,+,52,59,28.826,Double,1.105000,138.25456650000,52.99134060000,Publication,Kochanek,1997,1997ApJ...479..678K,,---,,138.25456650000,52.99134060000,138.25440452540,52.99131737505,---,0.8302,2000AJ....119..451L,---,,,---,--,---,,,0,,,---,---,---,---,---,---,---,,--,0,---,---,---,---,---,---,---,---,---,---,---,---,---,---,---,---,---,---,---,---,---,---,---,0,,---,---,---,---,---,---,---,---
SBS0909+532,B,09,13,01.1117,+,52,59,28.494,Double,1.105000,138.25463214870,52.99124837450,Gaia_DR3,Kochanek,1997,1997ApJ...479..678K,,---,,138.25483050000,52.99120330000,138.25440452540,52.99131737505,1.3764,---,2000AJ....119..451L,---,,,---,--,---,,,1,DR3Gaia091301.002+525928.99,2,45,2.41299855538,44.55353,0.92487169786,43.88367,17.1378,0.11323,0,0,1,1022663637670776192,138.25463214963,0.0551,52.99124835768,0.0866,0.0457,0.0850,0.5379,0.160,0.027,0.063,0.157,0.092,17.067800,0.005176,16.686832,0.269550,15.752536,0.294121,2.444,0.934297,17.071420,0.005188,0,,---,---,---,---,---,---,---,---
HSCJ091843.27-022007.5,A,09,18,43.2578,-,02,20,07.510,Double,2.261000,139.68024081350,-2.33541932700,Gaia_DR3,Jaelani,2021,2021MNRAS.502.1487J,,---,,139.68024095338,-2.33541965186,139.68060407783,-2.33539525567,0.8040,0.4590,2021MNRAS.502.1487J,0.804,pG,GLOH,---,--,---,,,1,DR3Gaia091843.258-022007.51,1,41,2.43788012659,60.14532,-0.04076079556,47.87437,20.2561,0.15807,0,0,1,3838418972584438016,139.68024095338,0.7101,-2.33541965186,0.8952,-0.6322,0.6808,-0.9287,1.463,-0.994,0.809,1.074,0.893,20.340200,0.009082,20.389360,0.060025,19.875490,0.091226,1.339,0.513870,20.342848,0.009103,0,,---,---,---,---,---,---,---,---
HSCJ091843.27-022007.5,C,09,18,43.3692,-,02,20,07.470,Double,2.261000,139.68070509000,-2.33540822000,Publication,Jaelani,2021,2021MNRAS.502.1487J,,---,,139.68070509000,-2.33540822000,139.68060407783,-2.33539525567,0.8040,---,2021MNRAS.502.1487J,0.804,pG,GLOH,---,--,---,,,0,,,---,---,---,---,---,---,---,,--,0,---,---,---,---,---,---,---,---,---,---,---,---,---,---,---,---,---,---,---,---,---,---,---,1,J091843.34-022007.4,14.927,14.517,12.272,8.810,0.035,0.056,---,---
HSCJ091843.27-022007.5,B,09,18,43.4079,-,02,20,07.290,Double,2.261000,139.68086633000,-2.33535822000,Publication,Jaelani,2021,2021MNRAS.502.1487J,,---,,139.68086633000,-2.33535822000,139.68060407783,-2.33539525567,0.8040,---,2021MNRAS.502.1487J,0.804,pG,GLOH,---,--,---,,,0,,,---,---,---,---,---,---,---,,--,0,---,---,---,---,---,---,---,---,---,---,---,---,---,---,---,---,---,---,---,---,---,---,---,0,,---,---,---,---,---,---,---,---
J0921+3020,A,09,21,04.3607,+,30,20,30.331,Double,2.933000,140.26816960050,30.34175867700,Gaia_DR3,Lemon,2023,2023MNRAS.520.3305L,,---,,140.26850000000,30.34210000000,140.26849876970,30.34205070955,3.3350,0.4280,2023MNRAS.520.3305L,---,,,3.357758,0,---,,,1,DR3Gaia092104.518+302032.44,1,30,2.44814137013,45.35251,0.52956356276,45.04719,18.7260,0.09811,0,0,1,698878899471973120,140.26816955648,0.1862,30.34175871028,0.1422,-0.2294,0.2944,-0.7792,0.213,-0.193,0.255,0.090,0.176,18.644585,0.003418,18.940933,0.020413,18.149967,0.022423,1.216,0.790966,18.644585,0.003418,0,,---,---,---,---,---,---,---,---
J0921+3020,B,09,21,04.5187,+,30,20,32.434,Double,2.933000,140.26882793890,30.34234274210,Gaia_DR3,Lemon,2023,2023MNRAS.520.3305L,,---,,140.26850000000,30.34210000000,140.26849876970,30.34205070955,3.3350,---,2023MNRAS.520.3305L,---,,,---,--,---,,,1,DR3Gaia092104.518+302032.44,2,5,2.44815262071,88.98704,0.52957364543,39.39670,20.7375,0.15205,0,0,1,698878899473762432,140.26882688429,4.4769,30.34234319566,5.2632,---,---,---,---,---,---,---,---,21.078754,0.040758,---,---,---,---,---,---,21.078754,0.040758,0,,---,---,---,---,---,---,---,---
SDSSJ0921+2854,A,09,21,15.3508,+,28,54,44.917,Double,1.890000,140.31396178090,28.91247693170,Gaia_DR3,More,2016,2016MNRAS.456.1595M,,---,,140.31455830000,28.91238060000,140.31424953405,28.91240288700,1.4100,0.4450,2016MNRAS.456.1595M,---,,,---,--,---,,,1,DR3Gaia092115.351+285444.92,2,31,2.44894054992,70.12477,0.50461791109,49.07797,20.2102,0.15898,0,0,1,695593902327484544,140.31396150314,1.1380,28.91247713609,0.8553,-0.9817,1.0546,-0.9309,0.446,0.110,1.258,-0.432,1.034,20.185154,0.011013,---,---,---,---,---,---,20.185154,0.011013,0,,---,---,---,---,---,---,---,---
SDSSJ0921+2854,G,09,21,15.4330,+,28,54,44.350,Double,1.890000,140.31430420000,28.91231940000,Publication,More,2016,2016MNRAS.456.1595M,,---,,140.31430420000,28.91231940000,140.31424953405,28.91240288700,---,0.4450,2016MNRAS.456.1595M,---,,,---,--,---,,,0,,,---,---,---,---,---,---,---,,--,0,---,---,---,---,---,---,---,---,---,---,---,---,---,---,---,---,---,---,---,---,---,---,---,1,J092115.44+285444.2,13.788,12.759,10.006,7.677,0.026,0.027,0.063,0.181
SDSSJ0921+2854,B,09,21,15.4889,+,28,54,44.384,Double,1.890000,140.31453728720,28.91232884230,Gaia_DR3,More,2016,2016MNRAS.456.1595M,,---,,140.31397920000,28.91252780000,140.31424953405,28.91240288700,1.4100,---,2016MNRAS.456.1595M,---,,,0.570024,0,---,,,1,DR3Gaia092115.351+285444.92,1,32,2.44895070872,67.70730,0.50461523470,44.14284,19.3975,0.20959,0,0,1,695593902324893952,140.31453744680,0.5500,28.91232887509,0.3854,-0.0062,0.5261,-0.0117,0.765,-0.684,0.622,-0.343,0.496,19.324207,0.007950,19.607964,0.049588,18.268204,0.039935,1.672,1.339760,19.324994,0.007956,0,,---,---,---,---,---,---,---,---
J0924+4235,A,09,24,29.6720,+,42,35,42.814,Double,4.634000,141.12363349060,42.59522600850,Gaia_DR3,Lemon,2023,2023MNRAS.520.3305L,,---,,141.12430000000,42.59470000000,141.12417818440,42.59472249750,3.1700,0.4150,2023MNRAS.520.3305L,---,,,3.177011,0,---,,,1,DR3Gaia092429.867+423540.17,1,59,2.46307202268,51.88025,0.74342686333,49.78503,19.7619,0.13718,0,0,1,817452844753700736,141.12363364520,0.2779,42.59522599258,0.1978,-0.3504,0.3386,-1.0350,0.232,-0.083,0.315,0.216,0.239,19.733734,0.004873,19.928840,0.047278,19.212751,0.039514,1.286,0.716089,19.733734,0.004873,0,,---,---,---,---,---,---,---,---
J0924+4235,G,09,24,29.8445,+,42,35,40.116,Double,4.634000,141.12435211220,42.59447671510,Gaia_DR3,Lemon,2023,2023MNRAS.520.3305L,,---,,141.12430000000,42.59470000000,141.12417818440,42.59472249750,---,0.4150,2023MNRAS.520.3305L,---,,,---,--,---,,,1,DR3Gaia092429.867+423540.17,3,13,2.46308728981,84.90445,0.74341400252,60.63647,20.6719,0.14321,0,0,1,817452844756170368,141.12444687365,39.5274,42.59449171879,14.8381,---,---,---,---,---,---,---,---,21.794153,0.040695,20.272165,0.131770,18.242273,0.084759,14.037,2.029892,21.794153,0.040695,1,J092429.85+423540.3,14.212,13.895,11.978,8.538,0.028,0.037,0.306,---
J0924+4235,B,09,24,29.9335,+,42,35,39.188,Double,4.634000,141.12472287820,42.59421898650,Gaia_DR3,Lemon,2023,2023MNRAS.520.3305L,,---,,141.12430000000,42.59470000000,141.12417818440,42.59472249750,3.1700,---,2023MNRAS.520.3305L,---,,,---,--,---,,,1,DR3Gaia092429.867+423540.17,2,17,2.46309116922,81.90560,0.74340927087,49.85815,20.5836,0.15269,0,0,1,817452844750951296,141.12472246698,1.8706,42.59421918830,1.3369,---,---,---,---,---,---,---,---,20.854437,0.015188,20.176996,0.113128,18.577328,0.116827,4.782,1.599669,20.854437,0.015188,0,,---,---,---,---,---,---,---,---
SDSS0924+0219,C,09,24,55.7500,+,02,19,24.700,Quad,1.807000,141.23229166667,2.32352777778,Publication,Inada,2003,2003AJ....126..666I,,---,,141.23229166667,2.32352777778,141.23253494722,2.32350912978,1.5240,---,2006ApJ...641...70O,---,,,---,--,1.52470000,,VizieR_J/MNRAS/405/2302/table4,0,,,---,---,---,---,---,---,---,,--,0,---,---,---,---,---,---,---,---,---,---,---,---,---,---,---,---,---,---,---,---,---,---,---,1,J092455.80+021924.6,14.299,13.298,10.720,8.270,0.029,0.030,0.103,0.297
SDSS0924+0219,G,09,24,55.8000,+,02,19,24.500,Quad,1.807000,141.23250000000,2.32347222222,Publication,Inada,2003,2003AJ....126..666I,,---,,141.23250000000,2.32347222222,141.23253494722,2.32350912978,---,0.3930,2006ApJ...641...70O,---,,,---,--,1.52279600,KEEP(0),EXTERNAL_SDSSDR18_SDSS,0,,,---,---,---,---,---,---,---,,--,0,---,---,---,---,---,---,---,---,---,---,---,---,---,---,---,---,---,---,---,---,---,---,---,0,,---,---,---,---,---,---,---,---
SDSS0924+0219,A,09,24,55.8147,+,02,19,25.369,Quad,1.807000,141.23256110250,2.32371355850,Gaia_DR3,Inada,2003,2003AJ....126..666I,,---,,141.23279170000,2.32358330000,141.23253494722,2.32350912978,1.5240,0.3930,2006ApJ...641...70O,---,,,1.531106,0,1.52279600,KEEP(0),EXTERNAL_SDSSDR18_SDSS,1,DR3Gaia092455.815+021925.37,1,52,2.46497321874,43.59718,0.04055639632,37.69162,18.5216,0.15219,0,0,1,3844748070752040576,141.23256102705,0.1728,2.32371359595,0.1386,-0.1707,0.2018,-0.8460,0.369,-0.196,0.224,-0.313,0.144,18.499615,0.005764,18.420410,0.033781,17.695787,0.019213,1.663,0.724623,18.499615,0.005764,0,,---,---,---,---,---,---,---,---
SDSS0924+0219,B,09,24,55.8189,+,02,19,23.563,Quad,1.807000,141.23257868640,2.32321184950,Gaia_DR3,Inada,2003,2003AJ....126..666I,,---,,141.23280860000,2.32308190000,141.23253494722,2.32350912978,1.5240,---,2006ApJ...641...70O,---,,,---,--,1.52300000,,HEASARC_morx,1,DR3Gaia092455.815+021925.37,2,49,2.46497354615,73.94786,0.04054767725,48.18707,20.0759,0.16197,0,0,1,3844748075046370688,141.23257900122,0.5877,2.32321175134,0.4723,0.6564,0.6471,1.0145,0.864,-0.839,0.812,0.208,0.469,20.099823,0.008350,---,---,---,---,---,---,20.099823,0.008350,0,,---,---,---,---,---,---,---,---
SDSS0924+0219,D,09,24,55.8500,+,02,19,24.900,Quad,1.807000,141.23270833333,2.32358333333,Publication,Inada,2003,2003AJ....126..666I,,---,,141.23270833333,2.32358333333,141.23253494722,2.32350912978,1.5240,---,2006ApJ...641...70O,---,,,---,--,1.52279600,KEEP(0),EXTERNAL_SDSSDR18_SDSS,0,,,---,---,---,---,---,---,---,,--,0,---,---,---,---,---,---,---,---,---,---,---,---,---,---,---,---,---,---,---,---,---,---,---,0,,---,---,---,---,---,---,---,---
J0936-1211,B,09,36,59.8072,-,12,11,02.273,Double,2.110000,144.24919655120,-12.18396473840,Gaia_DR3,Lemon,2023,2023MNRAS.520.3305L,,---,,144.24940000000,-12.18360000000,144.24931774925,-12.18369667620,2.0000,---,2023MNRAS.520.3305L,2.000,p,LEMON4,---,--,---,,,1,DR3Gaia093659.865-121100.34,1,17,2.51762349252,98.67085,-0.21265030529,68.65025,20.3612,0.15604,0,0,1,5691734920298126848,144.24919674506,1.7848,-12.18396419561,2.7803,---,---,---,---,---,---,---,---,20.851970,0.018842,---,---,---,---,---,---,20.851970,0.018842,0,,---,---,---,---,---,---,---,---
J0936-1211,A,09,36,59.8653,-,12,11,00.343,Double,2.110000,144.24943894730,-12.18342861400,Gaia_DR3,Lemon,2023,2023MNRAS.520.3305L,,---,,144.24940000000,-12.18360000000,144.24931774925,-12.18369667620,2.0000,0.2600,2023MNRAS.520.3305L,2.000,p,LEMON4,2.014892,0,---,,,1,DR3Gaia093659.865-121100.34,2,29,2.51762761343,40.53192,-0.21264102781,51.09366,17.5787,0.13399,0,0,1,5691734916002651136,144.24943892773,0.0748,-12.18342861624,0.0832,-0.0623,0.0993,-0.6279,0.116,0.115,0.093,-0.016,0.097,17.457703,0.004278,17.585972,0.015462,17.079588,0.015678,1.241,0.506384,17.457703,0.004278,1,J093659.84-121101.0,14.347,13.376,10.242,7.902,0.028,0.031,0.065,0.233
J0937+5835,B,09,37,31.9291,+,58,35,26.821,Double,1.438000,144.38303783820,58.59078358330,Gaia_DR3,Lemon,2023,2023MNRAS.520.3305L,,---,,144.38320000000,58.59060000000,144.38317248970,58.59059665635,2.1150,---,2023MNRAS.520.3305L,2.115,p,LEMON4,---,--,---,,,1,DR3Gaia093731.994+583525.47,1,15,2.51995977284,96.43114,1.02260205074,32.37197,20.6594,0.13940,0,0,1,1026420256585269376,144.38303916898,2.1889,58.59078336130,0.9866,---,---,---,---,---,---,---,---,20.862940,0.017185,---,---,---,---,---,---,20.862940,0.017185,1,J093731.97+583526.2,15.294,14.535,12.024,8.946,0.036,0.047,0.282,0.425
J0937+5835,A,09,37,31.9937,+,58,35,25.475,Double,1.438000,144.38330714120,58.59040972940,Gaia_DR3,Lemon,2023,2023MNRAS.520.3305L,,---,,144.38320000000,58.59060000000,144.38317248970,58.59059665635,2.1150,---,2023MNRAS.520.3305L,2.115,p,LEMON4,---,--,---,,,1,DR3Gaia093731.994+583525.47,2,51,2.51996396886,58.44604,1.02259547450,73.10162,20.2718,0.17714,0,0,1,1026420252290292480,144.38330662853,0.4971,58.59040964435,0.4276,-1.0277,0.5579,-1.8422,0.648,0.592,0.623,-0.264,0.555,20.301893,0.008911,20.048061,0.105409,19.330248,0.069785,1.946,0.717814,20.305585,0.008938,0,,---,---,---,---,---,---,---,---
J0941+0518,B,09,41,22.4501,+,05,18,25.245,Double,5.374000,145.34354199240,5.30701244580,Gaia_DR3,Williams,2018,2018MNRAS.477L..70W,,---,,145.34420830000,5.30633330000,145.34409658730,5.30651034895,1.5400,---,2018MNRAS.479.5060L,---,,,---,--,0.34344310,KEEP(0),EXTERNAL_SDSSDR18_BOSS,1,DR3Gaia094122.716+051821.63,1,50,2.53672347072,80.89771,0.09262487012,40.37629,19.9119,0.19341,0,0,1,3851608129958347264,145.34354226696,0.8732,5.30701231909,0.7049,-0.6679,0.6498,-1.0278,1.503,-1.450,0.959,0.395,0.717,19.953400,0.007965,19.813732,0.053031,18.342709,0.062084,2.680,1.471024,19.952665,0.007961,1,J094122.48+051824.4,13.984,13.393,11.250,8.056,0.045,0.053,0.244,---
J0941+0518,A,09,41,22.7163,+,05,18,21.630,Double,5.374000,145.34465118220,5.30600825210,Gaia_DR3,Williams,2018,2018MNRAS.477L..70W,,---,,145.34383330000,5.30663890000,145.34409658730,5.30651034895,1.5400,0.3430,2018MNRAS.479.5060L,---,,,1.548517,0,1.54637300,KEEP(0),EXTERNAL_SDSSDR18_SDSS,1,DR3Gaia094122.716+051821.63,2,53,2.53674283902,71.82936,0.09260728770,38.79206,18.9723,0.12894,0,0,1,3851608129957910400,145.34465125167,0.3260,5.30600811513,0.3061,0.0688,0.2702,0.2545,0.800,-0.516,0.374,0.611,0.320,18.948513,0.004649,19.159344,0.032081,18.446121,0.041926,1.266,0.713223,18.948513,0.004649,1,J094122.69+051821.2,14.547,13.586,10.670,8.135,0.066,0.061,0.145,0.440
J0943+3532,A,09,43,26.9837,+,35,32,37.803,Double,0.824000,145.86243221050,35.54383417700,Gaia_DR3,Chan,2022,2022A&A...659A.140C,,---,,145.86200000000,35.54400000000,145.86252341845,35.54392121775,1.2100,---,2022A&A...659A.140C,---,,,---,--,---,,,1,DR3Gaia094326.984+353237.80,1,64,2.54577971582,83.30632,0.62035692016,56.41783,19.9104,0.24795,0,0,1,797882950821190144,145.86243294766,0.7843,35.54383347577,0.6736,-0.5670,0.6658,-0.8516,1.863,-1.431,0.883,1.194,0.918,20.011960,0.011973,19.086237,0.145255,18.225863,0.084140,3.882,0.860374,20.015731,0.012012,1,J094326.96+353237.9,14.480,13.451,10.489,7.823,0.030,0.031,0.079,0.162
J0943+3532,B,09,43,27.0275,+,35,32,38.430,Double,0.824000,145.86261462640,35.54400825850,Gaia_DR3,Chan,2022,2022A&A...659A.140C,,---,,145.86200000000,35.54400000000,145.86252341845,35.54392121775,1.2100,---,2022A&A...659A.140C,---,,,---,--,---,,,1,DR3Gaia094326.984+353237.80,2,67,2.54578271913,79.96572,0.62035995292,55.78537,19.6077,0.19289,0,0,1,797882950822489600,145.86261460489,0.3514,35.54400827907,0.2609,0.7779,0.4418,1.7605,1.107,-0.664,0.436,0.886,0.361,19.599154,0.008313,19.062496,0.029811,18.265194,0.024321,2.627,0.797302,19.602953,0.008339,0,,---,---,---,---,---,---,---,---
SDSSJ0946+1835,G2,09,46,04.7462,+,18,35,44.689,Double,3.055000,146.51977594000,18.59574684000,Publication,Rusu,2016,2016MNRAS.458....2R,,---,,146.51977594000,18.59574684000,146.52019508120,18.59463527875,---,---,,4.846,g+G,DR16Q,---,--,---,,,0,,,---,---,---,---,---,---,---,,--,0,---,---,---,---,---,---,---,---,---,---,---,---,---,---,---,---,---,---,---,---,---,---,---,0,,---,---,---,---,---,---,---,---
SDSSJ0946+1835,A,09,46,04.7851,+,18,35,39.436,Double,3.055000,146.51993809020,18.59428788780,Gaia_DR3,Rusu,2016,2016MNRAS.458....2R,,---,,146.51997530000,18.59436340000,146.52019508120,18.59463527875,4.8000,0.3880,2010AJ....140..370M,4.846,g+G,DR16Q,---,--,---,,,1,DR3Gaia094604.785+183539.44,2,15,2.55725547252,74.22082,0.32453151981,65.78601,20.5531,0.20060,0,0,1,621369170868621696,146.51993868157,1.9762,18.59428870352,2.2694,5.1716,2.1701,2.3831,3.071,-1.520,2.255,-2.669,2.523,21.072273,0.034264,20.908821,0.250794,18.277517,0.042079,6.365,2.631304,21.052365,0.033645,0,,---,---,---,---,---,---,---,---
SDSSJ0946+1835,G1,09,46,04.8059,+,18,35,40.011,Double,3.055000,146.52002447000,18.59444739000,Publication,Rusu,2016,2016MNRAS.458....2R,,---,,146.52002447000,18.59444739000,146.52019508120,18.59463527875,---,0.3880,2010AJ....140..370M,4.846,g+G,DR16Q,---,--,---,,,0,,,---,---,---,---,---,---,---,,--,0,---,---,---,---,---,---,---,---,---,---,---,---,---,---,---,---,---,---,---,---,---,---,---,1,J094604.82+183540.3,14.546,14.198,11.653,8.246,0.031,0.045,0.213,---
SDSSJ0946+1835,B,09,46,04.9085,+,18,35,41.938,Double,3.055000,146.52045207220,18.59498266970,Gaia_DR3,Rusu,2016,2016MNRAS.458....2R,,---,,146.52048930000,18.59366840000,146.52019508120,18.59463527875,4.8000,---,2010AJ....140..370M,4.846,g+G,DR16Q,---,--,---,,,1,DR3Gaia094604.785+183539.44,1,33,2.55726432860,59.78667,0.32454363372,40.09236,20.4929,0.14014,0,0,1,621369170870862848,146.52045170490,1.0267,18.59498266248,0.9108,-0.6394,1.2591,-0.5078,0.443,0.083,1.138,-0.435,0.952,20.708017,0.010310,21.604300,0.136465,19.249922,0.059347,1.930,2.354378,20.692933,0.010178,0,,---,---,---,---,---,---,---,---
SDSSJ0946+1835,G3,09,46,04.9978,+,18,35,42.018,Double,3.055000,146.52082428000,18.59500489000,Publication,Rusu,2016,2016MNRAS.458....2R,,---,,146.52082428000,18.59500489000,146.52019508120,18.59463527875,---,---,,4.846,g+G,DR16Q,---,--,---,,,0,,,---,---,---,---,---,---,---,,--,0,---,---,---,---,---,---,---,---,---,---,---,---,---,---,---,---,---,---,---,---,---,---,---,0,,---,---,---,---,---,---,---,---
J0949+4208,A,09,49,54.7917,+,42,08,01.713,Double,2.599000,147.47829854860,42.13380906880,Gaia_DR3,Lemon,2018,2018MNRAS.479.5060L,,---,,147.47868920000,42.13430170000,147.47855898730,42.13350414625,1.2700,0.5100,2018MNRAS.479.5060L,---,,,---,--,---,,,1,DR3Gaia094954.792+420801.71,1,64,2.57398172794,57.93896,0.73537367269,50.97063,19.1606,0.14598,0,0,1,807714470266431488,147.47829849062,0.1849,42.13380901369,0.1493,0.0020,0.2498,0.0078,0.357,0.157,0.206,0.321,0.217,19.097359,0.005767,19.220995,0.029964,18.594880,0.037936,1.316,0.626116,19.097359,0.005767,0,,---,---,---,---,---,---,---,---
J0949+4208,G,09,49,54.8900,+,42,08,00.100,Double,2.599000,147.47870833000,42.13336111000,Publication,Lemon,2018,2018MNRAS.479.5060L,,---,,147.47870833000,42.13336111000,147.47855898730,42.13350414625,---,0.5100,2018MNRAS.479.5060L,---,,,---,--,---,,,0,,,---,---,---,---,---,---,---,,--,0,---,---,---,---,---,---,---,---,---,---,---,---,---,---,---,---,---,---,---,---,---,---,---,1,J094954.85+420800.6,14.022,13.241,11.070,8.331,0.026,0.031,0.143,---
J0949+4208,B,09,49,54.9167,+,42,07,59.517,Double,2.599000,147.47881942600,42.13319922370,Gaia_DR3,Lemon,2018,2018MNRAS.479.5060L,,---,,147.47818380000,42.13369330000,147.47855898730,42.13350414625,1.2700,---,2018MNRAS.479.5060L,---,,,---,--,---,,,1,DR3Gaia094954.792+420801.71,2,50,2.57399075958,73.73620,0.73536314592,44.78083,20.1719,0.18769,0,0,1,807714474560639232,147.47881939607,0.6979,42.13319940246,0.5312,-1.8269,0.9197,-1.9864,0.958,0.858,0.745,-0.426,0.704,20.401854,0.011778,20.163368,0.130739,18.666573,0.042346,2.985,1.496796,20.400792,0.011768,0,,---,---,---,---,---,---,---,---
J0950+4329,S,09,50,31.6324,+,43,29,08.607,Double,0.000000,147.63180182972,43.48572427816,Gaia_DR3,Mannucci,2023,2023A&A...680A..53M,,---,,147.63179166667,43.48572222222,147.63180182972,43.48572427816,1.7700,---,2023A&A...680A..53M,---,,,---,--,---,,,0,,,---,---,---,---,---,---,---,,--,1,819853009915114624,147.63180182972,0.3720,43.48572427816,0.2571,0.5230,0.4747,1.1017,0.892,0.889,0.405,0.075,0.333,17.903652,0.004755,17.798628,0.014061,16.517527,0.008872,2.308,1.281101,17.905034,0.004759,0,,---,---,---,---,---,---,---,---
FBQ0951+2635,A,09,51,22.5694,+,26,35,14.038,Double,1.099000,147.84403934610,26.58723289360,Gaia_DR3,Schechter,1998,1998AJ....115.1371S,,---,,147.84404170000,26.58720000000,147.84417839540,26.58714447615,1.2480,0.2600,2007A&A...465...51E,---,,,---,--,---,,,1,DR3Gaia095122.569+263514.04,2,53,2.58036532248,51.58463,0.46403471416,48.18681,17.5849,0.11203,0,0,1,646884373278812544,147.84403947441,0.2092,26.58723286072,0.1919,-0.2658,0.2559,-1.0386,0.844,-0.656,0.275,-0.531,0.229,17.489931,0.006232,17.521559,0.018666,16.854942,0.014905,1.460,0.666616,17.489931,0.006232,1,J095122.59+263513.7,14.026,12.892,10.271,7.867,0.027,0.028,0.075,0.239
FBQ0951+2635,G,09,51,22.5700,+,26,35,13.560,Double,1.099000,147.84404170000,26.58710000000,Publication,Schechter,1998,1998AJ....115.1371S,,---,,147.84404170000,26.58710000000,147.84417839540,26.58714447615,---,0.2600,2007A&A...465...51E,---,,,---,--,---,,,0,,,---,---,---,---,---,---,---,,--,0,---,---,---,---,---,---,---,---,---,---,---,---,---,---,---,---,---,---,---,---,---,---,---,0,,---,---,---,---,---,---,---,---
FBQ0951+2635,B,09,51,22.6362,+,26,35,13.402,Double,1.099000,147.84431744470,26.58705605870,Gaia_DR3,Schechter,1998,1998AJ....115.1371S,,---,,147.84404170000,26.58700000000,147.84417839540,26.58714447615,1.2480,---,2007A&A...465...51E,---,,,---,--,---,,,1,DR3Gaia095122.569+263514.04,1,54,2.58037006193,47.15020,0.46403170807,46.98866,19.0177,0.16351,0,0,1,646884373278373376,147.84431797953,0.5871,26.58705616620,0.3177,-0.4945,0.6177,-0.8006,2.057,1.898,0.731,0.792,0.370,19.198870,0.009238,---,---,---,---,---,---,19.198870,0.009238,0,,---,---,---,---,---,---,---,---
J0954-0022,B,09,54,06.9600,-,00,22,26.280,Double,1.068000,148.52900000000,-0.37396666670,Publication,Yue,2023,2023AJ....165..191Y,,---,,148.52900000000,-0.37396666667,148.52902023070,-0.37381970140,2.2700,---,2023AJ....165..191Y,2.265,jG,2QZ,---,--,2.26500000,,VizieR_J/A+A/494/799/lqac,0,,,---,---,---,---,---,---,---,,--,0,---,---,---,---,---,---,---,---,---,---,---,---,---,---,---,---,---,---,---,---,---,---,---,0,,---,---,---,---,---,---,---,---
J0954-0022,A,09,54,06.9697,-,00,22,25.222,Double,1.068000,148.52904046140,-0.37367273610,Gaia_DR3,Yue,2023,2023AJ....165..191Y,,---,,148.52904166667,-0.37363333333,148.52902023070,-0.37381970140,2.2700,---,2023AJ....165..191Y,2.265,jG,2QZ,---,--,2.26500000,,VizieR_J/A+A/494/799/lqac,0,,,---,---,---,---,---,---,---,,--,1,3833839987691085440,148.52903934455,1.8165,-0.37366827152,6.0763,---,---,---,---,---,---,---,---,20.828762,0.024420,20.475470,0.175916,19.930647,0.284002,1.967,0.544823,20.828762,0.024420,0,,---,---,---,---,---,---,---,---
J0954-1421,B,09,54,49.8487,-,14,21,09.945,Double,1.403000,148.70770297730,-14.35276237180,Gaia_DR3,Lemon,2023,2023MNRAS.520.3305L,,---,,148.70790000000,-14.35280000000,148.70790399675,-14.35275568985,0.9730,---,2023MNRAS.520.3305L / https://doi.org/10.5281/zenodo.12728524,0.973,pG,LEMON4,---,--,0.12113000,,VizieR_J/A+A/683/A112/lqac6,1,DR3Gaia095449.945-142109.90,2,18,2.59543919856,69.81814,-0.25050306924,56.77882,20.5434,0.18218,0,0,1,5687124805481221632,148.70770368473,1.0096,-14.35276245713,1.5139,0.1665,1.4026,0.1187,3.411,-0.092,1.518,-3.410,2.026,20.735113,0.019966,---,---,---,---,---,---,20.735113,0.019966,1,J095449.89-142109.9,13.984,13.178,10.474,7.856,0.026,0.029,0.144,0.359
J0954-1421,A,09,54,49.9452,-,14,21,09.896,Double,1.403000,148.70810501620,-14.35274900790,Gaia_DR3,Lemon,2023,2023MNRAS.520.3305L,,---,,148.70790000000,-14.35280000000,148.70790399675,-14.35275568985,0.9730,0.1211,2023MNRAS.520.3305L / https://doi.org/10.5281/zenodo.12728524,0.973,pG,LEMON4,---,--,0.12113000,,VizieR_J/A+A/683/A112/lqac6,1,DR3Gaia095449.945-142109.90,1,29,2.59544607699,63.06283,-0.25050278117,63.57601,19.8874,0.15705,0,0,1,5687124801186026880,148.70810505886,0.3744,-14.35274915226,0.3798,-0.6280,0.4357,-1.4412,0.771,-0.529,0.490,0.561,0.548,19.854559,0.008109,19.685617,0.101844,19.006811,0.065021,1.766,0.678806,19.858140,0.008132,0,,---,---,---,---,---,---,---,---
BRI0952-0115,A,09,55,00.0557,-,01,30,07.265,Double,0.994000,148.75023218950,-1.50201806890,Gaia_DR3,McMahon,1992,1992Gemin..36....1M,,---,,148.74984830000,-1.50158580000,148.75032967560,-1.50192023355,4.4260,0.6320,2007A&A...465...51E,---,,,---,--,4.44617000,,VizieR_V/156/dr7lrs,1,DR3Gaia095500.056-013007.27,2,5,2.59618163531,30.06489,-0.02621546057,71.53787,20.6812,0.12233,0,0,1,3832692033126977664,148.75023345181,7.0822,-1.50202029950,6.5775,---,---,---,---,---,---,---,---,20.972168,0.035526,---,---,---,---,---,---,20.972168,0.035526,1,J095500.08-013006.7,15.216,14.805,11.310,8.342,0.038,0.067,0.198,---
BRI0952-0115,G,09,55,00.0800,-,01,30,06.900,Double,0.994000,148.75033333000,-1.50191667000,Publication,McMahon,1992,1992Gemin..36....1M,,---,,148.75033333000,-1.50191667000,148.75032967560,-1.50192023355,---,0.6320,2007A&A...465...51E,---,,,---,--,4.44617000,,VizieR_V/156/dr7lrs,0,,,---,---,---,---,---,---,---,,--,0,---,---,---,---,---,---,---,---,---,---,---,---,---,---,---,---,---,---,---,---,---,---,---,0,,---,---,---,---,---,---,---,---
BRI0952-0115,B,09,55,00.1025,-,01,30,06.561,Double,0.994000,148.75042716170,-1.50182239820,Gaia_DR3,McMahon,1992,1992Gemin..36....1M,,---,,148.75004170000,-1.50138890000,148.75032967560,-1.50192023355,4.4260,---,2007A&A...465...51E,---,,,---,--,4.44617000,,VizieR_V/156/dr7lrs,1,DR3Gaia095500.056-013007.27,1,22,2.59618476395,54.90672,-0.02621175657,55.75963,19.7351,0.10744,0,0,1,3832692028832113024,148.75042731114,0.5025,-1.50182251837,0.4643,-0.6939,0.5870,-1.1822,0.318,-0.123,0.504,0.294,0.512,19.699930,0.007038,20.639387,0.212140,18.317842,0.027065,1.809,2.321545,19.685431,0.006960,0,,---,---,---,---,---,---,---,---
COSMOS5921+0638,D,09,59,21.7368,+,02,06,37.823,Quad,1.403000,149.84056991000,2.11050639000,Publication,Anguita,2009,2009A&A...507...35A,,---,,149.84056991000,2.11050639000,149.84075448250,2.11067986250,3.1400,---,2009A&A...507...35A,3.140,g,ANGUIT,---,--,---,,,0,,,---,---,---,---,---,---,---,,--,0,---,---,---,---,---,---,---,---,---,---,---,---,---,---,---,---,---,---,---,---,---,---,---,0,,---,---,---,---,---,---,---,---
COSMOS5921+0638,C,09,59,21.7635,+,02,06,39.057,Quad,1.403000,149.84068138000,2.11084917000,Publication,Anguita,2009,2009A&A...507...35A,,---,,149.84068138000,2.11084917000,149.84075448250,2.11067986250,3.1400,---,2009A&A...507...35A,3.140,g,ANGUIT,---,--,---,,,0,,,---,---,---,---,---,---,---,,--,0,---,---,---,---,---,---,---,---,---,---,---,---,---,---,---,---,---,---,---,---,---,---,---,0,,---,---,---,---,---,---,---,---
COSMOS5921+0638,G,09,59,21.7680,+,02,06,38.330,Quad,1.403000,149.84070000000,2.11064722000,Publication,Anguita,2009,2009A&A...507...35A,,---,,149.84070000000,2.11064722000,149.84075448250,2.11067986250,---,0.5510,2009A&A...507...35A,3.140,g,ANGUIT,---,--,---,,,0,,,---,---,---,---,---,---,---,,--,0,---,---,---,---,---,---,---,---,---,---,---,---,---,---,---,---,---,---,---,---,---,---,---,1,J095921.81+020638.1,16.206,16.220,12.705,8.659,0.063,0.206,---,---
COSMOS5921+0638,B,09,59,21.8092,+,02,06,38.712,Quad,1.403000,149.84087151000,2.11075333000,Publication,Anguita,2009,2009A&A...507...35A,,---,,149.84087151000,2.11075333000,149.84075448250,2.11067986250,3.1400,---,2009A&A...507...35A,3.140,g,ANGUIT,---,--,---,,,0,,,---,---,---,---,---,---,---,,--,0,---,---,---,---,---,---,---,---,---,---,---,---,---,---,---,---,---,---,---,---,---,---,---,0,,---,---,---,---,---,---,---,---
COSMOS5921+0638,A,09,59,21.8148,+,02,06,38.198,Quad,1.403000,149.84089513000,2.11061056000,Publication,Anguita,2009,2009A&A...507...35A,,---,,149.84089513000,2.11061056000,149.84075448250,2.11067986250,3.1400,0.5510,2009A&A...507...35A,3.140,g,ANGUIT,---,--,---,,,0,,,---,---,---,---,---,---,---,,--,0,---,---,---,---,---,---,---,---,---,---,---,---,---,---,---,---,---,---,---,---,---,---,---,0,,---,---,---,---,---,---,---,---
Q0957+561,G2,10,01,20.6100,+,55,53,51.100,Double,6.175000,150.33587500000,55.89752777780,Publication,Walsh,1979,1979Natur.279..381W,,---,,150.33587500000,55.89752777780,150.33651967110,55.89793556205,---,0.5000,2002A&ARv..10..263C,---,,,---,--,---,,,0,,,---,---,---,---,---,---,---,,--,0,---,---,---,---,---,---,---,---,---,---,---,---,---,---,---,---,---,---,---,---,---,---,---,0,,---,---,---,---,---,---,---,---
Q0957+561,B,10,01,20.6918,+,55,53,55.594,Double,6.175000,150.33621593670,55.89877612510,Gaia_DR3,Walsh,1979,1979Natur.279..381W,,---,,150.33719220000,55.89537560000,150.33651967110,55.89793556205,1.4100,---,2002A&ARv..10..263C,---,,,1.420734,0,---,,,1,DR3Gaia100120.692+555355.59,1,61,2.62386184209,42.72195,0.97561764808,48.11481,17.2075,0.14887,0,0,1,1045166002126206848,150.33621593389,0.0401,55.89877612222,0.0410,-0.0503,0.0596,-0.8434,0.038,-0.037,0.053,0.006,0.064,17.108420,0.004049,17.302185,0.013168,16.719728,0.008946,1.209,0.582457,17.108420,0.004049,1,J100120.68+555355.4,13.507,12.220,9.318,7.008,0.034,0.031,0.038,0.114
Q0957+561,A,10,01,20.8376,+,55,53,49.542,Double,6.175000,150.33682340550,55.89709499900,Gaia_DR3,Walsh,1979,1979Natur.279..381W,,---,,150.33658330000,55.89705560000,150.33651967110,55.89793556205,1.4100,0.3600,2002A&ARv..10..263C,---,,,1.426029,0,---,,,1,DR3Gaia100120.838+555349.54,1,60,2.62387235955,49.31131,0.97558824070,50.22362,16.9745,0.15707,0,0,1,1045166002126206720,150.33682338551,0.0377,55.89709501159,0.0371,-0.0357,0.0560,-0.6370,0.066,0.017,0.047,-0.063,0.053,16.868155,0.005176,16.981890,0.017741,16.378010,0.009417,1.314,0.603880,16.868155,0.005176,1,J100120.84+555349.6,13.261,12.277,9.734,7.171,0.031,0.032,0.052,0.131
Q0957+561,G1,10,01,20.8686,+,55,53,50.574,Double,6.175000,150.33695242170,55.89738156470,Publication,Walsh,1979,1979Natur.279..381W,,---,,150.33691666670,55.89741666670,150.33651967110,55.89793556205,---,0.3600,2002A&ARv..10..263C,---,,,---,--,---,,,0,,,---,---,---,---,---,---,---,,--,0,---,---,---,---,---,---,---,---,---,---,---,---,---,---,---,---,---,---,---,---,---,---,---,0,,---,---,---,---,---,---,---,---
SDSS1001+5027,B,10,01,28.3491,+,50,27,58.423,Double,2.927000,150.36812123360,50.46622864580,Gaia_DR3,Oguri,2005,2005ApJ...622..106O,,---,,150.37030280000,50.46622800000,150.36866419695,50.46601450375,1.8380,---,2018A&A...616A.118G,---,,,1.842786,0,---,,,1,DR3Gaia100128.610+502756.88,1,57,2.62441878712,53.88190,0.88080180552,47.76811,18.0611,0.10672,0,0,1,827031897427468160,150.36812120370,0.0736,50.46622862774,0.0728,-0.0107,0.1055,-0.1014,0.231,-0.001,0.106,0.231,0.113,17.994335,0.003130,18.224506,0.021123,17.282219,0.011884,1.398,0.942287,17.994335,0.003130,0,,---,---,---,---,---,---,---,---
SDSS1001+5027,A,10,01,28.6097,+,50,27,56.881,Double,2.927000,150.36920716030,50.46580036170,Gaia_DR3,Oguri,2005,2005ApJ...622..106O,,---,,150.36921660000,50.46579940000,150.36866419695,50.46601450375,1.8380,0.4150,2018A&A...616A.118G,---,,,1.842112,0,---,,,1,DR3Gaia100128.610+502756.88,2,57,2.62443778123,43.92456,0.88079430169,43.61526,17.7039,0.10967,0,0,1,827031141513223936,150.36920717924,0.0592,50.46580035826,0.0591,-0.0033,0.0857,-0.0390,0.133,0.118,0.086,0.061,0.089,17.618570,0.003202,17.809483,0.013580,17.131607,0.010491,1.267,0.677876,17.618570,0.003202,0,,---,---,---,---,---,---,---,---
SDSS1001+5027,G2,10,01,28.8004,+,50,27,56.013,Double,2.927000,150.37000170000,50.46555910000,Publication,Oguri,2005,2005ApJ...622..106O,,---,,150.37000170000,50.46555910000,150.36866419695,50.46601450375,---,---,,---,,,---,--,---,,,0,,,---,---,---,---,---,---,---,,--,0,---,---,---,---,---,---,---,---,---,---,---,---,---,---,---,---,---,---,---,---,---,---,---,0,,---,---,---,---,---,---,---,---
SDSS1001+5027,G1,10,01,28.8271,+,50,27,58.000,Double,2.927000,150.37011290000,50.46611110000,Publication,Oguri,2005,2005ApJ...622..106O,,---,,150.37011290000,50.46611110000,150.36866419695,50.46601450375,---,0.4150,2018A&A...616A.118G,---,,,---,--,---,,,0,,,---,---,---,---,---,---,---,,--,0,---,---,---,---,---,---,---,---,---,---,---,---,---,---,---,---,---,---,---,---,---,---,---,0,,---,---,---,---,---,---,---,---
CXCOJ100201.50+020330.0,A,10,02,01.5109,+,02,03,29.493,Double,0.751000,150.50629548840,2.05819240630,Gaia_DR3,Jaelani,2021,2021MNRAS.502.1487J,,---,,150.50630000000,2.05820000000,150.50630733710,2.05808874665,2.0160,0.4390,2021MNRAS.502.1487J,---,,,2.031676,0,0.28419780,,EXTERNAL_DESI,1,DR3Gaia100201.511+020329.49,1,26,2.62683042513,50.81771,0.03592216197,56.77343,18.6322,0.12985,0,0,1,3836060833675603840,150.50629541139,0.1827,2.05819246568,0.1988,0.1724,0.1975,0.8729,0.165,0.060,0.221,-0.154,0.235,18.540178,0.007140,18.867126,0.046039,17.884218,0.021124,1.307,0.982908,18.540178,0.007140,1,J100201.51+020329.2,15.315,14.511,11.314,8.794,0.039,0.054,0.166,0.413
CXCOJ100201.50+020330.0,B,10,02,01.5166,+,02,03,28.746,Double,0.751000,150.50631918580,2.05798508700,Publication,Jaelani,2021,2021MNRAS.502.1487J,,---,,150.50625000000,2.05800000000,150.50630733710,2.05808874665,2.0160,---,2021MNRAS.502.1487J,---,,,---,--,2.01600600,KEEP(0),EXTERNAL_SDSSDR18_SDSS,0,,,---,---,---,---,---,---,---,,--,0,---,---,---,---,---,---,---,---,---,---,---,---,---,---,---,---,---,---,---,---,---,---,---,0,,---,---,---,---,---,---,---,---
J1003+0651,A,10,03,09.1670,+,06,51,00.535,Double,2.623000,150.78819562520,6.85014851990,Gaia_DR3,Lemon,2023,2023MNRAS.520.3305L,,---,,150.78860000000,6.85010000000,150.78856237676,6.85013553174,2.5650,0.2250,2023MNRAS.520.3305L,2.565,gG,LEMON4,---,--,0.22523890,KEEP(0),EXTERNAL_SDSSDR18_SDSS,1,DR3Gaia100309.310+065100.23,1,22,2.63175053052,59.38366,0.11955751116,75.23756,19.9233,0.13187,0,0,1,3874291746326640128,150.78819590841,0.5717,6.85014851986,0.4292,-0.5039,0.5774,-0.8727,0.347,-0.296,0.702,0.182,0.660,19.883550,0.008797,19.821022,0.164814,18.920582,0.147996,1.790,0.900440,19.887255,0.008824,0,,---,---,---,---,---,---,---,---
J1003+0651,G,10,03,09.3101,+,06,51,00.242,Double,2.623000,150.78879205300,6.85006729100,Gaia_DR3,Lemon,2023,2023MNRAS.520.3305L,,---,,150.78860000000,6.85010000000,150.78856237676,6.85013553174,---,0.2250,2023MNRAS.520.3305L,2.565,gG,LEMON4,---,--,0.22523890,KEEP(0),EXTERNAL_SDSSDR18_SDSS,1,DR3Gaia100309.310+065100.23,2,16,2.63176097797,74.71733,0.11955606391,52.65470,19.9492,0.09890,0,0,1,3874291742031312512,150.78879360164,3.9373,6.85006340570,3.7175,---,---,---,---,---,---,---,---,20.835884,0.024592,18.934452,0.010420,17.589638,0.046881,12.548,1.344814,20.835884,0.024592,1,J100309.27+065100.2,13.970,13.541,10.880,8.297,0.028,0.035,0.124,0.333
J1003+0651,B,10,03,09.3430,+,06,51,00.441,Double,2.623000,150.78892912832,6.85012254358,Gaia_FPR,Lemon,2023,2023MNRAS.520.3305L,,---,,150.78860000000,6.85010000000,150.78856237676,6.85013553174,2.5650,---,2023MNRAS.520.3305L,2.565,gG,LEMON4,---,--,0.22523890,KEEP(0),EXTERNAL_SDSSDR18_SDSS,1,DR3Gaia100309.310+065100.23,3,3,2.63176343441,19.14301,0.11955640092,54.00819,20.4479,0.23035,0,0,0,---,---,---,---,---,---,---,---,---,---,---,---,---,---,---,---,---,---,---,---,---,---,---,0,,---,---,---,---,---,---,---,---
J1004+1229,A,10,04,24.8854,+,12,29,22.314,Double,1.578000,151.10368906300,12.48953157470,Publication,Lacy,2002,2002AJ....123.2925L,,---,,151.10369625000,12.48951250000,151.10375753150,12.48974023735,2.6500,0.9500,2002AJ....123.2925L,---,,,---,--,---,,,0,,,---,---,---,---,---,---,---,,--,0,---,---,---,---,---,---,---,---,---,---,---,---,---,---,---,---,---,---,---,---,---,---,---,1,J100424.88+122922.5,13.674,12.833,9.705,7.866,0.025,0.027,0.057,0.191
J1004+1229,G,10,04,24.9141,+,12,29,23.553,Double,1.578000,151.10380860000,12.48987580000,Publication,Lacy,2002,2002AJ....123.2925L,,---,,151.10380860000,12.48987580000,151.10375753150,12.48974023735,---,0.9500,2002AJ....123.2925L,---,,,---,--,---,,,0,,,---,---,---,---,---,---,---,,--,0,---,---,---,---,---,---,---,---,---,---,---,---,---,---,---,---,---,---,---,---,---,---,---,0,,---,---,---,---,---,---,---,---
J1004+1229,B,10,04,24.9182,+,12,29,23.816,Double,1.578000,151.10382600000,12.48994890000,Publication,Lacy,2002,2002AJ....123.2925L,,---,,151.10382600000,12.48994890000,151.10375753150,12.48974023735,2.6500,---,2002AJ....123.2925L,---,,,---,--,---,,,0,,,---,---,---,---,---,---,---,,--,0,---,---,---,---,---,---,---,---,---,---,---,---,---,---,---,---,---,---,---,---,---,---,---,0,,---,---,---,---,---,---,---,---
SDSS1004+4112,C,10,04,33.8293,+,41,12,34.738,Quad,14.732000,151.14095554910,41.20964947150,Gaia_DR3,Inada,2003,2003Natur.426..810I,,---,,151.14138260000,41.21064470000,151.14335819532,41.21150474592,1.7340,---,2003Natur.426..810I,---,,,1.731100,16,---,,,1,DR3Gaia100433.829+411234.74,1,56,2.63790723235,59.13298,0.71924407675,62.36413,19.8655,0.23370,0,0,1,806853174702355072,151.14095547243,0.2830,41.20964943808,0.3339,0.5641,0.4492,1.2557,0.500,0.054,0.370,0.497,0.399,19.819695,0.010635,19.956385,0.076771,19.372124,0.057807,1.275,0.584261,19.819695,0.010635,0,,---,---,---,---,---,---,---,---
SDSS1004+4112,D,10,04,34.0629,+,41,12,48.934,Quad,14.732000,151.14192873860,41.21359282710,Gaia_DR3,Inada,2003,2003Natur.426..810I,,---,,151.14235740000,41.21458780000,151.14335819532,41.21150474592,1.7340,---,2003Natur.426..810I,---,,,---,--,---,,,1,DR3Gaia100434.063+411248.93,1,48,2.63792419737,61.47371,0.71931284953,56.37676,20.2734,0.29148,0,0,1,806853174702356352,151.14192887449,0.4833,41.21359286993,0.5540,-0.4155,0.7399,-0.5616,0.288,-0.286,0.579,0.037,0.673,20.271654,0.014133,20.300272,0.099373,19.570074,0.073016,1.510,0.730198,20.275374,0.014180,0,,---,---,---,---,---,---,---,---
SDSS1004+4112,G,10,04,34.1700,+,41,12,43.600,Quad,14.732000,151.14237499000,41.21211111000,Publication,Inada,2003,2003Natur.426..810I,,---,,151.14237499000,41.21211111000,151.14335819532,41.21150474592,---,0.6751,2003Natur.426..810I,---,,,---,--,---,,,0,,,---,---,---,---,---,---,---,,--,0,---,---,---,---,---,---,---,---,---,---,---,---,---,---,---,---,---,---,---,---,---,---,---,0,,---,---,---,---,---,---,---,---
SDSS1004+4112,A,10,04,34.8076,+,41,12,39.232,Quad,14.732000,151.14503150100,41.21089778780,Gaia_DR3,Inada,2003,2003Natur.426..810I,,---,,151.14545830000,41.21188890000,151.14335819532,41.21150474592,1.7340,0.6751,2003Natur.426..810I,---,,,1.723198,0,---,,,1,DR3Gaia100434.808+411239.23,2,55,2.63797835449,61.41153,0.71926582244,46.98365,19.3875,0.19201,0,0,1,806853178999388928,151.14503140795,0.2020,41.21089788075,0.2292,-0.4348,0.3518,-1.2357,0.405,0.145,0.303,-0.379,0.336,19.301865,0.010086,19.580338,0.043295,18.788435,0.034191,1.237,0.791903,19.301865,0.010086,0,,---,---,---,---,---,---,---,---
SDSS1004+4112,B,10,04,34.9241,+,41,12,42.764,Quad,14.732000,151.14551699260,41.21187889730,Gaia_DR3,Inada,2003,2003Natur.426..810I,,---,,151.14594460000,41.21286920000,151.14335819532,41.21150474592,1.7340,---,2003Natur.426..810I,---,,,1.733589,0,---,,,1,DR3Gaia100434.808+411239.23,1,57,2.63798691672,58.04370,0.71928294190,60.29746,19.4970,0.25304,0,0,1,806853178999690112,151.14551703948,0.2066,41.21187893801,0.2170,0.4725,0.3847,1.2281,0.475,-0.208,0.293,-0.428,0.301,19.393070,0.011611,19.528275,0.045994,18.909061,0.044903,1.298,0.619213,19.396401,0.011645,0,,---,---,---,---,---,---,---,---
J1008+0046,A,10,08,46.3623,+,00,46,19.823,Double,1.305000,152.19317605660,0.77217313370,Gaia_DR3,Lemon,2023,2023MNRAS.520.3305L,,---,,152.19320000000,0.77240000000,152.19320856080,0.77235145235,1.5100,---,2023MNRAS.520.3305L,1.511,pG,2QZ,---,--,1.51100000,,VizieR_J/A+A/494/799/lqac,1,DR3Gaia100846.378+004621.11,2,15,2.65627207840,54.21945,0.01347680277,83.36022,20.4125,0.15066,0,0,1,3834882054131088512,152.19317583526,1.3033,0.77217333624,1.1993,-0.4174,1.7122,-0.2438,0.224,0.204,1.585,0.093,1.740,20.509160,0.015937,19.782127,0.128001,18.735960,0.126738,3.572,1.046167,20.512319,0.015982,1,J100846.37+004620.5,15.293,14.499,12.097,8.566,0.043,0.059,0.444,---
J1008+0046,B,10,08,46.3779,+,00,46,21.107,Double,1.305000,152.19324106500,0.77252977100,Gaia_DR3,Lemon,2023,2023MNRAS.520.3305L,,---,,152.19320000000,0.77240000000,152.19320856080,0.77235145235,1.5100,---,2023MNRAS.520.3305L,1.511,pG,2QZ,---,--,1.51100000,,VizieR_J/A+A/494/799/lqac,1,DR3Gaia100846.378+004621.11,1,15,2.65627298877,58.77882,0.01348318346,52.66853,20.4094,0.16758,0,0,1,3834882049836631168,152.19324105189,1.4449,0.77253036921,2.7860,---,---,---,---,---,---,---,---,20.583930,0.021401,19.817028,0.077281,18.661154,0.042298,3.943,1.155874,20.583930,0.021401,0,,---,---,---,---,---,---,---,---
J1008+0929,B,10,08,48.9795,+,09,29,17.277,Double,1.919000,152.20408138820,9.48813262704,Gaia_FPR,Lemon,2023,2023MNRAS.520.3305L,,---,,152.20410000000,9.48780000000,152.20413764765,9.48787192182,3.0800,---,2023MNRAS.520.3305L,3.080,jG,LEMON4,---,--,---,,,1,DR3Gaia100849.007+092915.40,1,12,2.65646229823,62.02970,0.16559895892,38.24276,20.5312,0.10866,0,0,0,---,---,---,---,---,---,---,---,---,---,---,---,---,---,---,---,---,---,---,---,---,---,---,0,,---,---,---,---,---,---,---,---
J1008+0929,A,10,08,49.0065,+,09,29,15.400,Double,1.919000,152.20419390710,9.48761121660,Gaia_DR3,Lemon,2023,2023MNRAS.520.3305L,,---,,152.20410000000,9.48780000000,152.20413764765,9.48787192182,3.0800,---,2023MNRAS.520.3305L,3.080,jG,LEMON4,---,--,---,,,1,DR3Gaia100849.007+092915.40,2,23,2.65646424161,52.62435,0.16559007241,30.10017,19.0408,0.09845,0,0,1,3876832198007366912,152.20419404234,0.2765,9.48761113322,0.2248,-0.1436,0.4177,-0.3437,0.367,-0.058,0.316,-0.363,0.312,18.982656,0.004414,19.257990,0.055448,18.279552,0.031315,1.367,0.978437,18.982656,0.004414,1,J100848.99+092916.0,14.895,14.400,11.010,8.045,0.035,0.054,0.134,0.283
GraLJ1008-2215,G,10,08,53.4608,-,22,15,17.869,Double,1.346000,152.22275340623,-22.25496349918,Gaia_DR3,Jalan,2024,2024BSRSL..93..752J,,---,,152.22291666667,-22.25497222222,152.22310670821,-22.25487321440,---,---,,---,,,---,--,---,,,0,,,---,---,---,---,---,---,---,,--,1,5666444778469055488,152.22275340623,4.2548,-22.25496349918,3.2917,---,---,---,---,---,---,---,---,20.867554,0.024068,---,---,---,---,---,---,20.867554,0.024068,0,,---,---,---,---,---,---,---,---
GraLJ1008-2215,B,10,08,53.5280,-,22,15,16.917,Double,1.346000,152.22303323957,-22.25469907777,Gaia_DR3,Jalan,2024,2024BSRSL..93..752J,,---,,152.22291666667,-22.25469444444,152.22310670821,-22.25487321440,---,---,,---,,,---,--,---,,,0,,,---,---,---,---,---,---,---,,--,1,5666444778469974656,152.22303323957,2.2910,-22.25469907777,1.0647,---,---,---,---,---,---,---,---,20.511606,0.014183,---,---,---,---,---,---,20.511606,0.014183,1,J100853.52-221517.2,14.521,13.521,9.845,7.581,0.030,0.032,0.043,0.160
GraLJ1008-2215,A,10,08,53.5632,-,22,15,18.170,Double,1.346000,152.22318017686,-22.25504735103,Gaia_DR3,Jalan,2024,2024BSRSL..93..752J,,---,,152.22333333333,-22.25505555556,152.22310670821,-22.25487321440,---,---,,---,,,---,--,---,,,0,,,---,---,---,---,---,---,---,,--,1,5666444778469055616,152.22318017686,0.3777,-22.25504735103,0.3616,0.8607,0.4183,2.0575,1.805,1.755,0.403,-0.423,0.418,19.711794,0.007702,20.051445,0.120660,18.237015,0.030981,2.168,1.814430,19.706085,0.007667,0,,---,---,---,---,---,---,---,---
LBQS1009-0252,B,10,12,15.8631,-,03,07,03.845,Double,1.537000,153.06609617480,-3.11773467420,Gaia_DR3,Surdej,1993,1993LIACo..31..153S,,---,,153.06527190000,-3.11760640000,153.06618935035,-3.11754252920,2.7400,---,2006ApJ...641...70O,---,,,---,--,2.74500000,KEEP(s),VizieR_J/ApJS/221/12/table1,1,DR3Gaia101215.621-030700.84,1,19,2.67150723141,70.36126,-0.05441487463,63.46996,20.3372,0.16241,0,0,1,3828696197418841344,153.06609634048,0.7769,-3.11773464512,0.8705,-0.9445,0.9439,-1.0007,2.227,-0.600,0.877,2.145,1.186,20.370890,0.011098,---,---,---,---,---,---,20.370890,0.011098,0,,---,---,---,---,---,---,---,---
LBQS1009-0252,A,10,12,15.9078,-,03,07,02.461,Double,1.537000,153.06628252590,-3.11735038420,Gaia_DR3,Surdej,1993,1993LIACo..31..153S,,---,,153.06545830000,-3.11722220000,153.06618935035,-3.11754252920,2.7400,0.8710,2006ApJ...641...70O,---,,,2.737864,0,2.74267000,,VizieR_V/153/dr4,1,DR3Gaia101215.621-030700.84,2,26,2.67151063948,57.51923,-0.05440806947,41.83756,18.3101,0.13641,0,0,1,3828696197422634112,153.06628257354,0.1318,-3.11735037107,0.1304,-0.0297,0.1612,-0.1845,0.107,0.105,0.158,-0.020,0.152,18.238710,0.008716,18.422115,0.043992,17.751097,0.033176,1.272,0.671019,18.238710,0.008716,0,,---,---,---,---,---,---,---,---
Q1017-207,B,10,17,23.9162,-,20,46,58.494,Double,0.847000,154.34965072350,-20.78291501500,Gaia_DR3,Claeskens,1996,1996A&A...305L...9C,,---,,154.35029000000,-20.78343690000,154.34977651510,-20.78291884130,2.5450,---,2006ApJ...641...70O,---,,,---,--,2.54500000,,VizieR_J/ApJS/219/29/table6,1,DR3Gaia101723.977-204658.52,2,23,2.69390960727,62.57966,-0.36273040505,58.60806,18.8995,0.11206,0,0,1,5668105247185418752,154.34965097223,0.5385,-20.78291558822,1.1474,---,---,---,---,---,---,---,---,18.836990,0.006411,---,---,---,---,---,---,18.836990,0.006411,1,J101723.97-204658.5,13.827,12.933,9.548,7.407,0.026,0.026,0.042,0.116
Q1017-207,A,10,17,23.9766,-,20,46,58.522,Double,0.847000,154.34990230670,-20.78292266760,Gaia_DR3,Claeskens,1996,1996A&A...305L...9C,,---,,154.35054170000,-20.78344440000,154.34977651510,-20.78291884130,2.5450,1.0880,2006ApJ...641...70O,---,,,2.556636,0,2.54500000,,VizieR_J/MNRAS/400/1493/table1,1,DR3Gaia101723.977-204658.52,1,26,2.69391404268,40.15638,-0.36273045358,50.12935,17.1046,0.09033,0,0,1,5668105247186154624,154.34990229753,0.1001,-20.78292256326,0.1010,-0.2594,0.1197,-2.1677,0.358,-0.216,0.118,0.285,0.121,16.998913,0.004244,17.024933,0.018494,16.484966,0.010324,1.384,0.539967,16.998913,0.004244,0,,---,---,---,---,---,---,---,---
SDSS1021+4913,B,10,21,10.9526,+,49,13,30.908,Double,1.155000,155.29563568720,49.22525223790,Gaia_DR3,Pindor,2006,2006AJ....131...41P,,---,,155.29591670000,49.22511110000,155.29581745515,49.22514436065,1.7200,---,2010A&A...518A..10V,---,,,---,--,---,,,1,DR3Gaia102111.040+491330.13,2,25,2.71042039516,41.80023,0.85914248795,86.50422,20.5619,0.14563,0,0,1,846839461962117760,155.29563784270,3.6628,49.22525313164,2.6145,---,---,---,---,---,---,---,---,20.997572,0.024741,---,---,---,---,---,---,20.997572,0.024741,1,J102111.00+491330.4,14.825,13.708,10.659,8.405,0.031,0.033,0.107,---
SDSS1021+4913,A,10,21,11.0398,+,49,13,30.131,Double,1.155000,155.29599922310,49.22503648340,Gaia_DR3,Pindor,2006,2006AJ....131...41P,,---,,155.29591670000,49.22511110000,155.29581745515,49.22514436065,1.7200,---,2010A&A...518A..10V,---,,,1.717283,0,---,,,1,DR3Gaia102111.040+491330.13,1,67,2.71042653023,49.19789,0.85913891410,46.57007,19.5238,0.18153,0,0,1,846839457666932736,155.29599915159,0.1880,49.22503654914,0.1924,-0.4087,0.3175,-1.2875,0.971,0.117,0.270,0.964,0.254,19.525433,0.008777,19.422953,0.035583,18.522032,0.026086,1.858,0.900921,19.529137,0.008804,0,,---,---,---,---,---,---,---,---
J1025-2246,B,10,25,25.5587,-,22,46,06.745,Double,3.982000,156.35649472690,-22.76854028779,Gaia_FPR,Lemon,2023,2023MNRAS.520.3305L,,---,,156.35670000000,-22.76900000000,156.35670497235,-22.76905830395,1.9700,---,2023MNRAS.520.3305L,1.970,p,LEMON4,---,--,---,,,1,DR3Gaia102525.660-224610.47,2,3,2.72893579204,32.28377,-0.39738631608,38.13072,20.8385,0.06315,0,0,0,---,---,---,---,---,---,---,---,---,---,---,---,---,---,---,---,---,---,---,---,---,---,---,0,,---,---,---,---,---,---,---,---
J1025-2246,A,10,25,25.6597,-,22,46,10.475,Double,3.982000,156.35691521780,-22.76957632010,Gaia_DR3,Lemon,2023,2023MNRAS.520.3305L,,---,,156.35670000000,-22.76900000000,156.35670497235,-22.76905830395,1.9700,---,2023MNRAS.520.3305L,1.970,p,LEMON4,2.012174,16,---,,,1,DR3Gaia102525.660-224610.47,1,47,2.72894292024,51.16507,-0.39740394092,55.29885,19.9109,0.18936,0,0,1,5475292998353108864,156.35691525598,0.2886,-22.76957637824,0.3547,-0.4516,0.4378,-1.0316,0.310,-0.078,0.509,-0.300,0.584,19.915758,0.006192,20.139967,0.061918,19.382128,0.057615,1.278,0.757839,19.915758,0.006192,0,,---,---,---,---,---,---,---,---
SDSS1029+2623,A,10,29,13.9469,+,26,23,17.954,Quad,22.535000,157.30811198120,26.38832051660,Gaia_DR3,Inada,2006,2006ApJ...653L..97I,,---,,157.30811199764,26.38832047969,157.30902198383,26.39226865900,2.1992,0.5960,2022ApJ...926...86A / 2024ApJ...976..110A,---,,,2.193546,0,---,,,1,DR3Gaia102913.947+262317.95,1,24,2.74554441304,43.53809,0.46056307004,48.54534,18.7220,0.13846,0,0,1,727779669982340224,157.30811199764,0.1915,26.38832047969,0.2391,0.1150,0.2281,0.5042,0.071,-0.042,0.212,0.057,0.252,18.672955,0.009585,18.932657,0.051528,18.141264,0.031063,1.258,0.791393,18.672955,0.009585,0,,---,---,---,---,---,---,---,---
SDSS1029+2623,G,10,29,13.9589,+,26,23,23.190,Quad,22.535000,157.30816200000,26.38977500000,Publication,Inada,2006,2006ApJ...653L..97I,,---,,157.30816200000,26.38977500000,157.30902198383,26.39226865900,---,0.5111,2022ApJ...926...86A,---,,,---,--,---,,,0,,,---,---,---,---,---,---,---,,--,0,---,---,---,---,---,---,---,---,---,---,---,---,---,---,---,---,---,---,---,---,---,---,---,0,,---,---,---,---,---,---,---,---
SDSS1029+2623,B,10,29,14.2486,+,26,23,40.121,Quad,22.535000,157.30936922850,26.39447798330,Gaia_DR3,Inada,2006,2006ApJ...653L..97I,,---,,157.30936920712,26.39447797616,157.30902198383,26.39226865900,2.1992,---,2022ApJ...926...86A / 2024ApJ...976..110A,---,,,2.208870,0,---,,,1,DR3Gaia102914.249+262340.12,1,24,2.74556645027,46.62000,0.46067051837,47.39569,18.3828,0.09946,0,0,1,727779665687072768,157.30936920712,0.1453,26.39447797616,0.1754,0.0307,0.1710,0.1797,0.314,-0.220,0.164,0.223,0.191,18.308353,0.004354,18.457035,0.029221,17.815897,0.058870,1.295,0.641138,18.308353,0.004354,1,J102914.27+262339.4,14.392,13.409,10.173,7.742,0.029,0.031,0.063,0.164
SDSS1029+2623,C,10,29,14.3003,+,26,23,38.427,Quad,22.535000,157.30958474180,26.39400747710,Gaia_DR3,Inada,2006,2006ApJ...653L..97I,,---,,157.30928000000,26.39447000000,157.30902198383,26.39226865900,2.1992,---,2022ApJ...926...86A / 2024ApJ...976..110A,---,,,---,--,---,,,1,DR3Gaia102914.249+262340.12,2,21,2.74557008040,68.76847,0.46066237202,53.06336,20.3051,0.16585,0,0,1,727779669981857536,157.30958445033,0.6547,26.39400790587,0.8130,-1.7405,0.7192,-2.4200,2.042,0.974,0.739,-1.795,0.956,20.270016,0.008157,---,---,---,---,---,---,20.270016,0.008157,0,,---,---,---,---,---,---,---,---
B1030+074,S,10,33,34.0243,+,07,11,26.148,Double,0.000000,158.39176788160,7.19059658880,Gaia_DR3,Fassnacht,1998,1998AJ....115..377F,,---,,158.39200000000,7.19041670000,158.39176788160,7.19059658880,1.5350,0.6141,2002A&ARv..10..263C,---,,,---,--,0.61409000,KEEP(spec),VizieR_J/ApJS/267/37/table5,1,DR3Gaia103334.024+071126.15,1,17,2.76445782011,65.13222,0.12549952191,55.46621,19.8410,0.32906,0,0,1,3862737562746164992,158.39176809951,0.5382,7.19059661227,0.4654,0.0172,0.6576,0.0262,0.561,0.141,0.695,-0.543,0.688,19.871305,0.028674,19.961159,0.129672,18.976295,0.097558,1.627,0.984863,19.871305,0.028674,1,J103334.04+071125.7,14.475,13.508,10.360,7.718,0.030,0.035,0.081,0.178
J1037+0018,B,10,37,27.9193,+,00,18,20.231,Double,1.245000,159.36633052810,0.30561975350,Gaia_DR3,Lemon,2023,2023MNRAS.520.3305L,,---,,159.36650000000,0.30570000000,159.36649304325,0.30567869220,2.4620,---,2023MNRAS.520.3305L,2.464,pG,2QZ,---,--,2.46400000,KEEP(s),VizieR_J/ApJS/221/12/table1,1,DR3Gaia103727.997+001820.66,1,17,2.78146727180,44.26358,0.00533407919,34.13820,19.9384,0.16550,0,0,1,3806936797880396416,159.36633242574,3.8772,0.30561521120,8.1827,---,---,---,---,---,---,---,---,19.991135,0.016995,---,---,---,---,---,---,19.991135,0.016995,1,J103727.97+001820.5,14.908,13.844,10.439,8.253,0.036,0.040,0.093,0.305
J1037+0018,A,10,37,27.9973,+,00,18,20.655,Double,1.245000,159.36665555840,0.30573763090,Gaia_DR3,Lemon,2023,2023MNRAS.520.3305L,,---,,159.36650000000,0.30570000000,159.36649304325,0.30567869220,2.4620,---,2023MNRAS.520.3305L,2.464,pG,2QZ,2.469247,0,2.46400000,KEEP(s),VizieR_J/ApJS/221/12/table1,1,DR3Gaia103727.997+001820.66,2,20,2.78147293715,44.33860,0.00533610951,48.30544,18.1508,0.13839,0,0,1,3806936797880018304,159.36665551396,0.1889,0.30573761277,0.1738,-0.8326,0.2087,-3.9888,1.353,0.774,0.248,-1.110,0.224,18.049541,0.010714,18.193592,0.043252,17.437649,0.036104,1.375,0.755943,18.049541,0.010714,0,,---,---,---,---,---,---,---,---
J1041+1710,A,10,41,13.8891,+,17,10,47.401,Double,1.611000,160.30787105070,17.17983360500,Gaia_DR3,Lemon,2023,2023MNRAS.520.3305L,,---,,160.30810000000,17.17980000000,160.30810494675,17.17982260970,2.0100,---,2023MNRAS.520.3305L,2.010,p+G,LEMON4,2.055563,16,---,,,1,DR3Gaia104113.889+171047.40,1,23,2.79790018648,64.63268,0.29984458051,63.70637,19.5720,0.14411,0,0,1,3985692782689406592,160.30787095514,0.3239,17.17983349445,0.2636,0.2052,0.3430,0.5981,0.078,0.037,0.378,0.069,0.277,19.498451,0.006804,19.837560,0.093975,18.665670,0.048663,1.437,1.171890,19.500787,0.006816,1,J104113.93+171047.3,15.032,13.757,10.294,8.324,0.035,0.045,0.101,0.361
J1041+1710,B,10,41,14.0013,+,17,10,47.322,Double,1.611000,160.30833884280,17.17981161440,Gaia_DR3,Lemon,2023,2023MNRAS.520.3305L,,---,,160.30810000000,17.17980000000,160.30810494675,17.17982260970,2.0100,---,2023MNRAS.520.3305L,2.010,p+G,LEMON4,---,--,---,,,1,DR3Gaia104113.889+171047.40,2,3,2.79790858172,42.56691,0.29984370186,44.33873,20.8021,0.08018,0,0,1,3985692786983991040,160.30834039995,33.6101,17.17981002568,46.5007,---,---,---,---,---,---,---,---,21.106556,0.044051,---,---,---,---,---,---,21.106556,0.044051,0,,---,---,---,---,---,---,---,---
W2MJ104222.11+164115.3,D,10,42,22.0137,+,16,41,15.903,Quad,1.816000,160.59172370000,16.68775081000,Publication,Glikman,2023,2023ApJ...943...25G,,---,,160.59172370000,16.68775081000,160.59199999243,16.68753566952,2.5170,---,2023ApJ...943...25G,---,,,---,--,---,,,0,,,---,---,---,---,---,---,---,,--,0,---,---,---,---,---,---,---,---,---,---,---,---,---,---,---,---,---,---,---,---,---,---,---,0,,---,---,---,---,---,---,---,---
W2MJ104222.11+164115.3,C,10,42,22.0679,+,16,41,14.453,Quad,1.816000,160.59194961000,16.68734803000,Publication,Glikman,2023,2023ApJ...943...25G,,---,,160.59194961000,16.68734803000,160.59199999243,16.68753566952,2.5170,---,2023ApJ...943...25G,---,,,---,--,---,,,0,,,---,---,---,---,---,---,---,,--,0,---,---,---,---,---,---,---,---,---,---,---,---,---,---,---,---,---,---,---,---,---,---,---,0,,---,---,---,---,---,---,---,---
W2MJ104222.11+164115.3,G1,10,42,22.0694,+,16,41,15.286,Quad,1.816000,160.59195570000,16.68757942000,Publication,Glikman,2023,2023ApJ...943...25G,,---,,160.59195570000,16.68757942000,160.59199999243,16.68753566952,---,0.5985,2023ApJ...943...25G,---,,,---,--,---,,,0,,,---,---,---,---,---,---,---,,--,0,---,---,---,---,---,---,---,---,---,---,---,---,---,---,---,---,---,---,---,---,---,---,---,1,J104222.11+164115.3,12.825,11.630,7.823,5.221,0.024,0.022,0.024,0.042
W2MJ104222.11+164115.3,B,10,42,22.1139,+,16,41,14.796,Quad,1.816000,160.59214129000,16.68744331000,Publication,Glikman,2023,2023ApJ...943...25G,,---,,160.59214129000,16.68744331000,160.59199999243,16.68753566952,2.5170,---,2023ApJ...943...25G,---,,,---,--,---,,,0,,,---,---,---,---,---,---,---,,--,0,---,---,---,---,---,---,---,---,---,---,---,---,---,---,---,---,---,---,---,---,---,---,---,0,,---,---,---,---,---,---,---,---
W2MJ104222.11+164115.3,A,10,42,22.1245,+,16,41,15.362,Quad,1.816000,160.59218536970,16.68760052810,Gaia_DR3,Glikman,2023,2023ApJ...943...25G,,---,,160.59212500000,16.68758330000,160.59199999243,16.68753566952,2.5170,0.5985,2023ApJ...943...25G,---,,,---,--,---,,,0,,,---,---,---,---,---,---,---,,--,1,3886584144590894976,160.59218501477,10.7983,16.68760201588,14.2828,---,---,---,---,---,---,---,---,20.894432,0.027479,20.520823,0.239973,19.919813,0.225851,2.056,0.601009,20.894432,0.027479,0,,---,---,---,---,---,---,---,---
W2MJ104222.11+164115.3,G2,10,42,22.2741,+,16,41,12.727,Quad,1.816000,160.59280856000,16.68686858000,Publication,Glikman,2023,2023ApJ...943...25G,,---,,160.59280856000,16.68686858000,160.59199999243,16.68753566952,---,---,,---,,,---,--,---,,,0,,,---,---,---,---,---,---,---,,--,0,---,---,---,---,---,---,---,---,---,---,---,---,---,---,---,---,---,---,---,---,---,---,---,0,,---,---,---,---,---,---,---,---
KIDS1042+0023,B,10,42,37.2334,+,00,23,02.690,Double,1.388000,160.65513906042,0.38408050111,Publication,Spiniello,2019,2019MNRAS.483.3888S,,---,,160.65520000000,0.38390000000,160.65519022221,0.38389461711,2.2600,---,2023OJAp....6E..49F,2.260,pG,SPIN18,---,--,---,,,0,,,---,---,---,---,---,---,---,,--,0,---,---,---,---,---,---,---,---,---,---,---,---,---,---,---,---,---,---,---,---,---,---,---,1,J104237.25+002302.0,15.471,14.614,11.337,8.254,0.043,0.060,0.212,---
KIDS1042+0023,A,10,42,37.2579,+,00,23,01.351,Double,1.388000,160.65524138400,0.38370873310,Gaia_DR3,Spiniello,2019,2019MNRAS.483.3888S,,---,,160.65520000000,0.38390000000,160.65519022221,0.38389461711,2.2600,---,2023OJAp....6E..49F,2.260,pG,SPIN18,---,--,---,,,1,DR3Gaia104237.258+002301.35,1,8,2.80396273799,69.47779,0.00669688397,47.69109,20.6543,0.09720,0,0,1,3807267368628379008,160.65524099622,2.8354,0.38370886103,1.1548,---,---,---,---,---,---,---,---,20.709720,0.027686,20.820421,0.329108,19.619799,0.129217,1.804,1.200623,20.709720,0.027686,0,,---,---,---,---,---,---,---,---
J1051+0334,B,10,51,32.3821,+,03,34,17.588,Double,0.971000,162.88492548590,3.57155221160,Publication,Yue,2023,2023AJ....165..191Y,,---,,162.88487500000,3.57155277778,162.88505782885,3.57157911665,2.4000,---,2023AJ....165..191Y,2.400,n,QQhiz,---,--,---,,,0,,,---,---,---,---,---,---,---,,--,0,---,---,---,---,---,---,---,---,---,---,---,---,---,---,---,---,---,---,---,---,---,---,---,1,J105132.42+033417.5,15.575,14.638,11.153,8.391,0.046,0.061,0.173,0.290
J1051+0334,A,10,51,32.4456,+,03,34,17.782,Double,0.971000,162.88519017180,3.57160602170,Publication,Yue,2023,2023AJ....165..191Y,,---,,162.88512500000,3.57158611111,162.88505782885,3.57157911665,2.4000,---,2023AJ....165..191Y,2.400,n,QQhiz,---,--,---,,,0,,,---,---,---,---,---,---,---,,--,0,---,---,---,---,---,---,---,---,---,---,---,---,---,---,---,---,---,---,---,---,---,---,---,0,,---,---,---,---,---,---,---,---
SDSSJ105440.83+273306.4,A,10,54,40.8368,+,27,33,06.326,Double,1.250000,163.67015348080,27.55175709970,Gaia_DR3,Kayo,2010,2010AJ....139.1614K,,---,,163.67012500000,27.55177780000,163.67034803870,27.55177664470,1.4520,0.2300,2010AJ....139.1614K / 2024MNRAS.530..221J,1.454,gG,DR16Q,1.447510,0,---,,,1,DR3Gaia105440.837+273306.33,2,29,2.85658308257,50.87074,0.48086888965,38.86052,17.3901,0.10773,0,0,1,730552393494441856,163.67015351632,0.0870,27.55175702590,0.0795,-0.3395,0.1135,-2.9920,0.347,-0.055,0.105,0.342,0.101,17.299768,0.005298,17.289648,0.019919,16.831583,0.017866,1.380,0.458065,17.299768,0.005298,1,J105440.86+273306.3,13.947,12.816,9.825,7.455,0.025,0.027,0.050,0.127
SDSSJ105440.83+273306.4,B,10,54,40.9302,+,27,33,06.466,Double,1.250000,163.67054259660,27.55179618970,Gaia_DR3,Kayo,2010,2010AJ....139.1614K,,---,,163.67012500000,27.55177780000,163.67034803870,27.55177664470,1.4520,---,2010AJ....139.1614K / 2024MNRAS.530..221J,1.454,gG,DR16Q,---,--,---,,,1,DR3Gaia105440.837+273306.33,1,28,2.85658981722,46.20037,0.48086956290,50.57328,19.1217,0.14923,0,0,1,730552397788938752,163.67054264181,0.8850,27.55179623217,1.7288,---,---,---,---,---,---,---,---,19.067196,0.014675,---,---,---,---,---,---,19.067196,0.014675,0,,---,---,---,---,---,---,---,---
J105501.74+462736.7,A,10,55,45.4488,+,46,28,39.386,Double,1.146000,163.93937009640,46.47760718420,Gaia_DR3,Kayo,2010,2010AJ....139.1614K,,---,,163.93938390000,46.47763750000,163.93937804515,46.47776629615,1.2490,0.3900,2010AJ....139.1614K / 2024MNRAS.530..221J,---,,,---,--,---,,,1,DR3Gaia105545.453+462840.53,2,71,2.86128167706,50.09021,0.81118719206,63.47887,19.5152,0.14374,0,0,1,831109848622506112,163.93937006280,0.2072,46.47760702928,0.2835,-0.4913,0.3619,-1.3577,0.331,-0.073,0.242,0.323,0.368,19.356363,0.007382,19.275648,0.034984,18.563047,0.026860,1.655,0.712601,19.360043,0.007403,0,,---,---,---,---,---,---,---,---
J105501.74+462736.7,B,10,55,45.4526,+,46,28,40.531,Double,1.146000,163.93938599390,46.47792540810,Gaia_DR3,Kayo,2010,2010AJ....139.1614K,,---,,163.93936660000,46.47795560000,163.93937804515,46.47776629615,1.2490,---,2010AJ....139.1614K / 2024MNRAS.530..221J,---,,,---,--,---,,,1,DR3Gaia105545.453+462840.53,1,47,2.86128208224,55.52120,0.81119264593,71.40277,20.4744,0.18931,0,0,1,831109848615704960,163.93938589060,1.2625,46.47792565316,0.9762,0.2117,1.7733,0.1194,1.054,-0.714,1.661,0.774,1.513,20.627966,0.016367,---,---,---,---,---,---,20.627966,0.016367,1,J105545.45+462839.9,14.980,14.139,11.531,9.178,0.032,0.042,0.170,0.502
J105501.74+462736.7,G,10,55,45.4620,+,46,28,40.257,Double,1.146000,163.93942496000,46.47784913000,Publication,Kayo,2010,2010AJ....139.1614K,,---,,163.93936460000,46.47787360000,163.93937804515,46.47776629615,---,0.3900,2010AJ....139.1614K / 2024MNRAS.530..221J,---,,,---,--,---,,,0,,,---,---,---,---,---,---,---,,--,0,---,---,---,---,---,---,---,---,---,---,---,---,---,---,---,---,---,---,---,---,---,---,---,0,,---,---,---,---,---,---,---,---
HE1104-1805,A,11,06,33.3845,-,18,21,23.828,Double,3.195000,166.63910190690,-18.35661877950,Gaia_DR3,Wisotzki,1993,1993A&A...278L..15W,,---,,166.63937500000,-18.35672220000,166.63952665765,-18.35680418915,2.3190,0.7290,1995A&A...297L..59W,---,,,2.314437,0,1.66140000,,VizieR_J/ApJ/755/89/table3,1,DR3Gaia110633.384-182123.83,1,49,2.90840102100,50.69628,-0.32038337415,47.47497,17.1390,0.10157,0,0,1,3552950883176150016,166.63910190073,0.0488,-18.35661878134,0.0520,-0.0597,0.0652,-0.9155,0.106,-0.057,0.075,0.090,0.068,17.041056,0.004478,17.235783,0.016151,16.599070,0.009314,1.239,0.636713,17.041056,0.004478,1,J110633.42-182124.0,13.598,12.696,9.474,7.187,0.026,0.024,0.048,0.128
HE1104-1805,G,11,06,33.5178,-,18,21,24.700,Double,3.195000,166.63965740000,-18.35686110000,Publication,Wisotzki,1993,1993A&A...278L..15W,,---,,166.63965740000,-18.35686110000,166.63952665765,-18.35680418915,---,0.7290,2000A&A...364L..62L,---,,,---,--,2.31920000,KEEP(4),HEASARC_rass6dfgs,0,,,---,---,---,---,---,---,---,,--,0,---,---,---,---,---,---,---,---,---,---,---,---,---,---,---,---,---,---,---,---,---,---,---,0,,---,---,---,---,---,---,---,---
HE1104-1805,B,11,06,33.5883,-,18,21,25.163,Double,3.195000,166.63995140840,-18.35698959880,Gaia_DR3,Wisotzki,1993,1993A&A...278L..15W,,---,,166.64022400000,-18.35709220000,166.63952665765,-18.35680418915,2.3190,---,1995A&A...297L..59W,---,,,2.314893,0,2.30300000,,HEASARC_morx,1,DR3Gaia110633.384-182123.83,2,48,2.90841578694,54.78412,-0.32038980097,56.61859,18.3040,0.14583,0,0,1,3552950878881101568,166.63995141080,0.0997,-18.35698958589,0.1135,-0.0697,0.1385,-0.5032,0.112,0.067,0.160,0.090,0.147,18.201017,0.004894,18.334040,0.019015,17.825537,0.018411,1.236,0.508503,18.201017,0.004894,0,,---,---,---,---,---,---,---,---
J1111+3804,A,11,11,06.5250,+,38,04,24.326,Double,2.094000,167.77718748180,38.07342385780,Gaia_DR3,Chan,2022,2022A&A...659A.140C,,---,,167.77700000000,38.07300000000,167.77720470632,38.07371443723,3.0200,0.6000,2022A&A...659A.140C,---,,,---,--,---,,,1,DR3Gaia111106.525+380424.33,1,9,2.92826431687,32.64962,0.66450656533,42.05755,20.7066,0.11556,0,0,1,764550225032924160,167.77718820998,2.5677,38.07342450778,9.3232,---,---,---,---,---,---,---,---,20.953833,0.020028,21.076782,0.136636,20.162820,0.206774,1.520,0.913961,20.953833,0.020028,0,,---,---,---,---,---,---,---,---
J1111+3804,B,11,11,06.5333,+,38,04,26.418,Double,2.094000,167.77722193083,38.07400501667,Publication,Chan,2022,2022A&A...659A.140C,,---,,167.77700000000,38.07300000000,167.77720470632,38.07371443723,3.0200,---,2022A&A...659A.140C,---,,,---,--,---,,,0,,,---,---,---,---,---,---,---,,--,0,---,---,---,---,---,---,---,---,---,---,---,---,---,---,---,---,---,---,---,---,---,---,---,0,,---,---,---,---,---,---,---,---
HE1113-0641,C,11,16,23.5200,-,06,57,38.900,Quad,0.653000,169.09800000000,-6.96080555556,Gaia_FPR,Blackburne,2008,2008AJ....135..374B,,---,,169.09800000000,-6.96080555556,169.09807581925,-6.96074498233,1.2350,---,,---,,,---,--,1.23500000,KEEP(s),VizieR_J/ApJS/221/12/table1,1,DR3Gaia111623.558-065738.86,3,12,2.95131731532,66.10907,-0.12148915015,35.29299,18.5013,0.28660,0,0,0,---,---,---,---,---,---,---,---,---,---,---,---,---,---,---,---,---,---,---,---,---,---,---,0,,---,---,---,---,---,---,---,---
HE1113-0641,B,11,16,23.5242,-,06,57,38.462,Quad,0.653000,169.09801740710,-6.96068387590,Gaia_DR3,Blackburne,2008,2008AJ....135..374B,,---,,169.09816670000,-6.96072220000,169.09807581925,-6.96074498233,1.2350,---,2010A&A...518A..10V,---,,,---,--,1.23500000,KEEP(s),VizieR_J/ApJS/221/12/table1,1,DR3Gaia111623.558-065738.86,2,25,2.95131741140,67.66560,-0.12148688003,53.64935,17.8544,0.17962,0,0,1,3783971985706758016,169.09801006491,7.7473,-6.96068740554,2.7438,---,---,---,---,---,---,---,---,17.899527,0.029688,16.846060,0.023797,16.368467,0.021924,3.638,0.477592,17.899527,0.029688,1,J111623.54-065738.6,13.669,12.135,8.919,6.168,0.026,0.023,0.031,0.049
HE1113-0641,G,11,16,23.5300,-,06,57,38.700,Quad,0.653000,169.09804166670,-6.96075000000,Publication,Blackburne,2008,2008AJ....135..374B,,---,,169.09804166667,-6.96075000000,169.09807581925,-6.96074498233,---,---,2010A&A...518A..10V,---,,,---,--,1.23500000,KEEP(s),VizieR_J/ApJS/221/12/table1,0,,,---,---,---,---,---,---,---,,--,0,---,---,---,---,---,---,---,---,---,---,---,---,---,---,---,---,---,---,---,---,---,---,---,0,,---,---,---,---,---,---,---,---
HE1113-0641,D,11,16,23.5500,-,06,57,38.500,Quad,0.653000,169.09812500000,-6.96069444444,Publication,Blackburne,2008,2008AJ....135..374B,,---,,169.09812500000,-6.96069444444,169.09807581925,-6.96074498233,1.2350,---,2010A&A...518A..10V,---,,,---,--,1.23500000,KEEP(s),VizieR_J/ApJS/221/12/table1,0,,,---,---,---,---,---,---,---,,--,0,---,---,---,---,---,---,---,---,---,---,---,---,---,---,---,---,---,---,---,---,---,---,---,0,,---,---,---,---,---,---,---,---
HE1113-0641,A,11,16,23.5586,-,06,57,38.866,Quad,0.653000,169.09816086990,-6.96079605340,Gaia_DR3,Blackburne,2008,2008AJ....135..374B,,---,,169.09802170000,-6.96060440000,169.09807581925,-6.96074498233,1.2350,---,2010A&A...518A..10V,---,,,---,--,1.23500000,KEEP(s),VizieR_J/ApJS/221/12/table1,1,DR3Gaia111623.558-065738.86,1,24,2.95131945630,66.98104,-0.12148866006,62.29834,17.7318,0.14116,0,0,1,3783971985705434112,169.09816035962,1.5845,-6.96079444417,1.0484,---,---,---,---,---,---,---,---,17.657728,0.015225,16.920618,0.031071,16.548162,0.022861,2.600,0.372456,17.657728,0.015225,0,,---,---,---,---,---,---,---,---
PG1115+080,C,11,18,16.8379,+,07,45,58.118,Quad,2.427000,169.57015771840,7.76614378010,Gaia_DR3,Weymann,1980,1980Natur.285..641W,,---,,169.57083330000,7.76602780000,169.57042626637,7.76630164285,1.7220,---,2012A&A...538A..99S,---,,,---,--,1.73299100,KEEP(0),EXTERNAL_SDSSDR18_SDSS,1,DR3Gaia111816.950+074558.05,4,28,2.95955759478,58.41692,0.13554476652,39.11349,18.9559,0.20417,0,0,1,3817878828361980160,169.57015786885,0.2558,7.76614347904,0.2472,0.2593,0.4076,0.6362,0.434,-0.429,0.304,0.065,0.285,18.865652,0.008454,---,---,---,---,---,---,18.865652,0.008454,0,,---,---,---,---,---,---,---,---
PG1115+080,D,11,18,16.8610,+,07,46,00.078,Quad,2.427000,169.57025409750,7.76668845030,Gaia_DR3,Weymann,1980,1980Natur.285..641W,,---,,169.57124740000,7.76559000000,169.57042626637,7.76630164285,1.7220,---,2012A&A...538A..99S,---,,,---,--,1.73239100,KEEP(0),EXTERNAL_SDSSDR18_BOSS,1,DR3Gaia111816.950+074558.05,2,27,2.95955922557,50.85198,0.13555428918,45.25603,18.6377,0.16957,0,0,1,3817878828361980288,169.57025416162,0.1883,7.76668842104,0.1267,0.1939,0.1809,1.0720,0.135,-0.100,0.223,0.091,0.150,18.528044,0.006157,18.574234,0.074420,17.979631,0.095760,1.393,0.594603,18.528044,0.006157,0,,---,---,---,---,---,---,---,---
PG1115+080,G,11,18,16.9000,+,07,45,58.800,Quad,2.427000,169.57041667000,7.76633333000,Publication,Weymann,1980,1980Natur.285..641W,,---,,169.57041667000,7.76633333000,169.57042626637,7.76630164285,---,0.3098,2012A&A...538A..99S,---,,,---,--,1.73547000,,VizieR_J/ApJS/219/29/table6,0,,,---,---,---,---,---,---,---,,--,0,---,---,---,---,---,---,---,---,---,---,---,---,---,---,---,---,---,---,---,---,---,---,---,1,J111816.92+074558.5,12.771,11.401,8.155,5.929,0.024,0.021,0.023,0.043
PG1115+080,A,11,18,16.9501,+,07,45,58.046,Quad,2.427000,169.57062559110,7.76612379080,Gaia_DR3,Weymann,1980,1980Natur.285..641W,,---,,169.57073770000,7.76548310000,169.57042626637,7.76630164285,1.7220,0.3098,2012A&A...538A..99S,---,,,---,--,1.73299100,KEEP(0),EXTERNAL_SDSSDR18_SDSS,1,DR3Gaia111816.950+074558.05,1,28,2.95956580525,53.11858,0.13554444841,42.14902,17.2394,0.18590,0,0,1,3817878828362669568,169.57062595971,0.2822,7.76612498888,1.4936,---,---,---,---,---,---,---,---,17.211212,0.009382,16.611069,0.043142,15.965896,0.032660,2.586,0.645173,17.211212,0.009382,0,,---,---,---,---,---,---,---,---
PG1115+080,B,11,18,16.9602,+,07,45,58.502,Quad,2.427000,169.57066765850,7.76625055020,Gaia_DR3,Weymann,1980,1980Natur.285..641W,,---,,169.57083330000,7.76602780000,169.57042626637,7.76630164285,1.7220,---,2012A&A...538A..99S,---,,,---,--,1.73547000,,VizieR_J/ApJS/219/29/table6,1,DR3Gaia111816.950+074558.05,3,28,2.95956640361,48.23477,0.13554656611,50.81215,17.1948,0.23584,0,0,1,3817878828361980544,169.57066749217,0.1390,7.76625046940,0.1405,0.0930,0.1261,0.7375,0.224,0.106,0.157,-0.198,0.151,17.085867,0.010927,16.481056,0.031247,15.853388,0.020909,2.576,0.627668,17.089239,0.010959,0,,---,---,---,---,---,---,---,---
GraLJ112455.35+571057.39,A,11,24,55.2585,+,57,10,56.641,Double,2.166000,171.23024386030,57.18240037780,Gaia_DR3,Jalan,2024,2024BSRSL..93..752J,,---,,171.23064300000,57.18260800000,171.23064357565,57.18260918620,2.3110,---,2023OJAp....6E..49F,2.312,gG,DR16Q,2.309507,0,---,,,1,DR3Gaia112455.450+571058.14,2,60,2.98853155270,48.70130,0.99802108673,60.37401,18.5435,0.11406,0,0,1,856425240561148160,171.23024388600,0.0816,57.18240039448,0.0965,-0.2563,0.1293,-1.9816,0.130,-0.044,0.112,0.122,0.131,18.469803,0.003180,18.589700,0.024971,18.092457,0.021952,1.245,0.497244,18.469803,0.003180,1,J112455.29+571056.9,15.238,14.319,11.004,8.962,0.037,0.045,0.100,0.414
GraLJ112455.35+571057.39,B,11,24,55.4504,+,57,10,58.145,Double,2.166000,171.23104329100,57.18281799460,Gaia_DR3,Jalan,2024,2024BSRSL..93..752J,,---,,171.23064300000,57.18260800000,171.23064357565,57.18260918620,2.3110,---,2023OJAp....6E..49F,2.311,gG,0811,2.308411,16,---,,,1,DR3Gaia112455.450+571058.14,1,60,2.98854555681,55.36444,0.99802840898,52.33465,19.7979,0.13242,0,0,1,856425244851602688,171.23104312779,0.1926,57.18281791022,0.2267,-0.0075,0.3133,-0.0238,0.377,0.079,0.266,0.368,0.316,19.762053,0.006080,19.814981,0.052417,19.219004,0.077212,1.385,0.595978,19.762053,0.006080,0,,---,---,---,---,---,---,---,---
SDSSJ1128+2402,B,11,28,18.4774,+,24,02,17.349,Double,0.779000,172.07698930480,24.03815236240,Gaia_DR3,Inada,2014,2014AJ....147..153I,,---,,172.07704170000,24.03816670000,172.07708352295,24.03821795450,1.6080,---,2012MNRAS.419.2014J / 2014AJ....147..153I,---,,,---,--,---,,,1,DR3Gaia112818.523+240217.82,1,22,3.00330999750,36.54343,0.41954484933,44.34986,18.6214,0.14304,0,0,1,3992914344995460096,172.07698911386,0.2027,24.03815267311,0.2583,0.2525,0.2790,0.9050,0.488,-0.398,0.249,0.282,0.296,18.530628,0.007901,18.382553,0.033841,17.597788,0.030858,1.825,0.784765,18.534421,0.007925,1,J112818.49+240217.5,14.471,13.348,10.438,7.884,0.029,0.031,0.084,0.214
SDSSJ1128+2402,A,11,28,18.5227,+,24,02,17.821,Double,0.779000,172.07717774110,24.03828354660,Gaia_DR3,Inada,2014,2014AJ....147..153I,,---,,172.07704170000,24.03816670000,172.07708352295,24.03821795450,1.6080,---,2012MNRAS.419.2014J / 2014AJ....147..153I,---,,,---,--,---,,,1,DR3Gaia112818.523+240217.82,2,23,3.00331333662,45.26066,0.41954713628,63.11449,19.3478,0.16517,0,0,1,3992914344995211136,172.07717757309,0.4859,24.03828375358,0.8720,---,---,---,---,---,---,---,---,19.316751,0.008469,---,---,---,---,---,---,19.316751,0.008469,0,,---,---,---,---,---,---,---,---
B1127+385,A,11,30,00.1300,+,38,12,03.100,Double,0.707000,172.50054170000,38.20086110000,Publication,Koopmans,1999,1999MNRAS.303..727K,,---,,172.50054170000,38.20086110000,172.50066365000,38.20088265000,---,---,,---,,,---,--,---,,,0,,,---,---,---,---,---,---,---,,--,0,---,---,---,---,---,---,---,---,---,---,---,---,---,---,---,---,---,---,---,---,---,---,---,1,J113000.13+381203.0,15.818,14.700,12.121,8.338,0.043,0.051,0.401,---
B1127+385,G1,11,30,00.1534,+,38,12,03.052,Double,0.707000,172.50063920000,38.20084780000,Publication,Koopmans,1999,1999MNRAS.303..727K,,---,,172.50063920000,38.20084780000,172.50066365000,38.20088265000,---,---,,---,,,---,--,---,,,0,,,---,---,---,---,---,---,---,,--,0,---,---,---,---,---,---,---,---,---,---,---,---,---,---,---,---,---,---,---,---,---,---,---,0,,---,---,---,---,---,---,---,---
B1127+385,B,11,30,00.1885,+,38,12,03.255,Double,0.707000,172.50078560000,38.20090420000,Publication,Koopmans,1999,1999MNRAS.303..727K,,---,,172.50078560000,38.20090420000,172.50066365000,38.20088265000,---,---,,---,,,---,--,---,,,0,,,---,---,---,---,---,---,---,,--,0,---,---,---,---,---,---,---,---,---,---,---,---,---,---,---,---,---,---,---,---,---,---,---,0,,---,---,---,---,---,---,---,---
B1127+385,G2,11,30,00.1982,+,38,12,02.735,Double,0.707000,172.50082590000,38.20075970000,Publication,Koopmans,1999,1999MNRAS.303..727K,,---,,172.50082590000,38.20075970000,172.50066365000,38.20088265000,---,---,,---,,,---,--,---,,,0,,,---,---,---,---,---,---,---,,--,0,---,---,---,---,---,---,---,---,---,---,---,---,---,---,---,---,---,---,---,---,---,---,---,0,,---,---,---,---,---,---,---,---
GraLJ113100013-441959935,C,11,30,59.9228,-,44,19,59.795,Quad,1.636000,172.74967853735,-44.33327629250,Gaia_DR3,Delchambre,2019,2019A&A...622A.165D,,---,,172.74967854000,-44.33327629000,172.75005348590,-44.33331480181,1.0900,---,2021ApJ...921...42S,---,,,---,--,---,,,0,,,---,---,---,---,---,---,---,,--,1,5375888625987708288,172.74967853735,0.4189,-44.33327629250,0.4503,-0.9886,0.7109,-1.3907,1.644,-0.825,0.496,-1.422,0.585,20.200727,0.009346,---,---,18.165245,0.033519,---,---,20.200727,0.009346,0,,---,---,---,---,---,---,---,---
GraLJ113100013-441959935,G,11,31,00.0038,-,44,20,00.094,Quad,1.636000,172.75001601000,-44.33335935000,HST,Delchambre,2019,2019A&A...622A.165D,,---,,172.75001601000,-44.33335935000,172.75005348590,-44.33331480181,---,---,,---,,,---,--,---,,,0,,,---,---,---,---,---,---,---,,--,0,---,---,---,---,---,---,---,---,---,---,---,---,---,---,---,---,---,---,---,---,---,---,---,0,,---,---,---,---,---,---,---,---
GraLJ113100013-441959935,D,11,31,00.0103,-,44,20,00.881,Quad,1.636000,172.75004280399,-44.33357800444,Gaia_DR3,Delchambre,2019,2019A&A...622A.165D,,---,,172.75004863000,-44.33357935000,172.75005348590,-44.33331480181,1.0900,---,2021ApJ...921...42S,---,,,---,--,---,,,0,,,---,---,---,---,---,---,---,,--,1,5375888625987708416,172.75004280399,0.7641,-44.33357800444,0.4374,0.8350,0.7668,1.0890,0.492,0.363,1.008,-0.333,0.648,20.378521,0.010250,18.725613,0.124999,17.923157,0.103208,---,0.802456,20.382321,0.010284,0,,---,---,---,---,---,---,---,---
GraLJ113100013-441959935,B,11,31,00.0432,-,44,19,59.365,Quad,1.636000,172.75017998903,-44.33315698947,Gaia_DR3,Delchambre,2019,2019A&A...622A.165D,,---,,172.75018028000,-44.33315296000,172.75005348590,-44.33331480181,1.0900,---,2021ApJ...921...42S,---,,,---,--,---,,,0,,,---,---,---,---,---,---,---,,--,1,5375888625991787520,172.75017998903,1.0824,-44.33315698947,1.0894,---,---,---,---,---,---,---,---,19.449240,0.019783,18.675104,0.052965,17.819546,0.041566,---,0.855558,19.449240,0.019783,0,,---,---,---,---,---,---,---,---
GraLJ113100013-441959935,A,11,31,00.0750,-,44,19,59.693,Quad,1.636000,172.75031261325,-44.33324792083,Gaia_DR3,Delchambre,2019,2019A&A...622A.165D,,---,,172.75031348000,-44.33324935000,172.75005348590,-44.33331480181,1.0900,---,2021ApJ...921...42S,---,,,---,--,---,,,0,,,---,---,---,---,---,---,---,,--,1,5375888625987708032,172.75031261325,1.9302,-44.33324792083,1.5342,---,---,---,---,---,---,---,---,19.314402,0.021194,18.602736,0.038340,17.797312,0.028165,---,0.805424,19.314402,0.021194,0,,---,---,---,---,---,---,---,---
RXJ1131-1231,D,11,31,51.3698,-,12,31,58.009,Quad,3.234000,172.96404088540,-12.53278033070,Gaia_DR3,Sluse,2003,2003A&A...406L..43S,,---,,172.96428380000,-12.53194500000,172.96466555615,-12.53295778590,0.6580,---,2010A&A...518A..10V,---,,,---,--,0.29499999,KEEP(    ),EXTERNAL_NED_2003A&A...406L..43S,1,DR3Gaia113151.582-123158.88,1,25,3.01879182690,59.61689,-0.21873825945,49.98436,20.2181,0.22058,0,0,1,3586098513051815680,172.96404094730,1.3060,-12.53278032800,1.0818,-1.1429,1.7415,-0.6563,2.076,-2.075,1.679,-0.070,1.505,20.388327,0.025532,19.382868,0.111056,17.706774,0.038048,6.806,1.676094,20.384768,0.025449,0,,---,---,---,---,---,---,---,---
RXJ1131-1231,G,11,31,51.4438,-,12,31,58.288,Quad,3.234000,172.96434905330,-12.53285777260,Gaia_DR3,Sluse,2003,2003A&A...406L..43S,,---,,172.96458910000,-12.53202610000,172.96466555615,-12.53295778590,---,0.2950,2010A&A...518A..10V,---,,,---,--,0.29499999,KEEP(    ),EXTERNAL_NED_2003A&A...406L..43S,1,DR3Gaia113151.582-123158.88,5,16,3.01879716290,83.75258,-0.21873964417,72.92648,20.6680,0.14005,0,0,1,3586098513051815552,172.96435282815,7.8991,-12.53285852802,7.8472,---,---,---,---,---,---,---,---,21.610044,0.033314,---,---,---,---,---,---,21.610044,0.033314,0,,---,---,---,---,---,---,---,---
RXJ1131-1231,C,11,31,51.5423,-,12,32,00.003,Quad,3.234000,172.96475944670,-12.53333404630,Gaia_DR3,Sluse,2003,2003A&A...406L..43S,,---,,172.96500000000,-12.53250000000,172.96466555615,-12.53295778590,0.6580,---,2010A&A...518A..10V,---,,,---,--,0.65427467,,VizieR_J/ApJS/261/2/table9,1,DR3Gaia113151.582-123158.88,4,36,3.01880445600,58.08459,-0.21874792862,41.85763,19.2114,0.29378,0,0,1,3586098513051815808,172.96475937091,0.2591,-12.53333406873,0.1800,-0.2316,0.2889,-0.8017,0.701,-0.699,0.417,0.047,0.228,19.202028,0.014372,---,---,---,---,---,---,19.202028,0.014372,0,,---,---,---,---,---,---,---,---
RXJ1131-1231,A,11,31,51.5825,-,12,31,58.884,Quad,3.234000,172.96492689780,-12.53302325180,Gaia_DR3,Sluse,2003,2003A&A...406L..43S,,---,,172.96516730000,-12.53218890000,172.96466555615,-12.53295778590,0.6580,0.2950,2010A&A...518A..10V,---,,,0.647110,0,0.65427467,,VizieR_J/ApJS/261/2/table9,1,DR3Gaia113151.582-123158.88,3,36,3.01880743165,51.53055,-0.21874250543,40.97999,18.0664,0.30158,0,0,1,3586098513053631232,172.96492694151,0.1217,-12.53302327728,0.0854,0.0057,0.1365,0.0415,0.207,-0.088,0.189,-0.188,0.106,17.964573,0.015572,17.271019,0.048883,16.643654,0.039290,2.795,0.627365,17.967944,0.015619,1,J113151.54-123158.6,11.584,10.691,7.872,5.427,0.022,0.020,0.021,0.037
RXJ1131-1231,B,11,31,51.5844,-,12,31,57.697,Quad,3.234000,172.96493499470,-12.53269351480,Gaia_DR3,Sluse,2003,2003A&A...406L..43S,,---,,172.96517590000,-12.53185920000,172.96466555615,-12.53295778590,0.6580,---,2010A&A...518A..10V,---,,,---,--,0.65427467,,VizieR_J/ApJS/261/2/table9,1,DR3Gaia113151.582-123158.88,2,36,3.01880762076,49.44702,-0.21873681096,43.01523,18.5022,0.31544,0,0,1,3586098508760213248,172.96493513722,0.1993,-12.53269347378,0.1264,0.1911,0.2022,0.9449,0.181,-0.001,0.356,0.181,0.164,18.465190,0.017932,---,---,---,---,---,---,18.465190,0.017932,0,,---,---,---,---,---,---,---,---
MG1131+0456,C,11,31,56.3300,+,04,55,48.200,Double,2.826000,172.98470833333,4.93005555556,Publication,Hewitt,1988,1988Natur.333..537H,,---,,172.98470833333,4.93005555556,172.98505416667,4.93031527778,---,---,,---,,,---,--,---,,,0,,,---,---,---,---,---,---,---,,--,0,---,---,---,---,---,---,---,---,---,---,---,---,---,---,---,---,---,---,---,---,---,---,---,0,,---,---,---,---,---,---,---,---
MG1131+0456,B,11,31,56.3620,+,04,55,48.700,Double,2.826000,172.98484166667,4.93019444444,Publication,Hewitt,1988,1988Natur.333..537H,,---,,172.98484166667,4.93019444444,172.98505416667,4.93031527778,---,---,,---,,,---,--,---,,,0,,,---,---,---,---,---,---,---,,--,0,---,---,---,---,---,---,---,---,---,---,---,---,---,---,---,---,---,---,---,---,---,---,---,0,,---,---,---,---,---,---,---,---
MG1131+0456,G,11,31,56.4470,+,04,55,49.510,Double,2.826000,172.98519575000,4.93041944000,Publication,Hewitt,1988,1988Natur.333..537H,,---,,172.98519575000,4.93041944000,172.98505416667,4.93031527778,---,0.8440,2020ApJ...895L..38S,---,,,---,--,---,,,0,,,---,---,---,---,---,---,---,,--,0,---,---,---,---,---,---,---,---,---,---,---,---,---,---,---,---,---,---,---,---,---,---,---,0,,---,---,---,---,---,---,---,---
MG1131+0456,A2,11,31,56.4770,+,04,55,49.780,Double,2.826000,172.98532083333,4.93049444444,Publication,Hewitt,1988,1988Natur.333..537H,,---,,172.98532083333,4.93049444444,172.98505416667,4.93031527778,---,---,,---,,,---,--,---,,,0,,,---,---,---,---,---,---,---,,--,0,---,---,---,---,---,---,---,---,---,---,---,---,---,---,---,---,---,---,---,---,---,---,---,0,,---,---,---,---,---,---,---,---
MG1131+0456,A1,11,31,56.4830,+,04,55,49.860,Double,2.826000,172.98534583333,4.93051666667,Publication,Hewitt,1988,1988Natur.333..537H,,---,,172.98534583333,4.93051666667,172.98505416667,4.93031527778,1.8490,0.8440,2020ApJ...895L..38S,---,,,---,--,---,,,0,,,---,---,---,---,---,---,---,,--,0,---,---,---,---,---,---,---,---,---,---,---,---,---,---,---,---,---,---,---,---,---,---,---,0,,---,---,---,---,---,---,---,---
SDSSJ1131+1915,A,11,31,57.7275,+,19,15,27.727,Double,1.401000,172.99053112240,19.25770192240,Gaia_DR3,Kayo,2010,2010AJ....139.1614K,,---,,172.99052000000,19.25769690000,172.99073633060,19.25768363375,2.9150,0.3200,2010AJ....139.1614K / 2024MNRAS.530..221J,2.916,gG,DR16Q,2.911507,0,---,,,1,DR3Gaia113157.727+191527.73,2,23,3.01925435896,53.05814,0.33611021557,46.04905,18.2378,0.09723,0,0,1,3977375153318276864,172.99053112411,0.1500,19.25770192334,0.1396,-0.1180,0.1518,-0.7770,0.054,-0.007,0.172,0.054,0.155,18.163742,0.005076,18.380121,0.027850,17.645569,0.017045,1.273,0.734552,18.163742,0.005076,1,J113157.75+191527.8,14.544,13.765,10.853,8.421,0.030,0.038,0.141,0.382
SDSSJ1131+1915,B,11,31,57.8260,+,19,15,27.595,Double,1.401000,172.99094153880,19.25766534510,Gaia_DR3,Kayo,2010,2010AJ....139.1614K,,---,,172.99052000000,19.25769690000,172.99073633060,19.25768363375,2.9150,---,2010AJ....139.1614K / 2024MNRAS.530..221J,2.916,gG,DR16Q,---,--,---,,,1,DR3Gaia113157.727+191527.73,1,23,3.01926147658,62.77808,0.33610966076,62.45024,20.1698,0.19934,0,0,1,3977375153318821760,172.99094166686,0.7317,19.25766533101,0.8861,-0.2367,0.7333,-0.3227,0.617,-0.515,0.824,0.339,0.899,20.151260,0.010096,---,---,---,---,---,---,20.151260,0.010096,0,,---,---,---,---,---,---,---,---
2MASSJ11344050-2103230,C,11,34,40.4454,-,21,03,23.936,Quad,3.682000,173.66852233493,-21.05664896328,Gaia_DR3,Lucey,2018,2018MNRAS.476..927L,,---,,173.66852069000,-21.05665055000,173.66891852521,-21.05627113521,2.7700,---,2019MNRAS.486.4987R,---,,,---,--,---,,,0,,,---,---,---,---,---,---,---,,--,1,3541826024526317312,173.66852233493,0.0650,-21.05664896328,0.0494,0.0635,0.0890,0.7135,0.244,0.209,0.083,-0.125,0.062,17.252895,0.003960,17.495590,0.027786,16.674324,0.044966,---,0.821266,17.252895,0.003960,0,,---,---,---,---,---,---,---,---
2MASSJ11344050-2103230,D,11,34,40.4954,-,21,03,21.797,Quad,3.682000,173.66873087260,-21.05605462777,Gaia_DR3,Lucey,2018,2018MNRAS.476..927L,,---,,173.66872786000,-21.05605360000,173.66891852521,-21.05627113521,2.7700,---,2019MNRAS.486.4987R,---,,,---,--,---,,,0,,,---,---,---,---,---,---,---,,--,1,3541826024524572288,173.66873087260,0.2403,-21.05605462777,0.2090,-0.1541,0.3868,-0.3985,0.793,0.633,0.307,-0.477,0.331,18.923620,0.005064,---,---,---,---,---,---,18.923620,0.005064,0,,---,---,---,---,---,---,---,---
2MASSJ11344050-2103230,G,11,34,40.5308,-,21,03,22.384,Quad,3.682000,173.66887847000,-21.05621777000,HST,Lucey,2018,2018MNRAS.476..927L,,---,,173.66887847000,-21.05621777000,173.66891852521,-21.05627113521,---,---,,---,,,---,--,---,,,0,,,---,---,---,---,---,---,---,,--,0,---,---,---,---,---,---,---,---,---,---,---,---,---,---,---,---,---,---,---,---,---,---,---,0,,---,---,---,---,---,---,---,---
2MASSJ11344050-2103230,A,11,34,40.5845,-,21,03,23.163,Quad,3.682000,173.66910189934,-21.05643429266,Gaia_DR3,Lucey,2018,2018MNRAS.476..927L,,---,,173.66910082000,-21.05643527000,173.66891852521,-21.05627113521,2.7700,---,2019MNRAS.486.4987R,---,,,---,--,---,,,0,,,---,---,---,---,---,---,---,,--,1,3541826024524572544,173.66910189934,0.0663,-21.05643429266,0.0503,-0.1542,0.0901,-1.7125,0.078,-0.077,0.083,0.014,0.063,17.151566,0.005170,16.972950,0.050335,16.291147,0.032811,---,0.681803,17.155157,0.005182,0,,---,---,---,---,---,---,---,---
2MASSJ11344050-2103230,B,11,34,40.6366,-,21,03,21.408,Quad,3.682000,173.66931899397,-21.05594665712,Gaia_DR3,Lucey,2018,2018MNRAS.476..927L,,---,,173.66931899000,-21.05594666000,173.66891852521,-21.05627113521,2.7700,---,2019MNRAS.486.4987R,---,,,---,--,---,,,0,,,---,---,---,---,---,---,---,,--,1,3541826024526317568,173.66931899397,0.0613,-21.05594665712,0.0466,0.0598,0.0839,0.7128,0.107,-0.107,0.078,0.011,0.059,17.176998,0.003981,17.227531,0.054110,16.450436,0.031249,---,0.777096,17.176998,0.003981,0,,---,---,---,---,---,---,---,---
J1137-1245,A,11,37,14.9976,-,12,45,01.990,Double,2.370000,174.31248991500,-12.75055288900,Gaia_DR3,Lemon,2023,2023MNRAS.520.3305L,,---,,174.31280000000,-12.75060000000,174.31279139180,-12.75070095480,2.1800,---,2023MNRAS.520.3305L,2.180,j,LEMON4,2.201465,16,2.19147000,,VizieR_J/A+A/683/A112/lqac6,1,DR3Gaia113714.998-124501.99,1,67,3.04232680095,55.76688,-0.22253907102,53.79280,19.5588,0.18518,0,0,1,3585320123243965184,174.31248996786,0.2515,-12.75055287078,0.1903,0.2878,0.3208,0.8971,0.487,-0.419,0.397,0.247,0.224,19.529797,0.005916,19.671568,0.036195,19.140913,0.041496,1.239,0.530655,19.529797,0.005916,0,,---,---,---,---,---,---,---,---
J1137-1245,B,11,37,15.1423,-,12,45,03.056,Double,2.370000,174.31309286860,-12.75084902060,Gaia_DR3,Lemon,2023,2023MNRAS.520.3305L,,---,,174.31280000000,-12.75060000000,174.31279139180,-12.75070095480,2.1800,---,2023MNRAS.520.3305L,2.180,j,LEMON4,---,--,2.19147000,,VizieR_J/A+A/683/A112/lqac6,1,DR3Gaia113714.998-124501.99,2,31,3.04233746035,93.24857,-0.22254436194,68.40996,20.6058,0.16141,0,0,1,3585320127539799936,174.31309229362,1.1442,-12.75084870004,0.8933,-1.0947,1.6076,-0.6810,1.873,1.763,2.380,-0.633,0.987,20.824251,0.011341,20.737036,0.178948,19.540909,0.113708,2.158,1.196127,20.826393,0.011362,0,,---,---,---,---,---,---,---,---
SDSS1138+0314,C,11,38,03.6648,+,03,14,58.414,Quad,1.501000,174.51527020010,3.24955935590,Gaia_FPR,Eigenbrod,2006,2006A&A...451..759E,,---,,174.51520833330,3.24961111110,174.51548189882,3.24946179212,2.4380,---,2006A&A...451..747E,---,,,---,--,2.44523500,KEEP(0),EXTERNAL_SDSSDR18_SDSS,1,DR3Gaia113803.751+031457.64,4,4,3.04586621695,42.18794,0.05671558535,32.71680,20.6875,0.12948,0,0,0,---,---,---,---,---,---,---,---,---,---,---,---,---,---,---,---,---,---,---,---,---,---,---,1,J113803.71+031458.0,15.075,14.207,11.175,8.562,0.037,0.048,0.161,0.461
SDSS1138+0314,G,11,38,03.7000,+,03,14,58.300,Quad,1.501000,174.51541666670,3.24952777780,Publication,Eigenbrod,2006,2006A&A...451..759E,,---,,174.51541666670,3.24952777780,174.51548189882,3.24946179212,---,0.4450,2006A&A...451..747E,---,,,---,--,2.44523500,KEEP(0),EXTERNAL_SDSSDR18_SDSS,0,,,---,---,---,---,---,---,---,,--,0,---,---,---,---,---,---,---,---,---,---,---,---,---,---,---,---,---,---,---,---,---,---,---,0,,---,---,---,---,---,---,---,---
SDSS1138+0314,D,11,38,03.7042,+,03,14,57.572,Quad,1.501000,174.51543418990,3.24932568840,Gaia_FPR,Eigenbrod,2006,2006A&A...451..759E,,---,,174.51537500000,3.24936111110,174.51548189882,3.24946179212,2.4380,---,2006A&A...451..747E,---,,,---,--,2.44523500,KEEP(0),EXTERNAL_SDSSDR18_SDSS,1,DR3Gaia113803.751+031457.64,2,6,3.04586894376,78.41884,0.05671114309,22.11078,20.4453,0.29278,0,0,0,---,---,---,---,---,---,---,---,---,---,---,---,---,---,---,---,---,---,---,---,---,---,---,0,,---,---,---,---,---,---,---,---
SDSS1138+0314,B,11,38,03.7429,+,03,14,58.626,Quad,1.501000,174.51559541790,3.24961831890,Gaia_FPR,Eigenbrod,2006,2006A&A...451..759E,,---,,174.51554166670,3.24966666670,174.51548189882,3.24946179212,2.4380,---,2006A&A...451..747E,---,,,---,--,2.44523500,KEEP(0),EXTERNAL_SDSSDR18_SDSS,1,DR3Gaia113803.751+031457.64,3,5,3.04587196890,27.78530,0.05671629852,62.84217,20.5969,0.15205,0,0,0,---,---,---,---,---,---,---,---,---,---,---,---,---,---,---,---,---,---,---,---,---,---,---,0,,---,---,---,---,---,---,---,---
SDSS1138+0314,A,11,38,03.7507,+,03,14,57.638,Quad,1.501000,174.51562778740,3.24934380530,Gaia_DR3,Eigenbrod,2006,2006A&A...451..759E,,---,,174.51541670000,3.24944440000,174.51548189882,3.24946179212,2.4380,0.4450,2006A&A...451..747E,---,,,---,--,2.44523000,,VizieR_J/A+A/624/A145/lqac5,1,DR3Gaia113803.751+031457.64,1,27,3.04587224157,66.31222,0.05671177440,49.92655,19.8183,0.17134,0,0,1,3800591481917387392,174.51562721930,0.8203,3.24934460877,0.7294,-2.4480,0.9703,-2.5230,2.343,2.077,1.069,-1.086,0.972,19.777900,0.010869,19.150854,0.039390,18.581013,0.051891,2.560,0.569841,19.780950,0.010897,0,,---,---,---,---,---,---,---,---
J1146+3254,A,11,46,52.6929,+,32,54,11.557,Double,2.390000,176.71955355650,32.90321028610,Gaia_DR3,Chan,2022,2022A&A...659A.140C,,---,,176.72000000000,32.90300000000,176.71984122825,32.90298264805,2.0730,0.3000,2022A&A...659A.140C,2.073,gG,DR16,2.060447,16,---,,,1,DR3Gaia114652.693+325411.56,1,26,3.08433811377,69.80657,0.57426929658,69.06692,20.5180,0.14595,0,0,1,4024730328852846976,176.71955383755,0.9161,32.90320989961,1.0668,-0.2672,1.1908,-0.2244,0.896,0.466,1.017,-0.766,1.260,20.678143,0.012026,20.560032,0.094306,20.213526,0.136525,1.454,0.346506,20.679029,0.012035,0,,---,---,---,---,---,---,---,---
J1146+3254,G,11,46,52.8151,+,32,54,10.192,Double,2.390000,176.72006273000,32.90283112000,Publication,Chan,2022,2022A&A...659A.140C,,---,,176.72006273000,32.90283112000,176.71984122825,32.90298264805,---,0.3000,2022A&A...659A.140C,2.073,gG,DR16,2.060447,16,---,,,0,,,---,---,---,---,---,---,---,,--,0,---,---,---,---,---,---,---,---,---,---,---,---,---,---,---,---,---,---,---,---,---,---,---,1,J114652.74+325409.9,15.580,14.905,12.436,8.981,0.045,0.069,---,---
J1146+3254,B,11,46,52.8309,+,32,54,09.918,Double,2.390000,176.72012890000,32.90275501000,Publication,Chan,2022,2022A&A...659A.140C,,---,,176.72012890000,32.90275501000,176.71984122825,32.90298264805,2.0730,---,2022A&A...659A.140C,2.073,gG,DR16,2.060447,16,---,,,0,,,---,---,---,---,---,---,---,,--,0,---,---,---,---,---,---,---,---,---,---,---,---,---,---,---,---,---,---,---,---,---,---,---,0,,---,---,---,---,---,---,---,---
HSCJ115252+004733,G3,11,52,52.0000,+,00,47,33.000,Quad,4.089000,178.21666666670,0.79250000000,Publication,More,2017,2017MNRAS.465.2411M,,---,,178.21666666670,0.79250000000,178.21776333335,0.79253861110,---,---,,---,,,---,--,---,,,0,,,---,---,---,---,---,---,---,,--,0,---,---,---,---,---,---,---,---,---,---,---,---,---,---,---,---,---,---,---,---,---,---,---,0,,---,---,---,---,---,---,---,---
HSCJ115252+004733,A,11,52,52.1328,+,00,47,33.756,Quad,4.089000,178.21722000000,0.79271000000,Publication,More,2017,2017MNRAS.465.2411M,,---,,178.21722000000,0.79271000000,178.21776333335,0.79253861110,3.7600,0.4660,2017MNRAS.465.2411M,---,,,---,--,---,,,0,,,---,---,---,---,---,---,---,,--,0,---,---,---,---,---,---,---,---,---,---,---,---,---,---,---,---,---,---,---,---,---,---,---,0,,---,---,---,---,---,---,---,---
HSCJ115252+004733,G2,11,52,52.2200,+,00,47,31.400,Quad,4.089000,178.21758333330,0.79205555560,Publication,More,2017,2017MNRAS.465.2411M,,---,,178.21758333330,0.79205555560,178.21776333335,0.79253861110,---,---,,---,,,---,--,---,,,0,,,---,---,---,---,---,---,---,,--,0,---,---,---,---,---,---,---,---,---,---,---,---,---,---,---,---,---,---,---,---,---,---,---,0,,---,---,---,---,---,---,---,---
HSCJ115252+004733,C,11,52,52.2300,+,00,47,31.900,Quad,4.089000,178.21762500000,0.79219444440,Publication,More,2017,2017MNRAS.465.2411M,,---,,178.21762500000,0.79219444440,178.21776333335,0.79253861110,3.7600,---,2017MNRAS.465.2411M,---,,,---,--,---,,,0,,,---,---,---,---,---,---,---,,--,0,---,---,---,---,---,---,---,---,---,---,---,---,---,---,---,---,---,---,---,---,---,---,---,0,,---,---,---,---,---,---,---,---
HSCJ115252+004733,G1,11,52,52.2600,+,00,47,33.200,Quad,4.089000,178.21775000000,0.79255555560,Publication,More,2017,2017MNRAS.465.2411M,,---,,178.21775000000,0.79255555560,178.21776333335,0.79253861110,---,0.4660,2017MNRAS.465.2411M,---,,,---,--,---,,,0,,,---,---,---,---,---,---,---,,--,0,---,---,---,---,---,---,---,---,---,---,---,---,---,---,---,---,---,---,---,---,---,---,---,1,J115252.26+004733.1,15.179,15.041,12.093,8.851,0.039,0.080,---,---
HSCJ115252+004733,D,11,52,52.3000,+,00,47,34.500,Quad,4.089000,178.21791666670,0.79291666670,Publication,More,2017,2017MNRAS.465.2411M,,---,,178.21791666670,0.79291666670,178.21776333335,0.79253861110,3.7600,---,2017MNRAS.465.2411M,---,,,---,--,---,,,0,,,---,---,---,---,---,---,---,,--,0,---,---,---,---,---,---,---,---,---,---,---,---,---,---,---,---,---,---,---,---,---,---,---,0,,---,---,---,---,---,---,---,---
HSCJ115252+004733,B,11,52,52.3900,+,00,47,32.400,Quad,4.089000,178.21829166670,0.79233333330,Publication,More,2017,2017MNRAS.465.2411M,,---,,178.21829166670,0.79233333330,178.21776333335,0.79253861110,3.7600,---,2017MNRAS.465.2411M,---,,,---,--,---,,,0,,,---,---,---,---,---,---,---,,--,0,---,---,---,---,---,---,---,---,---,---,---,---,---,---,---,---,---,---,---,---,---,---,---,0,,---,---,---,---,---,---,---,---
COOLJ1153+0755,S,11,53,19.2480,+,07,55,57.000,Quad,0.000000,178.33020000000,7.93250000000,Publication,Kisare,2024,2024arXiv240803379C,,---,,178.33020000000,7.93250000000,178.33020000000,7.93250000000,1.5241,0.4200,2024arXiv240803379C,---,,,---,--,0.42970050,KEEP(0),EXTERNAL_SDSSDR18_SDSS,0,,,---,---,---,---,---,---,---,,--,0,---,---,---,---,---,---,---,---,---,---,---,---,---,---,---,---,---,---,---,---,---,---,---,1,J115319.26+075556.0,14.341,14.190,12.124,8.712,0.029,0.048,---,0.467
SDSS1155+6346,B,11,55,17.0874,+,63,46,21.691,Double,1.933000,178.82119754550,63.77269186500,Gaia_DR3,Pindor,2004,2004AJ....127.1318P,,---,,178.82348780000,63.77289000000,178.82179159925,63.77274805200,2.8900,---,2010A&A...518A..10V,2.902,gG,DR16Q,2.897318,0,---,,,1,DR3Gaia115517.372+634622.10,1,50,3.12101872703,62.90758,1.11304346651,51.15475,18.9519,0.11606,0,0,1,863270765591421184,178.82119757852,0.1446,63.77269187029,0.1513,-0.0067,0.1845,-0.0361,0.053,0.036,0.173,0.039,0.182,18.861404,0.005393,18.636543,0.036552,17.572893,0.036679,2.271,1.063650,18.864467,0.005404,0,,---,---,---,---,---,---,---,---
SDSS1155+6346,G,11,55,17.2800,+,63,46,21.829,Double,1.933000,178.82200007100,63.77273034150,Publication,Pindor,2004,2004AJ....127.1318P,,---,,178.82208333330,63.77277777780,178.82179159925,63.77274805200,---,0.1760,2010A&A...518A..10V,2.902,gG,DR16Q,---,--,---,,,0,,,---,---,---,---,---,---,---,,--,0,---,---,---,---,---,---,---,---,---,---,---,---,---,---,---,---,---,---,---,---,---,---,---,1,J115517.28+634622.1,13.831,13.359,10.692,8.277,0.025,0.030,0.081,0.272
SDSS1155+6346,A,11,55,17.3726,+,63,46,22.095,Double,1.933000,178.82238565300,63.77280423900,Gaia_DR3,Pindor,2004,2004AJ....127.1318P,,---,,178.82229170000,63.77277780000,178.82179159925,63.77274805200,2.8900,0.1760,2010A&A...518A..10V,2.902,gG,DR16Q,---,--,---,,,1,DR3Gaia115517.372+634622.10,2,51,3.12103881801,71.42951,1.11304532966,59.96992,19.2626,0.14767,0,0,1,863270769886565376,178.82238526128,0.5435,63.77280510123,0.6247,1.0053,0.7486,1.3430,1.725,-0.061,0.644,-1.724,0.735,19.700336,0.014461,---,---,---,---,---,---,19.700336,0.014461,0,,---,---,---,---,---,---,---,---
B1152+199,G2,11,55,18.2950,+,19,39,41.159,Double,1.534000,178.82622910000,19.66143310000,Publication,Myers,1999,1999AJ....117.2565M,,---,,178.82622910000,19.66143310000,178.82636445140,19.66155751765,---,---,,---,,,---,--,---,,,0,,,---,---,---,---,---,---,---,,--,0,---,---,---,---,---,---,---,---,---,---,---,---,---,---,---,---,---,---,---,---,---,---,---,1,J115518.31+193941.8,12.877,11.581,8.904,6.662,0.024,0.021,0.027,0.085
B1152+199,A,11,55,18.2956,+,19,39,42.228,Double,1.534000,178.82623183750,19.66173010730,Gaia_DR3,Myers,1999,1999AJ....117.2565M,,---,,178.82625000000,19.66172220000,178.82636445140,19.66155751765,1.0190,0.4390,2002A&ARv..10..263C,---,,,---,--,---,,,1,DR3Gaia115518.296+193942.23,1,45,3.12110658476,50.57116,0.34316187825,41.02793,17.4719,0.28313,0,0,1,3975233510826944640,178.82623185784,0.0860,19.66173009585,0.0673,-0.0408,0.0859,-0.4748,0.125,0.125,0.103,-0.007,0.075,17.323948,0.012867,17.419632,0.041552,16.927380,0.036400,1.271,0.492252,17.323948,0.012867,0,,---,---,---,---,---,---,---,---
B1152+199,G1,11,55,18.3389,+,19,39,41.222,Double,1.534000,178.82641190000,19.66145060000,Publication,Myers,1999,1999AJ....117.2565M,,---,,178.82641190000,19.66145060000,178.82636445140,19.66155751765,---,0.4390,2002A&ARv..10..263C,---,,,---,--,---,,,0,,,---,---,---,---,---,---,---,,--,0,---,---,---,---,---,---,---,---,---,---,---,---,---,---,---,---,---,---,---,---,---,---,---,0,,---,---,---,---,---,---,---,---
B1152+199,B,11,55,18.3593,+,19,39,40.986,Double,1.534000,178.82649706530,19.66138492800,Publication,Myers,1999,1999AJ....117.2565M,,---,,178.82652610000,19.66137610000,178.82636445140,19.66155751765,1.0190,---,2002A&ARv..10..263C,---,,,---,--,---,,,0,,,---,---,---,---,---,---,---,,--,0,---,---,---,---,---,---,---,---,---,---,---,---,---,---,---,---,---,---,---,---,---,---,---,0,,---,---,---,---,---,---,---,---
J1201+4013,A,12,01,18.9199,+,40,13,18.066,Double,1.625000,180.32883296970,40.22168504300,Gaia_DR3,Chan,2022,2022A&A...659A.140C,,---,,180.32900000000,40.22200000000,180.32895536100,40.22147962770,1.9400,0.4000,2022A&A...659A.140C,1.939,gG,DR16Q,1.940970,0,---,,,1,DR3Gaia120118.920+401318.07,1,52,3.14733192561,42.29483,0.70200089411,58.33494,18.8612,0.16023,0,0,1,4034893900807493248,180.32883300175,0.1043,40.22168506510,0.1442,0.0569,0.2280,0.2497,0.129,0.057,0.171,-0.116,0.158,18.767813,0.004725,18.909174,0.030534,18.257866,0.028982,1.310,0.651308,18.767813,0.004725,1,J120118.92+401317.5,15.216,14.100,10.931,8.846,0.037,0.039,0.118,0.407
J1201+4013,B,12,01,18.9787,+,40,13,16.587,Double,1.625000,180.32907775230,40.22127421240,Gaia_DR3,Chan,2022,2022A&A...659A.140C,,---,,180.32900000000,40.22200000000,180.32895536100,40.22147962770,1.9400,---,2022A&A...659A.140C,1.939,gG,DR16Q,---,--,---,,,1,DR3Gaia120118.920+401318.07,2,22,3.14733611046,42.06176,0.70199382274,68.30570,20.5518,0.15486,0,0,1,4034893905102447872,180.32907652743,1.0716,40.22127339000,4.0567,---,---,---,---,---,---,---,---,20.870514,0.019725,---,---,---,---,---,---,20.870514,0.019725,0,,---,---,---,---,---,---,---,---
SDSS1206+4332,G2,12,06,29.5210,+,43,32,23.543,Double,3.029000,181.62300408000,43.53987304000,Publication,Oguri,2005,2005ApJ...622..106O,,---,,181.62300408000,43.53987304000,181.62357621425,43.53863842220,---,---,,---,,,---,--,---,,,0,,,---,---,---,---,---,---,---,,--,0,---,---,---,---,---,---,---,---,---,---,---,---,---,---,---,---,---,---,---,---,---,---,---,0,,---,---,---,---,---,---,---,---
SDSS1206+4332,A,12,06,29.6573,+,43,32,17.584,Double,3.029000,181.62357198170,43.53821776640,Gaia_DR3,Oguri,2005,2005ApJ...622..106O,,---,,181.62352620000,43.53821270000,181.62357621425,43.53863842220,1.7890,0.7480,2010A&A...518A..10V,1.793,gG,DR16Q,1.787547,0,---,,,1,DR3Gaia120629.659+433220.61,2,48,3.16992936454,54.91190,0.75988525781,56.80520,18.8464,0.14634,0,0,1,1537658249711963904,181.62357186274,0.1445,43.53821769167,0.1182,0.3179,0.2142,1.4838,0.401,0.300,0.165,-0.266,0.167,18.784561,0.007517,18.955223,0.033493,18.284138,0.030978,1.287,0.671085,18.784561,0.007517,0,,---,---,---,---,---,---,---,---
SDSS1206+4332,B,12,06,29.6593,+,43,32,20.613,Double,3.029000,181.62358044680,43.53905907800,Gaia_DR3,Oguri,2005,2005ApJ...622..106O,,---,,181.62351280000,43.53905360000,181.62357621425,43.53863842220,1.7890,---,2010A&A...518A..10V,1.793,gG,DR16Q,1.795171,0,---,,,1,DR3Gaia120629.659+433220.61,1,48,3.16992948911,47.72627,0.75989993720,50.00879,18.8604,0.26515,0,0,1,1537658352791579776,181.62358045589,0.1475,43.53905907453,0.1226,-0.0278,0.2145,-0.1297,0.042,0.039,0.170,0.014,0.171,18.770070,0.012831,18.736050,0.068424,18.122168,0.066481,1.513,0.613882,18.770070,0.012831,0,,---,---,---,---,---,---,---,---
SDSS1206+4332,G1,12,06,29.6951,+,43,32,19.401,Double,3.029000,181.62372947000,43.53872249000,Publication,Oguri,2005,2005ApJ...622..106O,,---,,181.62372947000,43.53872249000,181.62357621425,43.53863842220,---,0.7480,2010A&A...518A..10V,1.793,gG,DR16Q,---,--,---,,,0,,,---,---,---,---,---,---,---,,--,0,---,---,---,---,---,---,---,---,---,---,---,---,---,---,---,---,---,---,---,---,---,---,---,1,J120629.68+433219.4,13.905,13.016,10.236,7.883,0.026,0.027,0.062,0.181
SDSS1206+4332,G3,12,06,29.8322,+,43,32,19.937,Double,3.029000,181.62430081000,43.53887138000,Publication,Oguri,2005,2005ApJ...622..106O,,---,,181.62430081000,43.53887138000,181.62357621425,43.53863842220,---,---,,1.793,gG,DR16Q,---,--,---,,,0,,,---,---,---,---,---,---,---,,--,0,---,---,---,---,---,---,---,---,---,---,---,---,---,---,---,---,---,---,---,---,---,---,---,0,,---,---,---,---,---,---,---,---
J1209-1929,A,12,09,26.7108,-,19,29,16.978,Double,1.451000,182.36129498210,-19.48804932830,Gaia_DR3,Lemon,2023,2023MNRAS.520.3305L,,---,,182.36150000000,-19.48790000000,182.36150848980,-19.48806011145,2.9100,---,2023MNRAS.520.3305L,2.910,pG,LEMON4,2.912449,0,---,,,1,DR3Gaia120926.711-192916.98,1,51,3.18280496864,58.90844,-0.34013055668,58.24951,19.5193,0.22059,0,0,1,3518633402989658112,182.36129493332,0.3260,-19.48804929750,0.2999,-0.1999,0.4022,-0.4971,0.580,0.336,0.466,-0.473,0.390,19.397196,0.007070,19.381445,0.046070,18.793650,0.040254,1.470,0.587795,19.397196,0.007070,0,,---,---,---,---,---,---,---,---
J1209-1929,B,12,09,26.8133,-,19,29,17.055,Double,1.451000,182.36172199750,-19.48807089460,Gaia_DR3,Lemon,2023,2023MNRAS.520.3305L,,---,,182.36150000000,-19.48790000000,182.36150848980,-19.48806011145,2.9100,---,2023MNRAS.520.3305L,2.910,pG,LEMON4,---,--,---,,,1,DR3Gaia120926.711-192916.98,3,34,3.18281245549,70.78138,-0.34013096743,71.16793,20.4513,0.17107,0,0,1,3518633407284572032,182.36172228904,1.0256,-19.48807097792,1.1538,-0.3620,1.3076,-0.2768,1.022,-0.944,1.343,-0.391,1.375,20.592970,0.009942,---,---,---,---,---,---,20.592970,0.009942,0,,---,---,---,---,---,---,---,---
J121533-005842,S,12,15,33.4800,-,00,58,42.816,Double,0.000000,183.88950000000,-0.97856000000,Publication,Shu,2025,2025arXiv250516158S,,---,,183.88950000000,-0.97856000000,183.88950000000,-0.97856000000,2.8817,0.4591,2025arXiv250516158S,---,,,---,--,---,,,0,,,---,---,---,---,---,---,---,,--,0,---,---,---,---,---,---,---,---,---,---,---,---,---,---,---,---,---,---,---,---,---,---,---,0,,---,---,---,---,---,---,---,---
J121646.04+352941.5,G2,12,16,45.4304,+,35,29,28.948,Double,1.490000,184.18929338000,35.49137448000,Publication,Rusu,2016,2016MNRAS.458....2R,,---,,184.18929338000,35.49137448000,184.19160177795,35.49489585240,---,---,2010A&A...518A..10V,---,,,---,--,---,,,0,,,---,---,---,---,---,---,---,,--,0,---,---,---,---,---,---,---,---,---,---,---,---,---,---,---,---,---,---,---,---,---,---,---,1,J121645.46+352928.6,15.856,15.992,12.374,8.584,0.048,0.144,---,---
J121646.04+352941.5,G3,12,16,45.8995,+,35,29,44.381,Double,1.490000,184.19124789000,35.49566142000,Publication,Rusu,2016,2016MNRAS.458....2R,,---,,184.19124789000,35.49566142000,184.19160177795,35.49489585240,---,---,2010A&A...518A..10V,---,,,---,--,---,,,0,,,---,---,---,---,---,---,---,,--,0,---,---,---,---,---,---,---,---,---,---,---,---,---,---,---,---,---,---,---,---,---,---,---,0,,---,---,---,---,---,---,---,---
J121646.04+352941.5,B,12,16,45.9235,+,35,29,41.672,Double,1.490000,184.19134802230,35.49490889590,Gaia_DR3,Rusu,2016,2016MNRAS.458....2R,,---,,184.19237650000,35.49488800000,184.19160177795,35.49489585240,2.0120,---,2010A&A...518A..10V,---,,,---,--,---,,,1,DR3Gaia121646.045+352941.58,2,43,3.21474542636,56.58061,0.61950305615,53.44024,19.7624,0.15808,0,0,1,4029169843274516736,184.19134792030,0.2886,35.49490881704,0.3686,0.2329,0.4398,0.5296,0.181,-0.070,0.299,-0.168,0.477,19.726276,0.008338,---,---,---,---,---,---,19.726276,0.008338,1,J121646.00+352941.8,15.126,14.180,11.134,8.680,0.035,0.043,0.122,0.296
J121646.04+352941.5,G1,12,16,45.9499,+,35,29,41.591,Double,1.490000,184.19145806000,35.49488642000,Publication,Rusu,2016,2016MNRAS.458....2R,,---,,184.19145806000,35.49488642000,184.19160177795,35.49489585240,---,---,2010A&A...518A..10V,---,,,---,--,---,,,0,,,---,---,---,---,---,---,---,,--,0,---,---,---,---,---,---,---,---,---,---,---,---,---,---,---,---,---,---,---,---,---,---,---,0,,---,---,---,---,---,---,---,---
J121646.04+352941.5,A,12,16,46.0453,+,35,29,41.578,Double,1.490000,184.19185553360,35.49488280890,Gaia_DR3,Rusu,2016,2016MNRAS.458....2R,,---,,184.19187010000,35.49486110000,184.19160177795,35.49489585240,2.0120,---,2010A&A...518A..10V,---,,,2.008359,0,---,,,1,DR3Gaia121646.045+352941.58,1,44,3.21475439154,45.08892,0.61950256634,46.51244,18.7493,0.17642,0,0,1,4029169843273586176,184.19185546060,0.1186,35.49488281568,0.1281,0.0801,0.1619,0.4945,0.326,0.192,0.121,0.264,0.169,18.632793,0.005487,18.636320,0.028077,18.028030,0.066945,1.458,0.608290,18.632793,0.005487,0,,---,---,---,---,---,---,---,---
J122018+011253,S,12,20,18.9528,+,01,12,53.892,Double,0.000000,185.07897000000,1.21497000000,Publication,Shu,2025,2025arXiv250516158S,,---,,185.07897000000,1.21497000000,185.07897000000,1.21497000000,1.7081,0.4875,2025arXiv250516158S,---,,,---,--,---,,,0,,,---,---,---,---,---,---,---,,--,0,---,---,---,---,---,---,---,---,---,---,---,---,---,---,---,---,---,---,---,---,---,---,---,0,,---,---,---,---,---,---,---,---
J1220+0112,S,12,20,18.9605,+,01,12,54.594,Double,0.000000,185.07900200000,1.21516500000,Publication,He,2025,2025arXiv250903858H,,---,,185.07900200000,1.21516500000,185.07900200000,1.21516500000,1.7081,0.4875,2025arXiv250903858H,---,,,---,--,---,,,0,,,---,---,---,---,---,---,---,,--,0,---,---,---,---,---,---,---,---,---,---,---,---,---,---,---,---,---,---,---,---,---,---,---,0,,---,---,---,---,---,---,---,---
SDSS1226-0006,A,12,26,08.0156,-,00,06,02.292,Double,1.259000,186.53339817320,-0.10063679300,Gaia_DR3,Eigenbrod,2006,2006A&A...451..759E,,---,,186.53409920000,-0.10057110000,186.53357280385,-0.10064432590,1.1210,0.5170,2006A&A...451..747E,---,,,1.107365,0,1.12285300,KEEP(0),EXTERNAL_SDSSDR18_SDSS,1,DR3Gaia122608.099-000602.35,1,49,3.25562198121,68.36968,-0.00175641403,41.61298,18.3514,0.16823,0,0,1,3696663890512658048,186.53339820907,0.1530,-0.10063682175,0.1136,-0.0476,0.1975,-0.2411,0.615,0.316,0.204,-0.527,0.158,18.230370,0.006117,18.217539,0.024642,17.473158,0.022589,1.579,0.744381,18.230370,0.006117,1,J122608.04-000602.2,14.307,13.267,10.768,8.337,0.030,0.038,0.118,0.331
SDSS1226-0006,B,12,26,08.0994,-,00,06,02.347,Double,1.259000,186.53374743450,-0.10065185880,Gaia_DR3,Eigenbrod,2006,2006A&A...451..759E,,---,,186.53375000000,-0.10055560000,186.53357280385,-0.10064432590,1.1210,---,2006A&A...451..747E,---,,,---,--,1.11800000,,VizieR_J/ApJ/736/42/tables,1,DR3Gaia122608.099-000602.35,2,51,3.25562797055,62.21937,-0.00175665849,72.48503,19.4069,0.18797,0,0,1,3696663890514240640,186.53374732900,0.3923,-0.10065186355,0.4861,0.1714,0.4381,0.3914,0.392,0.392,0.581,-0.023,0.801,19.338505,0.010125,---,---,---,---,---,---,19.338505,0.010125,0,,---,---,---,---,---,---,---,---
SDSS1226-0006,G,12,26,08.1330,-,00,05,59.116,Double,1.259000,186.53388737333,-0.09975453778,Publication,Eigenbrod,2006,2006A&A...451..759E,,---,,186.53388737333,-0.09975453778,186.53357280385,-0.10064432590,---,0.5170,2006A&A...451..747E,---,,,---,--,1.11800000,,VizieR_J/ApJ/736/42/tables,0,,,---,---,---,---,---,---,---,,--,0,---,---,---,---,---,---,---,---,---,---,---,---,---,---,---,---,---,---,---,---,---,---,---,0,,---,---,---,---,---,---,---,---
J1233-0227,A,12,33,18.2777,-,35,42,56.768,Double,2.024000,188.32615711760,-35.71576900670,Gaia_DR3,Lemon,2023,2023MNRAS.520.3305L,,---,,188.32610000000,-35.71600000000,188.32619627015,-35.71604838150,1.5980,0.3450,2023MNRAS.520.3305L,2.280,j,LEMON4,2.272260,0,2.27226000,,VizieR_J/A+A/683/A112/lqac6,1,DR3Gaia123318.278-354256.77,1,45,3.28691148645,57.59666,-0.62335781695,47.56417,18.5611,0.08781,0,0,1,6157733885457412096,188.32615710035,0.1430,-35.71576897947,0.1239,0.0305,0.2047,0.1491,0.042,0.022,0.163,0.036,0.140,18.533249,0.003348,18.589153,0.029607,17.870052,0.020850,1.464,0.719101,18.533249,0.003348,1,J123318.27-354257.4,14.546,13.865,10.741,8.290,0.028,0.035,0.075,0.219
J1233-0227,B,12,33,18.2965,-,35,42,58.780,Double,2.024000,188.32623542270,-35.71632775630,Gaia_DR3,Lemon,2023,2023MNRAS.520.3305L,,---,,188.32610000000,-35.71600000000,188.32619627015,-35.71604838150,1.5980,---,2023MNRAS.520.3305L,2.280,j,LEMON4,---,--,2.27226000,,VizieR_J/A+A/683/A112/lqac6,1,DR3Gaia123318.278-354256.77,2,47,3.28691289271,58.73927,-0.62336755868,65.09682,19.5821,0.11799,0,0,1,6157733889751734528,188.32623545110,0.3545,-35.71632782405,0.2495,0.0480,0.4068,0.1180,0.629,0.438,0.372,0.452,0.278,19.581623,0.005103,19.602032,0.068977,18.659008,0.031552,1.696,0.943024,19.585217,0.005115,0,,---,---,---,---,---,---,---,---
J1233-3542,B,12,33,41.2123,-,02,27,36.872,Double,1.758000,188.42171810090,-2.46024230900,Gaia_DR3,Lemon,2023,2023MNRAS.520.3305L,,---,,188.42190000000,-2.46040000000,188.42184816360,-2.46044905060,2.2800,---,2023MNRAS.520.3305L,1.598,p,LEMON4,---,--,1.60014000,,VizieR_J/A+A/683/A112/lqac6,1,DR3Gaia123341.275-022738.36,2,31,3.28857948178,64.95833,-0.04293941395,61.70417,20.0081,0.16337,0,0,1,3681691771957505536,188.42171799902,0.7334,-2.46024246700,0.4696,-0.5459,0.9262,-0.5894,2.560,-1.573,1.085,2.020,0.887,20.063720,0.012387,19.940180,0.228778,18.721458,0.031553,2.262,1.218721,20.065672,0.012409,1,J123341.25-022737.5,14.933,14.063,11.709,8.158,0.036,0.044,0.270,---
J1233-3542,A,12,33,41.2748,-,02,27,38.361,Double,1.758000,188.42197822630,-2.46065579220,Gaia_DR3,Lemon,2023,2023MNRAS.520.3305L,,---,,188.42190000000,-2.46040000000,188.42184816360,-2.46044905060,2.2800,0.3450,2023MNRAS.520.3305L,1.598,p,LEMON4,---,--,1.60014000,,VizieR_J/A+A/683/A112/lqac6,1,DR3Gaia123341.275-022738.36,1,32,3.28858391094,72.54489,-0.04294656198,58.82637,19.8022,0.17818,0,0,1,3681691771958753664,188.42197831723,0.5874,-2.46065580373,0.3361,0.8070,0.7236,1.1153,1.164,-1.164,0.807,-0.011,0.530,19.813599,0.014128,19.785286,0.076405,18.834923,0.069477,1.781,0.950363,19.817169,0.014172,0,,---,---,---,---,---,---,---,---
J1237+3340,B,12,37,00.8880,+,33,40,55.200,Double,1.020000,189.25370000000,33.68200000000,Publication,Lemon,2023,2023MNRAS.520.3305L,,---,,189.25370000000,33.68200000000,189.25375379320,33.68186552260,1.7950,---,2023MNRAS.520.3305L,1.795,p+,LEMON4,---,--,---,,,0,,,---,---,---,---,---,---,---,,--,0,---,---,---,---,---,---,---,---,---,---,---,---,---,---,---,---,---,---,---,---,---,---,---,1,J123700.88+334055.1,15.429,14.956,12.415,8.823,0.041,0.067,0.395,---
J1237+3340,A,12,37,00.9138,+,33,40,54.232,Double,1.020000,189.25380758640,33.68173104520,Gaia_DR3,Lemon,2023,2023MNRAS.520.3305L,,---,,189.25370000000,33.68200000000,189.25375379320,33.68186552260,1.7950,0.3500,2023MNRAS.520.3305L,1.795,p+,LEMON4,---,--,---,,,0,,,---,---,---,---,---,---,---,,--,1,1517856839865399680,189.25380837476,2.7160,33.68173159655,1.9374,---,---,---,---,---,---,---,---,20.890312,0.027413,20.698917,0.114997,19.396128,0.123645,2.532,1.302790,20.890312,0.027413,0,,---,---,---,---,---,---,---,---
J1238+2846,G,12,38,42.6672,+,28,46,58.692,Double,2.439000,189.67778000000,28.78297000000,Publication,Lemon,2019,2019MNRAS.483.4242L,,---,,189.67778000000,28.78297000000,189.67785623835,28.78298999730,---,---,2019MNRAS.483.4242L,---,,,---,--,---,,,0,,,---,---,---,---,---,---,---,,--,0,---,---,---,---,---,---,---,---,---,---,---,---,---,---,---,---,---,---,---,---,---,---,---,1,J123842.66+284658.6,15.233,14.348,11.443,8.494,0.037,0.048,0.172,0.301
J1238+2846,A,12,38,42.6709,+,28,46,57.560,Double,2.439000,189.67779521400,28.78265549860,Gaia_DR3,Lemon,2019,2019MNRAS.483.4242L,,---,,189.67778000000,28.78297000000,189.67785623835,28.78298999730,2.3550,---,2019MNRAS.483.4242L,---,,,---,--,---,,,1,DR3Gaia123842.671+284657.56,2,16,3.31050208768,59.08361,0.50235194281,85.48373,20.5840,0.14723,0,0,1,4010648879140787584,189.67779485876,1.2861,28.78265541635,0.8140,0.4008,2.1604,0.1855,1.993,-1.211,1.129,-1.583,1.786,20.651402,0.012927,20.407503,0.141860,20.194002,0.148621,1.549,0.213501,20.650870,0.012921,0,,---,---,---,---,---,---,---,---
J1238+2846,B,12,38,42.7001,+,28,46,59.968,Double,2.439000,189.67791726270,28.78332449600,Gaia_DR3,Lemon,2019,2019MNRAS.483.4242L,,---,,189.67778000000,28.78297000000,189.67785623835,28.78298999730,2.3550,---,2019MNRAS.483.4242L,---,,,---,--,---,,,1,DR3Gaia123842.671+284657.56,1,11,3.31050415189,47.35736,0.50236364823,61.12594,20.5298,0.11320,0,0,1,4010648879142965376,189.67791652869,2.2110,28.78332499296,1.3004,---,---,---,---,---,---,---,---,20.725035,0.016713,20.537070,0.281588,20.131714,0.133595,1.589,0.405355,20.725035,0.016713,0,,---,---,---,---,---,---,---,---
J1247-3253,B,12,47,56.4473,-,32,53,31.397,Double,1.852000,191.98519715620,-32.89205484340,Gaia_DR3,Lemon,2023,2023MNRAS.520.3305L,,---,,191.98550000000,-32.89190000000,191.98546993020,-32.89193779655,1.6600,---,2023MNRAS.520.3305L,---,,,---,--,1.65328000,,VizieR_J/A+A/683/A112/lqac6,1,DR3Gaia124756.578-325330.55,1,49,3.35077392229,52.07928,-0.57407469780,39.77102,19.1760,0.14327,0,0,1,6159550763998010624,191.98519720473,0.2370,-32.89205490981,0.1994,0.3359,0.3450,0.9739,0.689,-0.617,0.292,0.307,0.312,19.132257,0.005866,---,---,---,---,---,---,19.132257,0.005866,0,,---,---,---,---,---,---,---,---
J1247-3253,A,12,47,56.5782,-,32,53,30.555,Double,1.852000,191.98574270420,-32.89182074970,Gaia_DR3,Lemon,2023,2023MNRAS.520.3305L,,---,,191.98550000000,-32.89190000000,191.98546993020,-32.89193779655,1.6600,---,2023MNRAS.520.3305L,---,,,1.653284,0,1.65328000,,VizieR_J/A+A/683/A112/lqac6,1,DR3Gaia124756.578-325330.55,2,50,3.35078337385,51.60264,-0.57407056407,45.80503,18.3997,0.14830,0,0,1,6159550763996866944,191.98574273234,0.1306,-32.89182071622,0.0961,-0.0795,0.1702,-0.4668,0.117,0.096,0.150,-0.067,0.111,18.340832,0.005877,18.445402,0.026262,17.688383,0.018471,1.426,0.757019,18.340832,0.005877,1,J124756.52-325330.9,14.180,12.928,9.942,7.563,0.027,0.026,0.045,0.124
SDSSJ125107.57+293540.5,D,12,51,07.4671,+,29,35,41.324,Quad,1.877000,192.78111297496,29.59481226693,Gaia_DR3,Inada,2012,2012AJ....143..119I,,---,,192.78111438000,29.59481189000,192.78150632108,29.59470573257,0.8020,0.4100,2010A&A...518A..10V,---,,,---,--,---,,,0,,,---,---,---,---,---,---,---,,--,1,1464911712855831936,192.78111297496,32.2390,29.59481226693,8.7574,---,---,---,---,---,---,---,---,21.065393,0.031127,---,---,---,---,---,---,21.065393,0.031127,0,,---,---,---,---,---,---,---,---
SDSSJ125107.57+293540.5,G,12,51,07.5495,+,29,35,40.995,Quad,1.877000,192.78145620000,29.59472078000,HST,Inada,2012,2012AJ....143..119I,,---,,192.78145620000,29.59472078000,192.78150632108,29.59470573257,---,0.4100,2010A&A...518A..10V,---,,,---,--,---,,,0,,,---,---,---,---,---,---,---,,--,0,---,---,---,---,---,---,---,---,---,---,---,---,---,---,---,---,---,---,---,---,---,---,---,0,,---,---,---,---,---,---,---,---
SDSSJ125107.57+293540.5,B,12,51,07.5762,+,29,35,40.367,Quad,1.877000,192.78156736935,29.59454633334,Gaia_DR3,Inada,2012,2012AJ....143..119I,,---,,192.78156737000,29.59454633000,192.78150632108,29.59470573257,0.8020,---,2010A&A...518A..10V,---,,,---,--,---,,,0,,,---,---,---,---,---,---,---,,--,1,1464911708560136064,192.78156736935,0.2613,29.59454633334,0.1683,-0.4831,0.3238,-1.4917,0.895,0.790,0.278,-0.420,0.250,18.975925,0.013896,18.524889,0.035018,17.845781,0.030520,---,0.679108,18.979507,0.013940,0,,---,---,---,---,---,---,---,---
SDSSJ125107.57+293540.5,C,12,51,07.5989,+,29,35,41.331,Quad,1.877000,192.78166193000,29.59481411000,HST,Inada,2012,2012AJ....143..119I,,---,,192.78166193000,29.59481411000,192.78150632108,29.59470573257,0.8020,---,2010A&A...518A..10V,---,,,---,--,---,,,0,,,---,---,---,---,---,---,---,,--,0,---,---,---,---,---,---,---,---,---,---,---,---,---,---,---,---,---,---,---,---,---,---,---,0,,---,---,---,---,---,---,---,---
SDSSJ125107.57+293540.5,A,12,51,07.6039,+,29,35,40.741,Quad,1.877000,192.78168301000,29.59465022000,HST,Inada,2012,2012AJ....143..119I,,---,,192.78168301000,29.59465022000,192.78150632108,29.59470573257,0.8020,---,2010A&A...518A..10V,---,,,---,--,---,,,0,,,---,---,---,---,---,---,---,,--,0,---,---,---,---,---,---,---,---,---,---,---,---,---,---,---,---,---,---,---,---,---,---,---,0,,---,---,---,---,---,---,---,---
HST12531-2914,B,12,53,06.5300,-,29,14,30.700,Quad,1.369000,193.27720833330,-29.24186111110,Publication,Ratnatunga,1995,1995ApJ...453L...5R,,---,,193.27720833333,-29.24186111111,193.27741666665,-29.24190277777,---,---,2002A&ARv..10..263C,---,,,---,--,---,,,0,,,---,---,---,---,---,---,---,,--,0,---,---,---,---,---,---,---,---,---,---,---,---,---,---,---,---,---,---,---,---,---,---,---,1,J125306.55-291431.4,17.503,17.265,12.207,9.308,0.158,0.469,---,---
HST12531-2914,D,12,53,06.5700,-,29,14,31.300,Quad,1.369000,193.27737500000,-29.24202777780,Publication,Ratnatunga,1995,1995ApJ...453L...5R,,---,,193.27737500000,-29.24202777778,193.27741666665,-29.24190277777,---,---,2002A&ARv..10..263C,---,,,---,--,---,,,0,,,---,---,---,---,---,---,---,,--,0,---,---,---,---,---,---,---,---,---,---,---,---,---,---,---,---,---,---,---,---,---,---,---,0,,---,---,---,---,---,---,---,---
HST12531-2914,A,12,53,06.5900,-,29,14,30.300,Quad,1.369000,193.27745833330,-29.24175000000,Publication,Ratnatunga,1995,1995ApJ...453L...5R,,---,,193.27745833333,-29.24175000000,193.27741666665,-29.24190277777,---,0.0790,2002A&ARv..10..263C,---,,,---,--,---,,,0,,,---,---,---,---,---,---,---,,--,0,---,---,---,---,---,---,---,---,---,---,---,---,---,---,---,---,---,---,---,---,---,---,---,0,,---,---,---,---,---,---,---,---
HST12531-2914,G,12,53,06.5900,-,29,14,30.700,Quad,1.369000,193.27745833330,-29.24186111110,Publication,Ratnatunga,1995,1995ApJ...453L...5R,,---,,193.27745833333,-29.24186111111,193.27741666665,-29.24190277777,---,0.0790,2002A&ARv..10..263C,---,,,---,--,---,,,0,,,---,---,---,---,---,---,---,,--,0,---,---,---,---,---,---,---,---,---,---,---,---,---,---,---,---,---,---,---,---,---,---,---,0,,---,---,---,---,---,---,---,---
HST12531-2914,C,12,53,06.6300,-,29,14,31.100,Quad,1.369000,193.27762500000,-29.24197222220,Publication,Ratnatunga,1995,1995ApJ...453L...5R,,---,,193.27762500000,-29.24197222222,193.27741666665,-29.24190277777,---,---,2002A&ARv..10..263C,---,,,---,--,---,,,0,,,---,---,---,---,---,---,---,,--,0,---,---,---,---,---,---,---,---,---,---,---,---,---,---,---,---,---,---,---,---,---,---,---,0,,---,---,---,---,---,---,---,---
SDSSJ12544+2235,A,12,54,18.9415,+,22,35,36.466,Double,1.562000,193.57892278060,22.59346278340,Gaia_DR3,Rusu,2016,2016MNRAS.458....2R,,---,,193.57895410000,22.59348400000,193.57914041780,22.59338098930,3.6260,0.3000,2010A&A...518A..10V / 2024MNRAS.530..221J,3.626,gG,SQLS,3.666873,16,---,,,1,DR3Gaia125418.941+223536.47,2,32,3.37858963117,59.29911,0.39433025785,49.65844,19.9492,0.13581,0,0,1,3956501195648081920,193.57892282781,0.4733,22.59346258559,0.3195,-0.9430,0.6163,-1.5300,1.227,1.150,0.639,-0.427,0.656,19.906029,0.006025,20.240602,0.084138,18.902285,0.050656,1.594,1.338318,19.906831,0.006029,1,J125418.98+223536.2,15.042,14.638,11.742,9.055,0.032,0.056,0.239,0.462
SDSSJ12544+2235,G1,12,54,19.0044,+,22,35,36.149,Double,1.562000,193.57918484000,22.59337473000,Publication,Rusu,2016,2016MNRAS.458....2R,,---,,193.57918484000,22.59337473000,193.57914041780,22.59338098930,---,0.3000,2010A&A...518A..10V / 2024MNRAS.530..221J,3.626,gG,SQLS,---,--,---,,,0,,,---,---,---,---,---,---,---,,--,0,---,---,---,---,---,---,---,---,---,---,---,---,---,---,---,---,---,---,---,---,---,---,---,0,,---,---,---,---,---,---,---,---
SDSSJ12544+2235,B,12,54,19.0459,+,22,35,35.877,Double,1.562000,193.57935805500,22.59329919520,Gaia_DR3,Rusu,2016,2016MNRAS.458....2R,,---,,193.57851910000,22.59332070000,193.57914041780,22.59338098930,3.6260,---,2010A&A...518A..10V / 2024MNRAS.530..221J,3.626,gG,SQLS,---,--,---,,,1,DR3Gaia125418.941+223536.47,1,17,3.37859725332,93.04252,0.39432751825,53.57197,20.5754,0.14162,0,0,1,3956501195648670976,193.57935781589,1.4669,22.59329904477,1.4666,---,---,---,---,---,---,---,---,20.666405,0.014091,---,---,---,---,---,---,20.666405,0.014091,0,,---,---,---,---,---,---,---,---
SDSSJ12544+2235,G2,12,54,19.1188,+,22,35,36.008,Double,1.562000,193.57966171000,22.59333556000,Publication,Rusu,2016,2016MNRAS.458....2R,,---,,193.57966171000,22.59333556000,193.57914041780,22.59338098930,---,---,,3.626,gG,SQLS,---,--,---,,,0,,,---,---,---,---,---,---,---,,--,0,---,---,---,---,---,---,---,---,---,---,---,---,---,---,---,---,---,---,---,---,---,---,---,0,,---,---,---,---,---,---,---,---
SDSSJ1254+1857,B,12,54,40.2768,+,18,57,11.443,Double,2.545000,193.66782020250,18.95317867750,Publication,More,2016,2016MNRAS.456.1595M,,---,,193.66789583330,18.95317777780,193.66817050125,18.95330183875,1.7170,---,2016MNRAS.456.1595M,1.717,g,DR16Q,---,--,---,,,0,,,---,---,---,---,---,---,---,,--,0,---,---,---,---,---,---,---,---,---,---,---,---,---,---,---,---,---,---,---,---,---,---,---,0,,---,---,---,---,---,---,---,---
SDSSJ1254+1857,G,12,54,40.3850,+,18,57,11.890,Double,2.545000,193.66827080000,18.95330280000,Publication,More,2016,2016MNRAS.456.1595M,,---,,193.66827080000,18.95330280000,193.66817050125,18.95330183875,---,0.5550,2016MNRAS.456.1595M,1.717,g,DR16Q,---,--,---,,,0,,,---,---,---,---,---,---,---,,--,0,---,---,---,---,---,---,---,---,---,---,---,---,---,---,---,---,---,---,---,---,---,---,---,1,J125440.35+185711.7,15.035,14.623,12.296,8.797,0.038,0.062,---,---
SDSSJ1254+1857,A,12,54,40.4450,+,18,57,12.330,Double,2.545000,193.66852080000,18.95342500000,Publication,More,2016,2016MNRAS.456.1595M,,---,,193.66852080000,18.95342500000,193.66817050125,18.95330183875,1.7170,0.5550,2016MNRAS.456.1595M,1.717,g,DR16Q,---,--,---,,,0,,,---,---,---,---,---,---,---,,--,0,---,---,---,---,---,---,---,---,---,---,---,---,---,---,---,---,---,---,---,---,---,---,---,0,,---,---,---,---,---,---,---,---
J1255+0737,B,12,55,43.7603,+,07,37,45.587,Double,1.701000,193.93233461750,7.62932962340,Gaia_DR3,Lemon,2023,2023MNRAS.520.3305L,,---,,193.93261250000,7.62956778000,193.93236004500,7.62956446460,2.1450,---,2023MNRAS.520.3305L,2.145,gG,LEMON4,---,--,---,,,1,DR3Gaia125543.773+073747.28,2,42,3.38475783494,94.66089,0.13315691224,71.96541,20.3036,0.17044,0,0,1,3733516084302837376,193.93233435048,0.7632,7.62932960836,0.4397,0.2950,1.1077,0.2663,3.613,-3.545,1.557,0.698,1.137,20.327490,0.007710,20.277527,0.089581,19.464708,0.056019,1.691,0.812819,20.331291,0.007734,0,,---,---,---,---,---,---,---,---
J1255+0737,A,12,55,43.7725,+,07,37,47.278,Double,1.701000,193.93238547250,7.62979930580,Gaia_DR3,Lemon,2023,2023MNRAS.520.3305L,,---,,193.93261250000,7.62956778000,193.93236004500,7.62956446460,2.1450,---,2023MNRAS.520.3305L,2.145,gG,LEMON4,---,--,---,,,1,DR3Gaia125543.773+073747.28,3,7,3.38475841203,67.62480,0.13316509493,64.28515,20.6942,0.09876,0,0,1,3733516084302177408,193.93238613817,5.5828,7.62979918592,1.7045,---,---,---,---,---,---,---,---,21.037224,0.020268,---,---,---,---,---,---,21.037224,0.020268,0,,---,---,---,---,---,---,---,---
SDSSJ125819.24+165717.6,A,12,58,19.2240,+,16,57,17.722,Double,1.255000,194.58009991310,16.95492279320,Gaia_DR3,Inada,2012,2012AJ....143..119I,,---,,194.58017080000,16.95489720000,194.58026944475,16.95485884080,2.7010,0.4000,2010A&A...518A..10V / 2024MNRAS.530..221J,2.702,gG,SQLS,2.696090,0,---,,,1,DR3Gaia125819.224+165717.72,1,49,3.39606331806,61.56665,0.29591916813,46.16588,19.4126,0.11727,0,0,1,3937637737940083328,194.58010007205,0.2681,16.95492281370,0.1859,-1.0508,0.3378,-3.1111,1.244,0.312,0.430,-1.204,0.484,19.348402,0.005548,19.175148,0.040095,18.526981,0.034527,1.748,0.648167,19.351866,0.005562,1,J125819.26+165717.5,14.887,13.910,10.354,8.379,0.034,0.040,0.079,0.373
SDSSJ125819.24+165717.6,B,12,58,19.3054,+,16,57,17.262,Double,1.255000,194.58043897640,16.95479488840,Gaia_DR3,Inada,2012,2012AJ....143..119I,,---,,194.58046670000,16.95478330000,194.58026944475,16.95485884080,2.7010,---,2010A&A...518A..10V / 2024MNRAS.530..221J,2.702,gG,SQLS,---,--,---,,,1,DR3Gaia125819.224+165717.72,2,49,3.39606917161,69.63513,0.29591702561,54.12273,19.6894,0.10299,0,0,1,3937637737939611776,194.58043903315,0.3672,16.95479480774,0.4288,-0.0842,0.5439,-0.1548,1.682,-1.205,0.589,1.174,0.843,19.664932,0.008353,---,---,---,---,---,---,19.664932,0.008353,0,,---,---,---,---,---,---,---,---
J125856.3-031944,D,12,58,56.2733,-,03,19,43.270,Quad,1.924000,194.73447203000,-3.32868611000,Publication,Schechter,2025,2025AJ....170..241S,,---,,194.73447203000,-3.32868611000,194.73465359000,-3.32899861000,2.2250,---,2025AJ....170..241S,---,,,---,--,---,,,0,,,---,---,---,---,---,---,---,,--,0,---,---,---,---,---,---,---,---,---,---,---,---,---,---,---,---,---,---,---,---,---,---,---,0,,---,---,---,---,---,---,---,---
J125856.3-031944,C,12,58,56.2860,-,03,19,44.970,Quad,1.924000,194.73452490000,-3.32915833000,Publication,Schechter,2025,2025AJ....170..241S,,---,,194.73452490000,-3.32915833000,194.73465359000,-3.32899861000,2.2250,---,2025AJ....170..241S,---,,,---,--,---,,,0,,,---,---,---,---,---,---,---,,--,0,---,---,---,---,---,---,---,---,---,---,---,---,---,---,---,---,---,---,---,---,---,---,---,1,J125856.31-031944.1,14.662,13.759,11.295,7.829,0.030,0.035,0.153,0.145
J125856.3-031944,G,12,58,56.3073,-,03,19,43.970,Quad,1.924000,194.73461394000,-3.32888056000,Publication,Schechter,2025,2025AJ....170..241S,,---,,194.73461394000,-3.32888056000,194.73465359000,-3.32899861000,---,---,,---,,,---,--,---,,,0,,,---,---,---,---,---,---,---,,--,0,---,---,---,---,---,---,---,---,---,---,---,---,---,---,---,---,---,---,---,---,---,---,---,0,,---,---,---,---,---,---,---,---
J125856.3-031944,B,12,58,56.3394,-,03,19,44.920,Quad,1.924000,194.73474750000,-3.32914444000,Publication,Schechter,2025,2025AJ....170..241S,,---,,194.73474750000,-3.32914444000,194.73465359000,-3.32899861000,2.2250,---,2025AJ....170..241S,---,,,---,--,---,,,0,,,---,---,---,---,---,---,---,,--,0,---,---,---,---,---,---,---,---,---,---,---,---,---,---,---,---,---,---,---,---,---,---,---,0,,---,---,---,---,---,---,---,---
J125856.3-031944,A,12,58,56.3688,-,03,19,44.420,Quad,1.924000,194.73486993000,-3.32900556000,Publication,Schechter,2025,2025AJ....170..241S,,---,,194.73486993000,-3.32900556000,194.73465359000,-3.32899861000,2.2250,---,2025AJ....170..241S,---,,,---,--,---,,,0,,,---,---,---,---,---,---,---,,--,0,---,---,---,---,---,---,---,---,---,---,---,---,---,---,---,---,---,---,---,---,---,---,---,0,,---,---,---,---,---,---,---,---
GraLJ125955.5+124152.6,B,12,59,55.4666,+,12,41,51.044,Double,3.513000,194.98111083490,12.69751212050,Gaia_DR3,Krone-Martins,2019,2019arXiv191208977K,,---,,194.98111832000,12.69750990570,194.98142518325,12.69789161460,2.1960,---,2019arXiv191208977K,---,,,---,--,---,,,1,DR3Gaia125955.618+124153.78,2,51,3.40306235181,73.85025,0.22161338032,49.46126,19.8725,0.15676,0,0,1,3737379214111591808,194.98111094698,0.3306,12.69751206050,0.2341,-0.6909,0.3938,-1.7544,0.685,-0.620,0.467,0.292,0.441,19.793766,0.005198,19.885666,0.088639,19.442583,0.090576,1.248,0.443083,19.793766,0.005198,0,,---,---,---,---,---,---,---,---
GraLJ125955.5+124152.6,A,12,59,55.6175,+,12,41,53.776,Double,3.513000,194.98173953160,12.69827110870,Gaia_DR3,Krone-Martins,2019,2019arXiv191208977K,,---,,194.98175232500,12.69826607100,194.98142518325,12.69789161460,2.1960,---,2019arXiv191208977K,---,,,---,--,---,,,1,DR3Gaia125955.618+124153.78,1,51,3.40307326179,46.27163,0.22162668200,36.12795,19.7292,0.14693,0,0,1,3737379218406720128,194.98173966550,0.3208,12.69827116387,0.2142,-0.3887,0.3755,-1.0351,0.859,-0.497,0.478,0.701,0.397,19.686628,0.006549,19.782278,0.068151,19.153769,0.044538,1.352,0.628510,19.686628,0.006549,0,,---,---,---,---,---,---,---,---
J1303+1816,B,13,03,06.3601,+,18,16,42.258,Double,2.295000,195.77650046384,18.27840493737,Gaia_FPR,Lemon,2023,2023MNRAS.520.3305L,,---,,195.77650000000,18.27810000000,195.77652825557,18.27808725408,2.9500,---,2023MNRAS.520.3305L,2.950,pG,LEMON4,---,--,---,,,1,DR3Gaia130306.373+181639.97,2,3,3.41694451832,37.96932,0.31901834196,18.33425,20.7969,0.12402,0,0,0,---,---,---,---,---,---,---,---,---,---,---,---,---,---,---,---,---,---,---,---,---,---,---,0,,---,---,---,---,---,---,---,---
J1303+1816,A,13,03,06.3735,+,18,16,39.970,Double,2.295000,195.77655604730,18.27776957080,Gaia_DR3,Lemon,2023,2023MNRAS.520.3305L,,---,,195.77650000000,18.27810000000,195.77652825557,18.27808725408,2.9500,0.4600,2023MNRAS.520.3305L,2.950,pG,LEMON4,2.947225,16,---,,,1,DR3Gaia130306.373+181639.97,1,44,3.41694535407,79.09714,0.31900732161,61.95406,20.1541,0.16191,0,0,1,3938214363067948800,195.77655579118,0.5079,18.27776968546,0.3074,0.5070,0.5397,0.9393,1.077,0.268,0.817,-1.044,0.589,20.163624,0.006892,20.151104,0.110225,19.379248,0.103649,1.601,0.771856,20.167406,0.006912,1,J130306.36+181640.3,14.922,14.359,12.203,8.515,0.036,0.051,0.351,---
SDSSJ130443.58+200104.2,B,13,04,43.5873,+,20,01,04.217,Double,1.864000,196.18161359640,20.01783812190,Gaia_DR3,Kayo,2010,2010AJ....139.1614K,,---,,196.18167080000,20.01829440000,196.18162738890,20.01809667010,2.1750,---,2010AJ....139.1614K / 2024MNRAS.530..221J,2.174,gG,DR16Q,2.171897,0,---,,,1,DR3Gaia130443.587+200104.22,1,51,3.42401503894,60.10339,0.34937720205,39.16665,18.5003,0.19449,0,0,1,3941492793209513088,196.18161355778,0.1298,20.01783815836,0.0904,-0.0596,0.1554,-0.3832,0.557,-0.499,0.216,0.247,0.224,18.380255,0.005416,18.393658,0.026820,17.728453,0.021127,1.484,0.665205,18.380255,0.005416,1,J130443.60+200104.3,14.352,13.707,10.844,8.488,0.028,0.034,0.110,0.326
SDSSJ130443.58+200104.2,A,13,04,43.5939,+,20,01,06.079,Double,1.864000,196.18164118140,20.01835521830,Gaia_DR3,Kayo,2010,2010AJ....139.1614K,,---,,196.18160830000,20.01783890000,196.18162738890,20.01809667010,2.1750,0.4000,2010AJ....139.1614K / 2024MNRAS.530..221J,2.174,gG,DR16Q,---,--,---,,,1,DR3Gaia130443.587+200104.22,2,50,3.42401552281,76.53538,0.34938616334,53.82464,19.9906,0.21335,0,0,1,3941492797505654784,196.18164112832,0.3803,20.01835521554,0.2691,-0.4102,0.4715,-0.8701,0.320,0.272,0.649,-0.169,0.666,19.959288,0.007240,---,---,---,---,---,---,19.959288,0.007240,0,,---,---,---,---,---,---,---,---
J1307+0642,A,13,07,42.8570,+,06,42,11.787,Double,2.734000,196.92857091120,6.70327418260,Gaia_DR3,Lemon,2019,2019MNRAS.483.4242L,,---,,196.92947000000,6.70376000000,196.92891066875,6.70344837025,---,0.2301,https://doi.org/10.5281/zenodo.12728524,---,,,---,--,0.23014300,,VizieR_J/ApJS/223/20/spec,1,DR3Gaia130742.857+064211.79,2,26,3.43705185826,58.32563,0.11699417980,68.48617,20.1184,0.12757,0,0,1,3729511589940494848,196.92857082857,0.6317,6.70327417982,0.4419,0.7032,0.7258,0.9688,0.726,-0.172,0.778,-0.705,0.750,20.151766,0.008200,19.951660,0.075459,18.911650,0.050831,2.191,1.040011,20.154958,0.008221,0,,---,---,---,---,---,---,---,---
J1307+0642,B,13,07,43.0201,+,06,42,13.041,Double,2.734000,196.92925042630,6.70362255790,Gaia_DR3,Lemon,2019,2019MNRAS.483.4242L,,---,,196.92926113479,6.70361562001,196.92891066875,6.70344837025,---,---,https://doi.org/10.5281/zenodo.12728524,---,,,---,--,0.23014250,KEEP(0),EXTERNAL_SDSSDR18_SDSS,1,DR3Gaia130742.857+064211.79,3,18,3.43706488235,136.63871,0.11700014755,95.45040,20.4497,0.15722,0,1,1,3729511594234789888,196.92926113479,33.7110,6.70361562001,21.9274,---,---,---,---,---,---,---,---,21.936638,0.068920,19.464184,0.090521,17.504625,0.005413,32.017,1.959559,21.936638,0.068920,1,J130743.01+064212.7,13.873,13.471,11.810,8.577,0.025,0.032,0.253,0.312
2MASSJ13102005-1714579,D,13,10,19.9004,-,17,15,00.032,Quad,5.733000,197.58291827700,-17.25000894210,Gaia_DR3,Lucey,2018,2018MNRAS.476..927L,,---,,197.58291250000,-17.25001110000,197.58365406700,-17.24952144560,1.9750,---,2018MNRAS.476..927L,---,,,---,--,1.97500000,,HEASARC_morx,1,DR3Gaia131020.256-171457.66,2,28,3.44847242365,66.24877,-0.30106941277,47.57208,19.9710,0.12649,0,0,1,3511426761399393152,197.58291827645,0.5136,-17.25000896875,0.4264,-0.7640,0.6231,-1.2261,0.387,0.379,0.809,-0.081,0.485,19.998423,0.009384,20.093190,0.085502,19.432135,0.080723,1.374,0.661055,20.001939,0.009412,0,,---,---,---,---,---,---,---,---
2MASSJ13102005-1714579,C,13,10,19.9844,-,17,14,55.159,Quad,5.733000,197.58326841700,-17.24865519890,Gaia_DR3,Lucey,2018,2018MNRAS.476..927L,,---,,197.58325420000,-17.24865280000,197.58365406700,-17.24952144560,1.9750,---,2018MNRAS.476..927L,---,,,---,--,1.97500000,,HEASARC_morx,1,DR3Gaia131020.256-171457.66,6,3,3.44847889422,40.28636,-0.30104563926,27.76876,20.5521,0.15651,0,0,1,3511426761399771776,197.58326933945,7.5138,-17.24865403208,9.3725,---,---,---,---,---,---,---,---,---,---,---,---,19.851076,0.066074,---,---,---,---,0,,---,---,---,---,---,---,---,---
2MASSJ13102005-1714579,G2,13,10,20.0473,-,17,14,57.309,Quad,5.733000,197.58353045230,-17.24925260550,Gaia_FPR,Lucey,2018,2018MNRAS.476..927L,,---,,197.58351666670,-17.24925000000,197.58365406700,-17.24952144560,---,0.2930,2018MNRAS.476..927L,---,,,---,--,1.97500000,,HEASARC_morx,1,DR3Gaia131020.256-171457.66,5,11,3.44848318613,82.22648,-0.30105614829,66.70392,20.4986,0.11385,0,0,0,---,---,---,---,---,---,---,---,---,---,---,---,---,---,---,---,---,---,---,---,---,---,---,1,J131020.06-171458.1,13.418,12.860,10.684,7.534,0.025,0.025,0.080,0.118
2MASSJ13102005-1714579,G1,13,10,20.0557,-,17,14,58.189,Quad,5.733000,197.58356539090,-17.24949702650,Gaia_FPR,Lucey,2018,2018MNRAS.476..927L,,---,,197.58353333330,-17.24950277780,197.58365406700,-17.24952144560,---,0.2930,2018MNRAS.476..927L,---,,,---,--,1.97500000,,HEASARC_morx,1,DR3Gaia131020.256-171457.66,1,12,3.44848369269,63.20202,-0.30106058995,65.81352,20.4909,0.17557,0,0,0,---,---,---,---,---,---,---,---,---,---,---,---,---,---,---,---,---,---,---,---,---,---,---,0,,---,---,---,---,---,---,---,---
2MASSJ13102005-1714579,B,13,10,20.1671,-,17,15,00.259,Quad,5.733000,197.58402966400,-17.25007192270,Gaia_DR3,Lucey,2018,2018MNRAS.476..927L,,---,,197.58403330000,-17.25007500000,197.58365406700,-17.24952144560,1.9750,---,2018MNRAS.476..927L,---,,,---,--,1.97500000,,HEASARC_morx,1,DR3Gaia131020.256-171457.66,4,29,3.44849199221,52.51934,-0.30107058404,60.23201,19.7602,0.13423,0,0,1,3511426761399393280,197.58402968107,0.4564,-17.25007191014,0.3411,-0.6987,0.5498,-1.2708,0.084,0.039,0.695,-0.075,0.405,19.749376,0.008252,19.867615,0.047873,18.961542,0.087023,1.520,0.906073,19.753069,0.008277,0,,---,---,---,---,---,---,---,---
2MASSJ13102005-1714579,A,13,10,20.2560,-,17,14,57.659,Quad,5.733000,197.58439991000,-17.24934971870,Gaia_DR3,Lucey,2018,2018MNRAS.476..927L,,---,,197.58440000000,-17.24935000000,197.58365406700,-17.24952144560,1.9750,0.2930,2018MNRAS.476..927L,---,,,---,--,1.97500000,,HEASARC_morx,1,DR3Gaia131020.256-171457.66,3,25,3.44849843757,65.87810,-0.30105796713,33.80877,19.8706,0.12722,0,0,1,3511426761399556352,197.58440005899,0.4518,-17.24934977703,0.3564,0.1220,0.5345,0.2282,0.415,0.244,0.700,0.336,0.451,19.856459,0.006714,20.142487,0.045256,19.518446,0.078811,1.132,0.624041,19.856459,0.006714,0,,---,---,---,---,---,---,---,---
SDSSJ131339.98+515128.4,A,13,13,39.9833,+,51,51,28.403,Double,1.221000,198.41659719040,51.85788963610,Gaia_DR3,Rusu,2016,2016MNRAS.458....2R,,---,,198.41658330000,51.85788890000,198.41666635320,51.85805378765,1.8770,0.1940,2012AJ....143..119I,---,,,---,--,---,,,1,DR3Gaia131339.983+515128.40,2,68,3.46302283240,52.50405,0.90509089745,44.37809,18.3943,0.12688,0,0,1,1557058071526709248,198.41659686385,0.1309,51.85788985261,0.1514,-0.6463,0.1852,-3.4892,0.508,-0.443,0.171,0.248,0.206,18.354485,0.004030,18.263239,0.022663,16.980892,0.022078,2.280,1.282347,18.355855,0.004033,1,J131340.00+515129.3,12.942,11.758,8.384,6.179,0.024,0.021,0.023,0.048
SDSSJ131339.98+515128.4,G,13,13,39.9890,+,51,51,28.608,Double,1.221000,198.41662083000,51.85794655000,Publication,Rusu,2016,2016MNRAS.458....2R,,---,,198.41662083000,51.85794655000,198.41666635320,51.85805378765,---,0.1940,2012AJ....143..119I,---,,,---,--,---,,,0,,,---,---,---,---,---,---,---,,--,0,---,---,---,---,---,---,---,---,---,---,---,---,---,---,---,---,---,---,---,---,---,---,---,0,,---,---,---,---,---,---,---,---
SDSSJ131339.98+515128.4,B,13,13,40.0165,+,51,51,29.585,Double,1.221000,198.41673551600,51.85821793920,Gaia_DR3,Rusu,2016,2016MNRAS.458....2R,,---,,198.41675000000,51.85816670000,198.41666635320,51.85805378765,1.8770,---,2012AJ....143..119I,---,,,---,--,---,,,1,DR3Gaia131339.983+515128.40,1,68,3.46302525695,53.95980,0.90509662516,50.60362,18.9798,0.10280,0,0,1,1557058071528212608,198.41673554275,0.1715,51.85821792474,0.1418,-0.0046,0.1923,-0.0241,0.298,-0.210,0.231,-0.212,0.199,18.905170,0.003854,---,---,---,---,---,---,18.905170,0.003854,0,,---,---,---,---,---,---,---,---
SDSSJ132059.17+164402.5,A,13,20,59.1749,+,16,44,02.631,Double,8.574000,200.24656215540,16.73406404070,Gaia_DR3,Inada,2012,2012AJ....143..119I,,---,,200.24654170000,16.73402780000,200.24772666640,16.73448168565,1.5020,0.8990,2012AJ....143..119I / 2013ApJ...765..139R,1.502,gG,DR16Q,---,--,---,,,1,DR3Gaia132059.175+164402.63,1,65,3.49496184273,62.24753,0.29206448046,49.92780,18.6964,0.16655,0,0,1,3746175582010887168,200.24656211224,0.1527,16.73406401538,0.1169,-0.1722,0.2137,-0.8058,0.084,0.077,0.221,0.034,0.150,18.594011,0.004731,18.942265,0.023418,18.029770,0.021315,1.234,0.912495,18.594011,0.004731,1,J132059.19+164402.6,15.227,13.972,10.799,8.336,0.037,0.040,0.117,---
SDSSJ132059.17+164402.5,B,13,20,59.7339,+,16,44,05.638,Double,8.574000,200.24889117740,16.73489933060,Gaia_DR3,Inada,2012,2012AJ....143..119I,,---,,200.24887500000,16.73488890000,200.24772666640,16.73448168565,1.5020,---,2012AJ....143..119I / 2013ApJ...765..139R,---,,,1.489705,0,---,,,1,DR3Gaia132059.734+164405.64,1,64,3.49500252657,61.30821,0.29207905017,51.66043,19.4705,0.22859,0,0,1,3746175685090102400,200.24889128439,0.2655,16.73489929791,0.1988,-0.1035,0.3496,-0.2959,0.444,-0.227,0.398,0.382,0.257,19.375310,0.006652,19.597857,0.037876,18.932472,0.033662,1.224,0.665384,19.375310,0.006652,1,J132059.71+164405.4,15.326,14.073,10.876,8.015,0.039,0.042,0.127,0.231
SDSSJ1322+1052,G4,13,22,36.0180,+,10,52,43.667,Double,2.000000,200.65007486000,10.87879631000,Publication,Rusu,2016,2016MNRAS.458....2R,,---,,200.65007486000,10.87879631000,200.65160438275,10.87783417875,---,---,2010A&A...518A..10V,---,,,---,--,---,,,0,,,---,---,---,---,---,---,---,,--,0,---,---,---,---,---,---,---,---,---,---,---,---,---,---,---,---,---,---,---,---,---,---,---,0,,---,---,---,---,---,---,---,---
SDSSJ1322+1052,G5,13,22,36.3472,+,10,52,51.297,Double,2.000000,200.65144674000,10.88091575000,Publication,Rusu,2016,2016MNRAS.458....2R,,---,,200.65144674000,10.88091575000,200.65160438275,10.87783417875,---,---,2010A&A...518A..10V,1.707,gG,DR16Q,---,--,---,,,0,,,---,---,---,---,---,---,---,,--,0,---,---,---,---,---,---,---,---,---,---,---,---,---,---,---,---,---,---,---,---,---,---,---,0,,---,---,---,---,---,---,---,---
SDSSJ1322+1052,B,13,22,36.3489,+,10,52,41.049,Double,2.000000,200.65145370900,10.87806926930,Gaia_DR3,Rusu,2016,2016MNRAS.458....2R,,---,,200.65204580000,10.87808370000,200.65160438275,10.87783417875,1.7160,---,2010A&A...518A..10V,1.707,gG,DR16Q,---,--,---,,,1,DR3Gaia132236.421+105239.36,1,33,3.50202843729,51.48800,0.18985812517,45.55774,20.2443,0.18429,0,0,1,3733119018873072768,200.65145355814,0.6841,10.87806926410,0.3838,1.3065,0.8143,1.6044,1.491,1.488,0.813,0.106,0.533,20.228584,0.009240,20.572453,0.106600,19.129220,0.116635,1.687,1.443234,20.228192,0.009237,0,,---,---,---,---,---,---,---,---
SDSSJ1322+1052,G1,13,22,36.3711,+,10,52,40.544,Double,2.000000,200.65154631000,10.87792881000,Publication,Rusu,2016,2016MNRAS.458....2R,,---,,200.65154631000,10.87792881000,200.65160438275,10.87783417875,---,---,2010A&A...518A..10V,1.707,gG,DR16Q,---,--,---,,,0,,,---,---,---,---,---,---,---,,--,0,---,---,---,---,---,---,---,---,---,---,---,---,---,---,---,---,---,---,---,---,---,---,---,1,J132236.39+105239.9,14.014,12.890,9.962,7.664,0.027,0.026,0.051,0.159
SDSSJ1322+1052,A,13,22,36.4212,+,10,52,39.357,Double,2.000000,200.65175505650,10.87759908820,Gaia_DR3,Rusu,2016,2016MNRAS.458....2R,,---,,200.65174320000,10.87761450000,200.65160438275,10.87783417875,1.7160,---,2010A&A...518A..10V,1.707,gG,DR16Q,---,--,---,,,1,DR3Gaia132236.421+105239.36,2,52,3.50203369624,57.66390,0.18984994374,40.36858,18.6710,0.14001,0,0,1,3733119018870073216,200.65175505143,0.1636,10.87759906543,0.1126,0.2364,0.1999,1.1827,0.233,0.011,0.222,0.232,0.133,18.504818,0.004395,18.821493,0.027737,17.783955,0.020969,1.359,1.037539,18.504818,0.004395,0,,---,---,---,---,---,---,---,---
SDSSJ1322+1052,G3,13,22,36.6026,+,10,52,40.800,Double,2.000000,200.65251086000,10.87799992000,Publication,Rusu,2016,2016MNRAS.458....2R,,---,,200.65251086000,10.87799992000,200.65160438275,10.87783417875,---,---,2010A&A...518A..10V,---,,,---,--,---,,,0,,,---,---,---,---,---,---,---,,--,0,---,---,---,---,---,---,---,---,---,---,---,---,---,---,---,---,---,---,---,---,---,---,---,0,,---,---,---,---,---,---,---,---
SDSSJ1322+1052,G2,13,22,36.8469,+,10,52,49.277,Double,2.000000,200.65352861000,10.88035464000,Publication,Rusu,2016,2016MNRAS.458....2R,,---,,200.65352861000,10.88035464000,200.65160438275,10.87783417875,---,---,2010A&A...518A..10V,---,,,---,--,---,,,0,,,---,---,---,---,---,---,---,,--,0,---,---,---,---,---,---,---,---,---,---,---,---,---,---,---,---,---,---,---,---,---,---,---,0,,---,---,---,---,---,---,---,---
J1326+4806,A,13,25,59.1921,+,48,06,56.102,Double,21.056999,201.49663387200,48.11558377660,Gaia_DR3,Shu,2019,2019MNRAS.489.4741S,,---,,201.49663260300,48.11558955180,201.49868554795,48.11299988455,2.0812,0.3960,2019MNRAS.489.4741S,---,,,2.733875,16,---,,,1,DR3Gaia132559.192+480656.11,1,13,3.51677976929,46.36897,0.83977527143,79.91167,20.6190,0.10873,0,0,1,1552838008460992896,201.49663499158,1.4341,48.11558489460,1.6541,-1.0258,1.8664,-0.5496,1.874,-1.736,2.186,0.707,2.506,20.872700,0.032155,20.870613,0.173113,20.147830,0.132927,1.547,0.722784,20.876404,0.032264,1,J132559.19+480655.2,15.189,14.233,12.275,9.109,0.035,0.041,0.331,0.517
J1326+4806,B,13,26,00.1769,+,48,06,37.498,Double,21.056999,201.50073722390,48.11041599250,Gaia_DR3,Shu,2019,2019MNRAS.489.4741S,,---,,201.50072296400,48.11041902840,201.49868554795,48.11299988455,2.0812,---,2019MNRAS.489.4741S,---,,,2.903650,16,---,,,1,DR3Gaia132600.177+480637.50,1,34,3.51685122555,63.96124,0.83968508227,67.08110,20.5184,0.13333,0,0,1,1552838004166992256,201.50073693115,0.7454,48.11041615767,0.8574,-0.1979,0.8421,-0.2350,1.011,-0.507,1.178,-0.874,1.250,20.692165,0.012537,20.595469,0.114570,19.779713,0.177872,1.768,0.815756,20.695966,0.012578,1,J132600.17+480638.4,14.550,13.702,11.643,8.045,0.036,0.037,0.203,0.235
J1326+3020,A,13,26,57.7304,+,30,20,23.949,Double,1.420000,201.74054315270,30.33998587240,Gaia_DR3,Lemon,2023,2023MNRAS.520.3305L,,---,,201.74100000000,30.34000000000,201.74077157635,30.33999293620,1.8520,0.3390,2023MNRAS.520.3305L,---,,,---,--,---,,,1,DR3Gaia132657.730+302023.95,1,65,3.52103676938,56.99699,0.52953250510,62.83330,20.1334,0.21570,0,0,1,1462247969845008000,201.74054308513,0.3671,30.33998570626,0.3549,-0.2830,0.6299,-0.4493,1.251,-1.206,0.375,0.330,0.401,20.132055,0.010305,20.023138,0.057780,19.155952,0.046990,1.836,0.867186,20.135818,0.010338,0,,---,---,---,---,---,---,---,---
J1326+3020,B,13,26,57.8400,+,30,20,24.000,Double,1.420000,201.74100000000,30.34000000000,Publication,Lemon,2023,2023MNRAS.520.3305L,,---,,201.74100000000,30.34000000000,201.74077157635,30.33999293620,1.8520,---,2023MNRAS.520.3305L,---,,,---,--,---,,,0,,,---,---,---,---,---,---,---,,--,0,---,---,---,---,---,---,---,---,---,---,---,---,---,---,---,---,---,---,---,---,---,---,---,1,J132657.83+302024.0,14.750,14.148,11.578,8.928,0.029,0.038,0.204,0.445
SDSSJ1330+3800,A,13,30,07.3478,+,38,00,43.793,Double,1.438000,202.53061578240,38.01216458840,Gaia_DR3,More,2016,2016MNRAS.456.1595M,,---,,202.53054170000,38.01217220000,202.53063264860,38.01196524845,2.2540,---,2016MNRAS.456.1595M,---,,,---,--,---,,,1,DR3Gaia133007.348+380043.79,1,87,3.53482592799,58.62515,0.66343741883,47.28500,19.6485,0.31943,0,0,1,1475457506834977280,202.53061578725,0.2271,38.01216465557,0.2031,-0.1011,0.3118,-0.3242,0.150,-0.053,0.274,0.141,0.332,19.601048,0.011264,19.338854,0.048311,18.658102,0.044562,1.927,0.680752,19.604635,0.011299,1,J133007.35+380043.1,15.474,14.604,12.184,9.280,0.036,0.049,0.255,0.494
SDSSJ1330+3800,B,13,30,07.3559,+,38,00,42.357,Double,1.438000,202.53064951480,38.01176590850,Gaia_DR3,More,2016,2016MNRAS.456.1595M,,---,,202.53054170000,38.01217220000,202.53063264860,38.01196524845,2.2540,---,2016MNRAS.456.1595M,---,,,---,--,---,,,1,DR3Gaia133007.348+380043.79,2,79,3.53482654397,53.69260,0.66343042298,52.78190,19.7540,0.27601,0,0,1,1475457506833914496,202.53064942400,0.2966,38.01176587231,0.2143,0.3486,0.3704,0.9411,0.342,0.309,0.374,0.147,0.402,19.708630,0.010984,19.698603,0.221510,19.080336,0.221912,1.483,0.618267,19.711956,0.011016,0,,---,---,---,---,---,---,---,---
SDSSJ1330+3800,G,13,30,07.3750,+,38,00,43.640,Double,1.438000,202.53072920000,38.01212220000,Publication,More,2016,2016MNRAS.456.1595M,,---,,202.53072920000,38.01212220000,202.53063264860,38.01196524845,---,---,2016MNRAS.456.1595M,---,,,---,--,---,,,0,,,---,---,---,---,---,---,---,,--,0,---,---,---,---,---,---,---,---,---,---,---,---,---,---,---,---,---,---,---,---,---,---,---,0,,---,---,---,---,---,---,---,---
SDSSJ1330+1810,C,13,30,18.5753,+,18,10,33.252,Quad,1.737000,202.57739714507,18.17590333975,Gaia_DR3,Rusu,2016,2016MNRAS.458....2R,,---,,202.57739715000,18.17590334000,202.57765858609,18.17577189192,1.3930,---,2012AJ....143..119I,---,,,---,--,---,,,0,,,---,---,---,---,---,---,---,,--,1,3746665350016537088,202.57739714507,0.6237,18.17590333975,0.3386,0.2167,0.7164,0.3025,0.473,-0.362,0.922,-0.305,0.348,20.056551,0.007457,---,---,---,---,---,---,20.056551,0.007457,0,,---,---,---,---,---,---,---,---
SDSSJ1330+1810,B,13,30,18.6340,+,18,10,32.086,Quad,1.737000,202.57764186000,18.17557945000,HST,Rusu,2016,2016MNRAS.458....2R,,---,,202.57764186000,18.17557945000,202.57765858609,18.17577189192,1.3930,---,2012AJ....143..119I,---,,,---,--,---,,,0,,,---,---,---,---,---,---,---,,--,0,---,---,---,---,---,---,---,---,---,---,---,---,---,---,---,---,---,---,---,---,---,---,---,0,,---,---,---,---,---,---,---,---
SDSSJ1330+1810,G,13,30,18.6472,+,18,10,33.179,Quad,1.737000,202.57769668975,18.17588302497,Gaia_DR3,Rusu,2016,2016MNRAS.458....2R,,---,,202.57769828000,18.17585112000,202.57765858609,18.17577189192,---,0.3730,2012AJ....143..119I,---,,,---,--,---,,,0,,,---,---,---,---,---,---,---,,--,1,3746665350016536960,202.57769668975,50.0890,18.17588302497,43.5090,---,---,---,---,---,---,---,---,21.951899,0.132203,---,---,---,---,---,---,21.951899,0.132203,0,,---,---,---,---,---,---,---,---
SDSSJ1330+1810,A,13,30,18.6631,+,18,10,32.081,Quad,1.737000,202.57776285929,18.17557810795,Gaia_DR3,Rusu,2016,2016MNRAS.458....2R,,---,,202.57776085000,18.17558167000,202.57765858609,18.17577189192,1.3930,---,2012AJ....143..119I,---,,,---,--,---,,,0,,,---,---,---,---,---,---,---,,--,1,3746665350018082048,202.57776285929,0.6327,18.17557810795,0.4387,-1.6011,0.9616,-1.6651,6.593,1.125,0.990,6.496,0.363,19.072922,0.007594,18.632187,0.023280,17.634195,0.015744,---,0.997992,19.076313,0.007615,0,,---,---,---,---,---,---,---,---
SDSSJ1330+1810,D,13,30,18.6798,+,18,10,33.696,Quad,1.737000,202.57783248000,18.17602667000,HST,Rusu,2016,2016MNRAS.458....2R,,---,,202.57783248000,18.17602667000,202.57765858609,18.17577189192,1.3930,0.3730,2012AJ....143..119I,---,,,---,--,---,,,0,,,---,---,---,---,---,---,---,,--,0,---,---,---,---,---,---,---,---,---,---,---,---,---,---,---,---,---,---,---,---,---,---,---,0,,---,---,---,---,---,---,---,---
SDSS1332+0347,A,13,32,22.6162,+,03,47,40.079,Double,1.118000,203.09423428100,3.79446638080,Gaia_DR3,Morokuma,2007,2007AJ....133..214M,,---,,203.09425000000,3.79441670000,203.09437381835,3.79439767390,1.4450,0.1910,2007AJ....133..214M,---,,,---,--,1.44153100,KEEP(0),EXTERNAL_SDSSDR18_SDSS,1,DR3Gaia133222.616+034740.08,2,38,3.54466335301,88.93963,0.06622577827,53.81142,19.8030,0.11141,0,0,1,3712919517094734592,203.09423472652,0.9971,3.79446633063,0.6405,-2.6471,1.2475,-2.1219,3.569,2.860,1.533,-2.135,0.820,20.294731,0.022703,19.331444,0.043846,18.015089,0.022810,5.197,1.316355,20.295762,0.022724,1,J133222.64+034739.9,14.904,13.972,11.521,8.963,0.031,0.037,0.170,0.482
SDSS1332+0347,B,13,32,22.6832,+,03,47,39.584,Double,1.118000,203.09451335570,3.79432896700,Gaia_DR3,Morokuma,2007,2007AJ....133..214M,,---,,203.09425000000,3.79441670000,203.09437381835,3.79439767390,1.4450,---,2007AJ....133..214M,---,,,---,--,1.44153100,KEEP(0),EXTERNAL_SDSSDR18_SDSS,1,DR3Gaia133222.616+034740.08,1,47,3.54466794395,59.94666,0.06622350291,36.88132,19.9348,0.11986,0,0,1,3712919517094042752,203.09451329290,0.5585,3.79432898831,0.3143,0.6196,0.6912,0.8964,1.939,-1.741,0.765,0.855,0.390,19.934237,0.010197,19.437428,0.130156,18.205427,0.075961,3.215,1.232000,19.936074,0.010213,0,,---,---,---,---,---,---,---,---
SDSSJ1334+3315,G,13,34,01.3865,+,33,15,34.556,Double,0.838000,203.50577720000,33.25959880000,Publication,Rusu,2016,2016MNRAS.458....2R,,---,,203.50577720000,33.25959880000,203.50586263760,33.25957283980,---,0.4260,2011ApJ...738...30R,---,,,---,--,---,,,0,,,---,---,---,---,---,---,---,,--,0,---,---,---,---,---,---,---,---,---,---,---,---,---,---,---,---,---,---,---,---,---,---,---,0,,---,---,---,---,---,---,---,---
SDSSJ1334+3315,A,13,34,01.3875,+,33,15,34.123,Double,0.838000,203.50578114860,33.25947850510,Gaia_DR3,Rusu,2016,2016MNRAS.458....2R,,---,,203.50582210000,33.25953770000,203.50586263760,33.25957283980,0.5570,0.4260,2011ApJ...738...30R,---,,,---,--,---,,,1,DR3Gaia133401.387+331534.12,1,65,3.55184582829,53.42799,0.58048734648,49.64721,19.7149,0.21621,0,0,1,1469230594530741760,203.50578096139,0.2791,33.25947865395,0.2093,0.3751,0.4079,0.9195,0.377,-0.338,0.336,-0.167,0.243,19.597372,0.006357,19.115253,0.030324,18.621506,0.045848,2.165,0.493748,19.599853,0.006369,1,J133401.44+331533.9,15.427,14.630,11.330,8.609,0.036,0.048,0.152,---
SDSSJ1334+3315,B,13,34,01.4266,+,33,15,34.802,Double,0.838000,203.50594412660,33.25966717450,Gaia_DR3,Rusu,2016,2016MNRAS.458....2R,,---,,203.50565860000,33.25972660000,203.50586263760,33.25957283980,0.5570,---,2011ApJ...738...30R,---,,,---,--,---,,,1,DR3Gaia133401.387+331534.12,2,61,3.55184863529,55.04018,0.58049063820,51.27622,19.8881,0.23827,0,0,1,1469230594528519552,203.50594425795,0.6151,33.25966704236,0.3093,0.2210,0.5739,0.3851,0.553,0.273,0.704,-0.481,0.376,19.793402,0.007260,19.046793,0.044135,18.627870,0.052601,2.674,0.418922,19.795156,0.007270,0,,---,---,---,---,---,---,---,---
SDSSJ1335+0118,G,13,35,34.7370,+,01,18,04.775,Double,1.624000,203.89473750000,1.30132630000,Publication,Oguri,2004,2004PASJ...56..399O,,---,,203.89473750000,1.30132630000,203.89510103085,1.30136789230,---,0.4400,2006A&A...451..759E,---,,,---,--,---,,,0,,,---,---,---,---,---,---,---,,--,0,---,---,---,---,---,---,---,---,---,---,---,---,---,---,---,---,---,---,---,---,---,---,---,0,,---,---,---,---,---,---,---,---
SDSSJ1335+0118,A,13,35,34.7883,+,01,18,05.532,Double,1.624000,203.89495116170,1.30153657890,Gaia_DR3,Oguri,2004,2004PASJ...56..399O,,---,,203.89495830000,1.30153660000,203.89510103085,1.30136789230,1.5710,0.4400,2006A&A...451..759E,1.569,gG,DR16Q,1.566217,0,1.57639800,KEEP(0),HEASARC_sdssquasar,1,DR3Gaia133534.788+011805.53,1,51,3.55863822487,53.21596,0.02271611503,45.89204,18.1155,0.16054,0,0,1,3711531005707407104,203.89495119791,0.1287,1.30153659223,0.0918,-0.0339,0.1710,-0.1983,0.117,-0.117,0.187,-0.002,0.105,18.032543,0.004928,18.224983,0.023448,17.387756,0.018587,1.370,0.837227,18.032543,0.004928,1,J133534.80+011805.1,14.088,12.810,9.584,7.355,0.026,0.024,0.036,0.087
SDSSJ1335+0118,B,13,35,34.8602,+,01,18,04.317,Double,1.624000,203.89525090000,1.30119920570,Gaia_DR3,Oguri,2004,2004PASJ...56..399O,,---,,203.89495830000,1.30153660000,203.89510103085,1.30136789230,1.5710,---,2006A&A...451..759E,1.569,gG,DR16Q,---,--,0.44000000,KEEP(    ),EXTERNAL_NED_2009A&A...499..395P,1,DR3Gaia133534.788+011805.53,2,50,3.55864340286,56.79276,0.02271023931,45.71085,19.2947,0.16022,0,0,1,3711531001413614464,203.89525094529,0.3292,1.30119932635,0.2186,-1.2133,0.4394,-2.7613,0.558,0.512,0.464,-0.222,0.281,19.300682,0.007055,---,---,---,---,---,---,19.300682,0.007055,0,,---,---,---,---,---,---,---,---
SDSSJ1339+1310,B,13,39,07.1409,+,13,10,39.624,Double,1.701000,204.77975358000,13.17767339880,Gaia_DR3,Goicoechea,2016,2016A&A...596A..77G,,---,,204.77979170000,13.17761110000,204.77995596825,13.17754306105,2.2310,---,2018A&A...616A.118G / 2024A&A...689A.129F,2.237,gG,DR16Q,2.251546,0,---,,,1,DR3Gaia133907.238+131038.69,2,57,3.57408088859,57.08753,0.22999380289,50.78226,18.4581,0.12462,0,0,1,3740575391335663744,204.77975364652,0.1561,13.17767335798,0.1298,-0.2993,0.1855,-1.6134,0.454,-0.454,0.192,0.025,0.152,18.425890,0.006958,18.347889,0.025093,18.012045,0.027478,1.395,0.335844,18.425890,0.006958,0,,---,---,---,---,---,---,---,---
SDSSJ1339+1310,A,13,39,07.2380,+,13,10,38.686,Double,1.701000,204.78015835650,13.17741272330,Gaia_DR3,Goicoechea,2016,2016A&A...596A..77G,,---,,204.77995830000,13.17752780000,204.77995596825,13.17754306105,2.2310,0.6070,2018A&A...616A.118G / 2024A&A...689A.129F,2.237,gG,DR16Q,---,--,---,,,1,DR3Gaia133907.238+131038.69,1,59,3.57408786439,53.24723,0.22998924279,48.20430,18.6806,0.10035,0,0,1,3740575391333625728,204.78015843633,0.1745,13.17741269232,0.1476,0.4031,0.2051,1.9654,0.261,-0.041,0.218,0.257,0.174,18.647356,0.005154,---,---,---,---,---,---,18.647356,0.005154,1,J133907.20+131039.0,14.673,13.893,11.170,8.452,0.031,0.039,0.129,---
J1344+6200,A,13,44,48.7144,+,62,00,44.340,Double,4.440000,206.20297650370,62.01231659900,Gaia_DR3,Lemon,2023,2023MNRAS.520.3305L,,---,,206.20400000000,62.01180000000,206.20395186285,62.01190325835,2.2100,---,2023MNRAS.520.3305L,---,,,2.215743,16,---,,,1,DR3Gaia134448.714+620044.34,2,38,3.59892076422,63.72744,1.08231906445,50.36667,20.0267,0.10861,0,0,1,1664316526034711296,206.20297636310,0.4013,62.01231669921,0.3269,0.5265,0.4762,1.1057,0.829,0.662,0.560,-0.498,0.535,20.049568,0.007731,20.109207,0.065859,19.671238,0.072428,1.283,0.437969,20.049568,0.007731,0,,---,---,---,---,---,---,---,---
J1344+6200,B,13,44,49.1825,+,62,00,41.364,Double,4.440000,206.20492722200,62.01148991770,Gaia_DR3,Lemon,2023,2023MNRAS.520.3305L,,---,,206.20400000000,62.01180000000,206.20395186285,62.01190325835,2.2100,---,2023MNRAS.520.3305L,---,,,---,--,---,,,1,DR3Gaia134448.714+620044.34,1,21,3.59895501622,69.78493,1.08230462013,54.12088,20.5751,0.15089,0,0,1,1664316526033584768,206.20492944560,1.1319,62.01149040766,0.6752,-1.6634,1.1015,-1.5101,1.666,1.296,1.166,1.048,1.088,20.639800,0.017668,20.277681,0.118080,19.149208,0.101682,2.674,1.128473,20.642455,0.017710,0,,---,---,---,---,---,---,---,---
SDSSJ134859.31+122653.2,A,13,49,29.8463,+,12,27,06.959,Double,3.011000,207.37435940010,12.45193306850,Gaia_DR3,Kayo,2010,2010AJ....139.1614K,,---,,207.37433330000,12.45188890000,207.37469275825,12.45219558785,1.7220,0.6500,2010AJ....139.1614K,1.727,gG,DR16Q,1.715496,0,---,,,1,DR3Gaia134930.006+122708.85,2,43,3.61936532659,57.49385,0.21732713830,42.91013,17.7355,0.15288,0,0,1,3728132222537608960,207.37435940387,0.0888,12.45193308806,0.0681,0.1357,0.1171,1.1590,0.103,-0.080,0.118,-0.065,0.078,17.635730,0.004531,17.810223,0.016231,17.239410,0.014924,1.224,0.570812,17.635730,0.004531,0,,---,---,---,---,---,---,---,---
SDSSJ134859.31+122653.2,B,13,49,30.0063,+,12,27,08.849,Double,3.011000,207.37502611640,12.45245810720,Gaia_DR3,Kayo,2010,2010AJ....139.1614K,,---,,207.37472000000,12.45213000000,207.37469275825,12.45219558785,1.7220,---,2010AJ....139.1614K,1.727,gG,DR16Q,---,--,---,,,1,DR3Gaia134930.006+122708.85,1,45,3.61937703607,69.07368,0.21733630442,46.41379,19.1611,0.12171,0,0,1,3728132218243655552,207.37502610484,0.2127,12.45245815555,0.1798,-0.2533,0.2963,-0.8548,0.364,0.343,0.279,-0.122,0.209,19.102568,0.003723,19.350943,0.072968,18.491451,0.036340,1.316,0.859491,19.102568,0.003723,0,,---,---,---,---,---,---,---,---
SDSS1353+1138,G,13,53,06.3351,+,11,38,03.869,Double,1.392000,208.27639645000,11.63440814000,Publication,Inada,2006,2006AJ....131.1934I,,---,,208.27639645000,11.63440814000,208.27645588957,11.63453728413,---,0.3000,2006AJ....131.1934I / 2024MNRAS.530..221J,---,,,---,--,---,,,0,,,---,---,---,---,---,---,---,,--,0,---,---,---,---,---,---,---,---,---,---,---,---,---,---,---,---,---,---,---,---,---,---,---,1,J135306.34+113804.5,13.342,12.187,9.203,6.935,0.024,0.022,0.029,0.073
SDSS1353+1138,B,13,53,06.3360,+,11,38,03.540,Double,1.392000,208.27639979210,11.63431667220,Gaia_DR3,Inada,2006,2006AJ....131.1934I,,---,,208.27651210000,11.63426210000,208.27645588957,11.63453728413,1.6290,---,2006AJ....131.1934I / 2024MNRAS.530..221J,---,,,---,--,---,,,1,DR3Gaia135306.353+113804.91,1,46,3.63510891967,56.44271,0.20305732247,90.03063,17.8465,0.54225,0,10,1,3727266494569672576,208.27639979649,0.1044,11.63431670495,0.0759,-0.0358,0.1232,-0.2906,0.625,-0.359,0.131,-0.512,0.097,17.690605,0.004904,---,---,---,---,---,---,17.690605,0.004904,0,,---,---,---,---,---,---,---,---
SDSS1353+1138,A,13,53,06.3525,+,11,38,04.910,Double,1.392000,208.27646876660,11.63469731020,Gaia_DR3,Inada,2006,2006AJ....131.1934I,,---,,208.27644260000,11.63464300000,208.27645588957,11.63453728413,1.6290,0.3000,2006AJ....131.1934I / 2024MNRAS.530..221J,---,,,1.627034,0,---,,,1,DR3Gaia135306.353+113804.91,2,42,3.63511014131,59.97838,0.20306376027,37.90783,16.9312,0.09344,0,0,1,3727266494569190016,208.27646876605,0.0594,11.63469729096,0.0428,-0.0473,0.0698,-0.6772,0.288,0.288,0.075,0.003,0.053,16.859224,0.003550,16.698170,0.015868,16.053314,0.015398,1.725,0.644856,16.862674,0.003554,0,,---,---,---,---,---,---,---,---
SDSS1353+1138,C,13,53,06.3598,+,11,38,04.552,Double,1.392000,208.27649911000,11.63459787000,Publication,Inada,2006,2006AJ....131.1934I,,---,,208.27649911000,11.63459787000,208.27645588957,11.63453728413,1.6290,---,2006AJ....131.1934I / 2024MNRAS.530..221J,---,,,---,--,---,,,0,,,---,---,---,---,---,---,---,,--,0,---,---,---,---,---,---,---,---,---,---,---,---,---,---,---,---,---,---,---,---,---,---,---,0,,---,---,---,---,---,---,---,---
Q1355-2257,B,13,55,43.3579,-,22,57,23.597,Double,1.224000,208.93065774760,-22.95655480000,Gaia_DR3,Morgan,2003,2003AJ....126..696M,,---,,208.93039580000,-22.95645750000,208.93083478900,-22.95650654185,1.3730,---,2007A&A...465...51E,---,,,---,--,1.36600000,KEEP(s),VizieR_J/ApJS/221/12/table1,1,DR3Gaia135543.443-225723.25,1,25,3.64652785363,49.57420,-0.40066748000,50.75357,18.8225,0.10529,0,0,1,6287286424274418176,208.93065765801,1.1453,-22.95655455445,2.1061,---,---,---,---,---,---,---,---,18.734234,0.014041,---,---,---,---,---,---,18.734234,0.014041,1,J135543.41-225723.3,13.707,12.444,9.386,6.884,0.025,0.023,0.035,0.072
Q1355-2257,G,13,55,43.3800,-,22,57,22.900,Double,1.224000,208.93075000000,-22.95636110000,Publication,Morgan,2003,2003AJ....126..696M,,---,,208.93075000000,-22.95636110000,208.93083478900,-22.95650654185,---,0.7020,2007A&A...465...51E,---,,,---,--,1.36600000,KEEP(s),VizieR_J/ApJS/221/12/table1,0,,,---,---,---,---,---,---,---,,--,0,---,---,---,---,---,---,---,---,---,---,---,---,---,---,---,---,---,---,---,---,---,---,---,0,,---,---,---,---,---,---,---,---
Q1355-2257,A,13,55,43.4428,-,22,57,23.250,Double,1.224000,208.93101183040,-22.95645828370,Gaia_DR3,Morgan,2003,2003AJ....126..696M,,---,,208.93075000000,-22.95636110000,208.93083478900,-22.95650654185,1.3730,0.7020,2007A&A...465...51E,---,,,---,--,1.36600000,KEEP(s),VizieR_J/ApJS/221/12/table1,1,DR3Gaia135543.443-225723.25,2,26,3.64653399828,44.16142,-0.40066578058,39.71433,17.3119,0.12956,0,0,1,6287286424275245568,208.93101205798,0.1739,-22.95645856475,0.1904,-0.0235,0.2168,-0.1085,1.594,0.728,0.242,-1.418,0.255,17.194979,0.008191,17.295033,0.025215,16.610565,0.025129,1.382,0.684467,17.194979,0.008191,0,,---,---,---,---,---,---,---,---
SDSSJ135944.21+012809.8,A,13,59,44.1966,+,01,28,09.460,Double,1.072000,209.93415250460,1.46929448650,Gaia_DR3,Jaelani,2021,2021MNRAS.502.1487J,,---,,209.93420000000,1.46930000000,209.93421686125,1.46942880335,1.0960,0.3500,2021MNRAS.502.1487J,1.097,gG,DR16Q,---,--,1.09633000,KEEP(0),EXTERNAL_SDSSDR18_SDSS,1,DR3Gaia135944.197+012809.46,1,12,3.66404225119,51.63596,0.02564396069,65.79594,20.5521,0.13264,0,0,1,3661273699296342016,209.93415279340,1.2748,1.46929444673,0.9597,-1.0983,1.3967,-0.7864,2.137,-1.553,1.901,1.467,1.616,20.721207,0.020876,20.191374,0.154329,19.269680,0.109256,2.784,0.921694,20.724862,0.020945,1,J135944.21+012809.9,14.766,13.531,10.047,7.341,0.031,0.032,0.050,0.105
SDSSJ135944.21+012809.8,B,13,59,44.2275,+,01,28,10.427,Double,1.072000,209.93428121790,1.46956312020,Publication,Jaelani,2021,2021MNRAS.502.1487J,,---,,209.93425000000,1.46961111000,209.93421686125,1.46942880335,1.0960,---,2021MNRAS.502.1487J,1.097,gG,DR16Q,---,--,1.09633000,KEEP(0),EXTERNAL_SDSSDR18_SDSS,0,,,---,---,---,---,---,---,---,,--,0,---,---,---,---,---,---,---,---,---,---,---,---,---,---,---,---,---,---,---,---,---,---,---,0,,---,---,---,---,---,---,---,---
J1400+3134,B,14,00,12.7690,+,31,34,54.158,Double,1.745000,210.05320408670,31.58171043610,Gaia_DR3,Rusu,2016,2016MNRAS.458....2R,,---,,210.05322190000,31.58170140000,210.05337235230,31.58151504645,3.3170,---,2010A&A...518A..10V,3.315,gG,DR16Q,---,--,---,,,1,DR3Gaia140012.850+313452.75,2,54,3.66611994330,56.82456,0.55120485231,45.73958,20.0839,0.12427,0,0,1,1454504422981470976,210.05320428588,0.3498,31.58171046675,0.3401,-0.9628,0.5617,-1.7140,0.524,-0.236,0.568,-0.468,0.410,20.074139,0.006614,---,---,---,---,---,---,20.074139,0.006614,0,,---,---,---,---,---,---,---,---
J1400+3134,G1,14,00,12.8242,+,31,34,53.776,Double,1.745000,210.05343399000,31.58160438000,Publication,Rusu,2016,2016MNRAS.458....2R,,---,,210.05332850000,31.58198610000,210.05337235230,31.58151504645,---,---,2010A&A...518A..10V,3.315,gG,DR16Q,---,--,---,,,0,,,---,---,---,---,---,---,---,,--,0,---,---,---,---,---,---,---,---,---,---,---,---,---,---,---,---,---,---,---,---,---,---,---,1,J140012.82+313453.3,15.072,14.296,10.761,8.459,0.032,0.039,0.065,0.238
J1400+3134,A,14,00,12.8497,+,31,34,52.751,Double,1.745000,210.05354061790,31.58131965680,Gaia_DR3,Rusu,2016,2016MNRAS.458....2R,,---,,210.05355840000,31.58209200000,210.05337235230,31.58151504645,3.3170,---,2010A&A...518A..10V,3.315,gG,DR16Q,3.324892,0,---,,,1,DR3Gaia140012.850+313452.75,1,59,3.66612583361,65.42208,0.55119798858,59.32359,19.6751,0.11710,0,0,1,1454504418686043904,210.05354063963,0.2240,31.58131964961,0.2131,-0.0677,0.3320,-0.2040,0.346,0.214,0.337,0.271,0.253,19.583847,0.006011,19.747644,0.055002,18.985392,0.045986,1.354,0.762253,19.583847,0.006011,0,,---,---,---,---,---,---,---,---
J1400+3134,G2,14,00,13.3483,+,31,34,58.531,Double,1.745000,210.05561772000,31.58292521000,Publication,Rusu,2016,2016MNRAS.458....2R,,---,,210.05114480000,31.58330700000,210.05337235230,31.58151504645,---,---,2010A&A...518A..10V,---,,,---,--,---,,,0,,,---,---,---,---,---,---,---,,--,0,---,---,---,---,---,---,---,---,---,---,---,---,---,---,---,---,---,---,---,---,---,---,---,0,,---,---,---,---,---,---,---,---
B1359+154,B,14,01,35.5142,+,15,13,24.393,Quad,1.672000,210.39797595000,15.22344250000,Publication,Myers,1999,1999AJ....117.2565M,,---,,210.39797595000,15.22344250000,210.39817276667,15.22349750000,3.2350,---,2001ApJ...557..594R,---,,,---,--,---,,,0,,,---,---,---,---,---,---,---,,--,0,---,---,---,---,---,---,---,---,---,---,---,---,---,---,---,---,---,---,---,---,---,---,---,0,,---,---,---,---,---,---,---,---
B1359+154,C,14,01,35.5253,+,15,13,24.006,Quad,1.672000,210.39802201000,15.22333500000,Publication,Myers,1999,1999AJ....117.2565M,,---,,210.39802201000,15.22333500000,210.39817276667,15.22349750000,3.2350,---,2001ApJ...557..594R,---,,,---,--,---,,,0,,,---,---,---,---,---,---,---,,--,0,---,---,---,---,---,---,---,---,---,---,---,---,---,---,---,---,---,---,---,---,---,---,---,0,,---,---,---,---,---,---,---,---
B1359+154,A,14,01,35.5476,+,15,13,25.646,Quad,1.672000,210.39811500000,15.22379056000,Publication,Myers,1999,1999AJ....117.2565M,,---,,210.39811500000,15.22379056000,210.39817276667,15.22349750000,3.2350,1.3500,2001ApJ...557..594R,---,,,---,--,---,,,0,,,---,---,---,---,---,---,---,,--,0,---,---,---,---,---,---,---,---,---,---,---,---,---,---,---,---,---,---,---,---,---,---,---,0,,---,---,---,---,---,---,---,---
B1359+154,G1,14,01,35.5587,+,15,13,24.711,Quad,1.672000,210.39816106000,15.22353083000,Publication,Myers,1999,1999AJ....117.2565M,,---,,210.39816106000,15.22353083000,210.39817276667,15.22349750000,---,1.3500,2001ApJ...557..594R,---,,,---,--,---,,,0,,,---,---,---,---,---,---,---,,--,0,---,---,---,---,---,---,---,---,---,---,---,---,---,---,---,---,---,---,---,---,---,---,---,1,J140135.60+151324.7,15.705,14.754,10.077,7.104,0.042,0.055,0.054,0.097
B1359+154,F,14,01,35.5770,+,15,13,24.695,Quad,1.672000,210.39823764000,15.22352639000,Publication,Myers,1999,1999AJ....117.2565M,,---,,210.39823764000,15.22352639000,210.39817276667,15.22349750000,3.2350,---,2001ApJ...557..594R,---,,,---,--,---,,,0,,,---,---,---,---,---,---,---,,--,0,---,---,---,---,---,---,---,---,---,---,---,---,---,---,---,---,---,---,---,---,---,---,---,0,,---,---,---,---,---,---,---,---
B1359+154,G3,14,01,35.5873,+,15,13,24.130,Quad,1.672000,210.39828053000,15.22336944000,Publication,Myers,1999,1999AJ....117.2565M,,---,,210.39828053000,15.22336944000,210.39817276667,15.22349750000,---,0.9400,2001ApJ...557..594R,---,,,---,--,---,,,0,,,---,---,---,---,---,---,---,,--,0,---,---,---,---,---,---,---,---,---,---,---,---,---,---,---,---,---,---,---,---,---,---,---,0,,---,---,---,---,---,---,---,---
B1359+154,E,14,01,35.5909,+,15,13,24.517,Quad,1.672000,210.39829550000,15.22347694000,Publication,Myers,1999,1999AJ....117.2565M,,---,,210.39829550000,15.22347694000,210.39817276667,15.22349750000,3.2350,---,2001ApJ...557..594R,---,,,---,--,---,,,0,,,---,---,---,---,---,---,---,,--,0,---,---,---,---,---,---,---,---,---,---,---,---,---,---,---,---,---,---,---,---,---,---,---,0,,---,---,---,---,---,---,---,---
B1359+154,G2,14,01,35.5931,+,15,13,24.956,Quad,1.672000,210.39830442000,15.22359889000,Publication,Myers,1999,1999AJ....117.2565M,,---,,210.39830442000,15.22359889000,210.39817276667,15.22349750000,---,0.8800,2001ApJ...557..594R,---,,,---,--,---,,,0,,,---,---,---,---,---,---,---,,--,0,---,---,---,---,---,---,---,---,---,---,---,---,---,---,---,---,---,---,---,---,---,---,---,0,,---,---,---,---,---,---,---,---
B1359+154,D,14,01,35.6137,+,15,13,24.289,Quad,1.672000,210.39839050000,15.22341361000,Publication,Myers,1999,1999AJ....117.2565M,,---,,210.39839050000,15.22341361000,210.39817276667,15.22349750000,3.2350,---,2001ApJ...557..594R,---,,,---,--,---,,,0,,,---,---,---,---,---,---,---,,--,0,---,---,---,---,---,---,---,---,---,---,---,---,---,---,---,---,---,---,---,---,---,---,---,0,,---,---,---,---,---,---,---,---
SDSSJ1405+0959,B,14,05,15.4050,+,09,59,29.343,Double,1.973000,211.31418730020,9.99148430160,Gaia_DR3,Inada,2014,2014AJ....147..153I,,---,,211.31425000000,9.99202780000,211.31422415790,9.99175589535,1.8100,---,2012AJ....143..119I,1.830,gG,DR16Q,---,--,2.58420000,REMOVE(64),HEASARC_sdssquasar,1,DR3Gaia140515.423+095931.30,2,32,3.68812825371,82.04768,0.17438433024,67.17142,20.3193,0.12811,0,0,1,3723950157047556864,211.31418698344,0.6260,9.99148430101,0.5052,-0.5403,0.6879,-0.7853,1.182,1.104,0.921,-0.424,0.675,20.392498,0.009216,---,---,---,---,---,---,20.392498,0.009216,0,,---,---,---,---,---,---,---,---
SDSSJ1405+0959,A,14,05,15.4226,+,09,59,31.299,Double,1.973000,211.31426101560,9.99202748910,Gaia_DR3,Inada,2014,2014AJ....147..153I,,---,,211.31425000000,9.99202780000,211.31422415790,9.99175589535,1.8100,0.6600,2012AJ....143..119I,1.830,gG,DR16Q,1.810618,0,2.58420000,REMOVE(64),HEASARC_sdssquasar,1,DR3Gaia140515.423+095931.30,1,37,3.68812954551,45.92254,0.17439376828,49.28181,19.4548,0.12661,0,0,1,3723950157046484096,211.31426108476,0.2416,9.99202741601,0.2181,-0.7179,0.2857,-2.5124,0.629,-0.600,0.333,-0.188,0.289,19.374043,0.005018,19.434465,0.053123,18.514927,0.051609,1.615,0.919539,19.374043,0.005018,1,J140515.45+095930.4,14.435,13.510,10.271,7.893,0.028,0.032,0.058,0.148
SDSS1406+6126,B,14,06,24.6080,+,61,26,39.914,Double,1.986000,211.60253339880,61.44442064810,Gaia_DR3,Inada,2007,2007AJ....133..206I,,---,,211.60442890000,61.44438480000,211.60301071935,61.44457565715,2.1340,---,2010A&A...518A..10V,2.135,gG,DR16Q,---,--,---,,,1,DR3Gaia140624.837+612641.03,1,31,3.69316110512,99.38119,1.07240749473,77.74012,20.2994,0.18872,0,0,1,1661333967598632576,211.60253246679,0.8725,61.44442040054,0.7303,1.7697,0.9905,1.7867,5.049,1.050,1.201,-4.938,1.131,20.424547,0.019734,19.659777,0.071798,18.396698,0.042441,4.192,1.263079,20.426101,0.019762,1,J140624.70+612640.3,15.031,14.384,11.236,8.592,0.031,0.042,0.105,0.243
SDSS1406+6126,G,14,06,24.6726,+,61,26,40.306,Double,1.986000,211.60280245040,61.44452953140,Gaia_DR3,Inada,2007,2007AJ....133..206I,,---,,211.60412320000,61.44449010000,211.60301071935,61.44457565715,---,0.2700,2007AJ....133..206I,2.135,gG,DR16Q,---,--,---,,,1,DR3Gaia140624.837+612641.03,3,17,3.69316559462,69.23778,1.07240914948,53.08534,20.4586,0.20070,0,0,1,1661333967599270272,211.60281862570,17.1239,61.44452461009,10.7117,---,---,---,---,---,---,---,---,21.345385,0.040995,---,---,---,---,---,---,21.345385,0.040995,0,,---,---,---,---,---,---,---,---
SDSS1406+6126,A,14,06,24.8371,+,61,26,41.030,Double,1.986000,211.60348803990,61.44473066620,Gaia_DR3,Inada,2007,2007AJ....133..206I,,---,,211.60344910000,61.44469840000,211.60301071935,61.44457565715,2.1340,---,2010A&A...518A..10V,2.135,gG,DR16Q,2.118342,16,---,,,1,DR3Gaia140624.837+612641.03,2,44,3.69317757197,54.23384,1.07241294680,56.60943,20.0170,0.16086,0,0,1,1661333963305005184,211.60348828163,0.3066,61.44473073241,0.3003,0.3710,0.3490,1.0631,0.611,-0.371,0.428,0.486,0.402,19.969536,0.007657,19.664450,0.069045,18.602142,0.069781,2.444,1.062307,19.972607,0.007676,0,,---,---,---,---,---,---,---,---
J1408+0422,A,14,08,33.7315,+,04,22,30.018,Double,3.129000,212.14054784600,4.37500490760,Gaia_DR3,Lemon,2023,2023MNRAS.520.3305L,,---,,212.14060000000,4.37470000000,212.14058196737,4.37457169227,3.0050,---,2023MNRAS.520.3305L,3.005,pG,LEMON4,---,--,---,,,0,,,---,---,---,---,---,---,---,,--,1,3671120169521189376,212.14054774146,1.0245,4.37500483088,0.7638,0.4282,1.1550,0.3708,1.892,1.169,1.080,1.487,0.914,20.445486,0.013837,20.765238,0.168409,20.151670,0.174277,1.092,0.613567,20.448788,0.013878,0,,---,---,---,---,---,---,---,---
J1408+0422,B,14,08,33.7479,+,04,22,26.899,Double,3.129000,212.14061608875,4.37413847694,Publication,Lemon,2023,2023MNRAS.520.3305L,,---,,212.14060000000,4.37470000000,212.14058196737,4.37457169227,3.0050,---,2023MNRAS.520.3305L,3.005,pG,LEMON4,---,--,---,,,0,,,---,---,---,---,---,---,---,,--,0,---,---,---,---,---,---,---,---,---,---,---,---,---,---,---,---,---,---,---,---,---,---,---,0,,---,---,---,---,---,---,---,---
HST14113+5211,C,14,11,19.5400,+,52,11,30.300,Quad,2.333000,212.83141666670,52.19175000000,Publication,Fischer,1998,1998ApJ...503L.127F,,---,,212.83141666667,52.19175000000,212.83193750000,52.19167361110,2.8110,---,2000AJ....119..451L,2.810,g,FISCBA,---,--,---,,,0,,,---,---,---,---,---,---,---,,--,0,---,---,---,---,---,---,---,---,---,---,---,---,---,---,---,---,---,---,---,---,---,---,---,0,,---,---,---,---,---,---,---,---
HST14113+5211,D,14,11,19.6400,+,52,11,29.300,Quad,2.333000,212.83183333330,52.19147222220,Publication,Fischer,1998,1998ApJ...503L.127F,,---,,212.83183333333,52.19147222222,212.83193750000,52.19167361110,2.8110,---,2000AJ....119..451L,2.810,g,FISCBA,---,--,---,,,0,,,---,---,---,---,---,---,---,,--,0,---,---,---,---,---,---,---,---,---,---,---,---,---,---,---,---,---,---,---,---,---,---,---,1,J141119.63+521129.3,16.392,16.924,13.001,9.368,0.058,0.263,---,---
HST14113+5211,G,14,11,19.6700,+,52,11,30.000,Quad,2.333000,212.83195833330,52.19166666670,Publication,Fischer,1998,1998ApJ...503L.127F,,---,,212.83195833333,52.19166666667,212.83193750000,52.19167361110,---,0.4641,2000AJ....119..451L,2.810,g,FISCBA,---,--,---,,,0,,,---,---,---,---,---,---,---,,--,0,---,---,---,---,---,---,---,---,---,---,---,---,---,---,---,---,---,---,---,---,---,---,---,0,,---,---,---,---,---,---,---,---
HST14113+5211,B,14,11,19.6900,+,52,11,30.600,Quad,2.333000,212.83204166670,52.19183333330,Publication,Fischer,1998,1998ApJ...503L.127F,,---,,212.83204166667,52.19183333333,212.83193750000,52.19167361110,2.8110,---,2000AJ....119..451L,2.810,g,FISCBA,---,--,---,,,0,,,---,---,---,---,---,---,---,,--,0,---,---,---,---,---,---,---,---,---,---,---,---,---,---,---,---,---,---,---,---,---,---,---,0,,---,---,---,---,---,---,---,---
HST14113+5211,A,14,11,19.7900,+,52,11,29.900,Quad,2.333000,212.83245833330,52.19163888890,Publication,Fischer,1998,1998ApJ...503L.127F,,---,,212.83245833333,52.19163888889,212.83193750000,52.19167361110,2.8110,0.4641,2000AJ....119..451L,2.810,g,FISCBA,---,--,---,,,0,,,---,---,---,---,---,---,---,,--,0,---,---,---,---,---,---,---,---,---,---,---,---,---,---,---,---,---,---,---,---,---,---,---,0,,---,---,---,---,---,---,---,---
HSCJ141136-010216,S,14,11,36.5200,-,01,02,15.800,Quad,0.000000,212.90216666667,-1.03772222222,Publication,Chan,2020,2020A&A...636A..87C,,---,,212.90216666667,-1.03772222222,212.90216666667,-1.03772222222,3.0210,0.9490,2009A&A...507...35A,---,,,---,--,0.94770689,,EXTERNAL_DESI,0,,,---,---,---,---,---,---,---,,--,0,---,---,---,---,---,---,---,---,---,---,---,---,---,---,---,---,---,---,---,---,---,---,---,0,,---,---,---,---,---,---,---,---
SDSSJ1412+5204,B,14,12,10.0800,+,52,04,22.160,Double,1.525000,213.04200000000,52.07282220000,Publication,More,2016,2016MNRAS.456.1595M,,---,,213.04200000000,52.07282220000,213.04220457345,52.07299269855,2.9520,---,2016MNRAS.456.1595M,---,,,---,--,---,,,0,,,---,---,---,---,---,---,---,,--,0,---,---,---,---,---,---,---,---,---,---,---,---,---,---,---,---,---,---,---,---,---,---,---,0,,---,---,---,---,---,---,---,---
SDSSJ1412+5204,G,14,12,10.1140,+,52,04,22.460,Double,1.525000,213.04214170000,52.07290560000,Publication,More,2016,2016MNRAS.456.1595M,,---,,213.04214170000,52.07290560000,213.04220457345,52.07299269855,---,---,2016MNRAS.456.1595M,---,,,---,--,---,,,0,,,---,---,---,---,---,---,---,,--,0,---,---,---,---,---,---,---,---,---,---,---,---,---,---,---,---,---,---,---,---,---,---,---,0,,---,---,---,---,---,---,---,---
SDSSJ1412+5204,A,14,12,10.1782,+,52,04,23.388,Double,1.525000,213.04240914690,52.07316319710,Gaia_DR3,More,2016,2016MNRAS.456.1595M,,---,,213.04232500000,52.07319440000,213.04220457345,52.07299269855,2.9520,---,2016MNRAS.456.1595M,---,,,2.945436,0,---,,,1,DR3Gaia141210.178+520423.39,1,67,3.71829141339,64.15509,0.90884817565,50.80251,19.4443,0.21235,0,0,1,1512004689227301632,213.04240911026,0.1622,52.07316320947,0.1611,0.4217,0.1948,2.1648,0.626,0.320,0.208,-0.538,0.195,19.313732,0.006566,19.492725,0.036466,18.877089,0.039811,1.244,0.615637,19.313732,0.006566,0,,---,---,---,---,---,---,---,---
H1413+117,C,14,15,46.1933,+,11,29,43.845,Quad,1.338000,213.94247201630,11.49551262790,Gaia_DR3,Magain,1988,1988Natur.334..325M,,---,,213.94319390000,11.49503140000,213.94265276855,11.49545007778,2.5510,---,2021AJ....162..175O,---,,,---,--,---,,,1,DR3Gaia141546.227+112943.12,2,34,3.73400058436,50.88437,0.20063453698,53.34495,18.0184,0.11790,0,0,1,1225461582386033536,213.94252589720,5.7127,11.49553172328,2.5842,---,---,---,---,---,---,---,---,17.638054,0.019402,---,---,---,---,---,---,17.638054,0.019402,1,J141546.23+112943.5,13.001,11.663,7.782,5.382,0.023,0.022,0.016,0.032
H1413+117,A,14,15,46.2268,+,11,29,43.130,Quad,1.338000,213.94261176100,11.49531384290,Gaia_DR3,Magain,1988,1988Natur.334..325M,,---,,213.94333330000,11.49483330000,213.94265276855,11.49545007778,2.5510,1.6600,2021AJ....162..175O,---,,,---,--,---,,,1,DR3Gaia141546.227+112943.12,1,36,3.73400300509,56.97439,0.20063107117,43.33679,17.7365,0.16022,0,0,1,1225461582386571008,213.94261159532,0.9189,11.49531201636,0.9320,---,---,---,---,---,---,---,---,17.568720,0.015422,16.787933,0.037386,16.021502,0.025099,3.239,0.766432,17.568720,0.015422,0,,---,---,---,---,---,---,---,---
H1413+117,G,14,15,46.2300,+,11,29,43.600,Quad,1.338000,213.94262500000,11.49544440000,Publication,Magain,1988,1988Natur.334..325M,,---,,213.94262500000,11.49544440000,213.94265276855,11.49545007778,---,1.6600,2021AJ....162..175O,---,,,---,--,---,,,0,,,---,---,---,---,---,---,---,,--,0,---,---,---,---,---,---,---,---,---,---,---,---,---,---,---,---,---,---,---,---,---,---,---,0,,---,---,---,---,---,---,---,---
H1413+117,D,14,15,46.2498,+,11,29,44.195,Quad,1.338000,213.94270739160,11.49560958530,Gaia_FPR,Magain,1988,1988Natur.334..325M,,---,,213.94270833000,11.49555556000,213.94265276855,11.49545007778,2.5510,---,2021AJ....162..175O,---,,,---,--,---,,,1,DR3Gaia141546.227+112943.12,4,37,3.73400465412,67.30469,0.20063614859,44.72370,18.2285,0.13508,0,0,0,---,---,---,---,---,---,---,---,---,---,---,---,---,---,---,---,---,---,---,---,---,---,---,0,,---,---,---,---,---,---,---,---
H1413+117,B,14,15,46.2768,+,11,29,43.311,Quad,1.338000,213.94281990530,11.49536425500,Gaia_DR3,Magain,1988,1988Natur.334..325M,,---,,213.94354420000,11.49488000000,213.94265276855,11.49545007778,2.5510,---,2021AJ....162..175O,---,,,---,--,---,,,1,DR3Gaia141546.227+112943.12,3,36,3.73400653952,66.78627,0.20063190582,51.33344,17.7713,0.11865,0,0,1,1225461582386033792,213.94281909923,1.0123,11.49536505201,1.2262,---,---,---,---,---,---,---,---,17.574091,0.015704,17.001703,0.108992,16.056845,0.114276,2.931,0.944859,17.574091,0.015704,0,,---,---,---,---,---,---,---,---
HST14164+5215,B,14,16,25.0542,+,52,14,32.781,Double,2.228000,214.10439260000,52.24243920000,Publication,Ratnatunga,1999,1999AJ....117.2010R,,---,,214.10439260000,52.24243920000,214.10469630000,52.24219180000,---,---,,---,,,---,--,---,,,0,,,---,---,---,---,---,---,---,,--,0,---,---,---,---,---,---,---,---,---,---,---,---,---,---,---,---,---,---,---,---,---,---,---,0,,---,---,---,---,---,---,---,---
HST14164+5215,G,14,16,25.1303,+,52,14,32.004,Double,2.228000,214.10470970000,52.24222330000,Publication,Ratnatunga,1999,1999AJ....117.2010R,,---,,214.10470970000,52.24222330000,214.10469630000,52.24219180000,---,---,,---,,,---,--,---,,,0,,,---,---,---,---,---,---,---,,--,0,---,---,---,---,---,---,---,---,---,---,---,---,---,---,---,---,---,---,---,---,---,---,---,0,,---,---,---,---,---,---,---,---
HST14164+5215,A,14,16,25.2000,+,52,14,31.000,Double,2.228000,214.10500000000,52.24194440000,Publication,Ratnatunga,1999,1999AJ....117.2010R,,---,,214.10500000000,52.24194440000,214.10469630000,52.24219180000,---,---,,---,,,---,--,---,,,0,,,---,---,---,---,---,---,---,,--,0,---,---,---,---,---,---,---,---,---,---,---,---,---,---,---,---,---,---,---,---,---,---,---,1,J141625.27+521431.4,17.782,17.742,13.125,9.150,0.155,---,---,---
HST14176+5226,S,14,17,35.7000,+,52,26,46.000,Quad,0.000000,214.39874999000,52.44611111000,Publication,Crampton,1996,1996A&A...307L..53C,,---,,214.39874999000,52.44611111000,214.39874999000,52.44611111000,3.4000,0.8090,1996A&A...307L..53C,---,,,---,--,---,,,0,,,---,---,---,---,---,---,---,,--,0,---,---,---,---,---,---,---,---,---,---,---,---,---,---,---,---,---,---,---,---,---,---,---,1,J141735.70+522646.1,15.528,15.314,12.778,9.298,0.036,0.069,---,---
B1422+231,C,14,24,38.0656,+,22,55,59.821,Quad,1.288000,216.15860668060,22.93328369490,Gaia_DR3,Patnaik,1992,1992MNRAS.259P...1P,,---,,216.15860700000,22.93329170000,216.15878309285,22.93340636870,3.6200,---,2012A&A...538A..99S,---,,,---,--,---,,,1,DR3Gaia142438.118+225600.88,3,42,3.77267933201,39.48689,0.40026125238,49.34060,17.0030,0.10372,0,0,1,1254357435158834560,216.15860669674,0.0553,22.93328371349,0.0642,0.1304,0.0777,1.6785,0.061,0.038,0.071,-0.048,0.083,16.905000,0.003078,---,---,---,---,---,---,16.905000,0.003078,1,J142438.09+225600.4,11.628,11.117,8.249,5.956,0.022,0.019,0.021,0.039
B1422+231,B,14,24,38.0899,+,22,56,00.572,Quad,1.288000,216.15870797490,22.93349216390,Gaia_DR3,Patnaik,1992,1992MNRAS.259P...1P,,---,,216.15870830000,22.93350000000,216.15878309285,22.93340636870,3.6200,---,2012A&A...538A..99S,---,,,---,--,---,,,1,DR3Gaia142438.118+225600.88,2,30,3.77268117736,40.64931,0.40026493948,50.62897,16.7589,0.11625,0,0,1,1254357435159465088,216.15870737028,0.9796,22.93349240048,0.9355,---,---,---,---,---,---,---,---,16.693878,0.004205,---,---,---,---,---,---,16.693878,0.004205,0,,---,---,---,---,---,---,---,---
B1422+231,A,14,24,38.1178,+,22,56,00.889,Quad,1.288000,216.15882424800,22.93358019600,Gaia_DR3,Patnaik,1992,1992MNRAS.259P...1P,,---,,216.15870830000,22.93350000000,216.15878309285,22.93340636870,3.6200,0.3366,2012A&A...538A..99S,---,,,---,--,---,,,1,DR3Gaia142438.118+225600.88,1,41,3.77268308947,62.84556,0.40026629364,49.18330,16.3018,0.19218,0,0,1,1254357435158834688,216.15882586984,0.3802,22.93357782344,0.4345,1.4864,0.6308,2.3562,1.719,1.511,0.496,0.821,0.531,16.310253,0.003796,15.946438,0.015163,14.919835,0.011563,2.529,1.026603,16.313512,0.003801,0,,---,---,---,---,---,---,---,---
B1422+231,G,14,24,38.1437,+,22,55,59.944,Quad,1.288000,216.15893210000,22.93331780000,Publication,Patnaik,1992,1992MNRAS.259P...1P,,---,,216.15893210000,22.93331780000,216.15878309285,22.93340636870,---,0.3366,2012A&A...538A..99S,---,,,---,--,---,,,0,,,---,---,---,---,---,---,---,,--,0,---,---,---,---,---,---,---,---,---,---,---,---,---,---,---,---,---,---,---,---,---,---,---,0,,---,---,---,---,---,---,---,---
B1422+231,D,14,24,38.1584,+,22,55,59.770,Quad,1.288000,216.15899346790,22.93326942000,Gaia_DR3,Patnaik,1992,1992MNRAS.259P...1P,,---,,216.15899430000,22.93327720000,216.15878309285,22.93340636870,3.6200,---,2012A&A...538A..99S,---,,,---,--,---,,,1,DR3Gaia142438.118+225600.88,4,41,3.77268613515,50.87369,0.40026100966,59.30425,19.7946,0.21745,0,0,1,1254357435158834816,216.15899465487,70.5708,22.93326995909,46.0939,---,---,---,---,---,---,---,---,19.922346,0.018328,---,---,---,---,---,---,19.922346,0.018328,0,,---,---,---,---,---,---,---,---
SDSSJ1433+6007,C,14,33,22.6977,+,60,07,14.999,Quad,3.754000,218.34457373385,60.12083310550,Gaia_DR3,Agnello,2018,2018MNRAS.474.3391A,,---,,218.34457450000,60.12083299000,218.34517599808,60.12086454994,2.7370,---,2018MNRAS.474.3391A,---,,,---,--,---,,,0,,,---,---,---,---,---,---,---,,--,1,1618050558501139712,218.34457373385,0.6058,60.12083310550,0.5942,0.0918,0.6334,0.1449,1.513,0.356,0.909,1.471,0.769,20.333284,0.013200,---,---,---,---,---,---,20.333284,0.013200,0,,---,---,---,---,---,---,---,---
SDSSJ1433+6007,B,14,33,22.7992,+,60,07,13.374,Quad,3.754000,218.34499660377,60.12038160212,Gaia_DR3,Agnello,2018,2018MNRAS.474.3391A,,---,,218.34499660000,60.12038160000,218.34517599808,60.12086454994,2.7370,---,2018MNRAS.474.3391A,---,,,---,--,---,,,0,,,---,---,---,---,---,---,---,,--,1,1618050348048027648,218.34499660377,0.3649,60.12038160212,0.3309,0.4324,0.3748,1.1538,1.022,-1.022,0.533,-0.024,0.455,19.938929,0.008828,19.817140,0.063701,19.566172,0.076732,---,0.250969,19.938412,0.008824,0,,---,---,---,---,---,---,---,---
SDSSJ1433+6007,A,14,33,22.7994,+,60,07,17.128,Quad,3.754000,218.34499733469,60.12142439214,Gaia_DR3,Agnello,2018,2018MNRAS.474.3391A,,---,,218.34499994000,60.12142466000,218.34517599808,60.12086454994,2.7370,---,2018MNRAS.474.3391A,---,,,---,--,---,,,0,,,---,---,---,---,---,---,---,,--,1,1618050554206457984,218.34499733469,0.4018,60.12142439214,0.3791,-0.4247,0.4329,-0.9810,0.587,0.199,0.570,0.552,0.524,20.056362,0.009709,20.080725,0.085969,19.845505,0.099368,---,0.235220,20.056362,0.009709,0,,---,---,---,---,---,---,---,---
SDSSJ1433+6007,G,14,33,22.9246,+,60,07,15.069,Quad,3.754000,218.34551906000,60.12085244000,HST,Agnello,2018,2018MNRAS.474.3391A,,---,,218.34551906000,60.12085244000,218.34517599808,60.12086454994,---,0.4070,2018MNRAS.474.3391A,---,,,---,--,---,,,0,,,---,---,---,---,---,---,---,,--,0,---,---,---,---,---,---,---,---,---,---,---,---,---,---,---,---,---,---,---,---,---,---,---,0,,---,---,---,---,---,---,---,---
SDSSJ1433+6007,D,14,33,23.0727,+,60,07,14.949,Quad,3.754000,218.34613632000,60.12081910000,HST,Agnello,2018,2018MNRAS.474.3391A,,---,,218.34613632000,60.12081910000,218.34517599808,60.12086454994,2.7370,0.4070,2018MNRAS.474.3391A,---,,,---,--,---,,,0,,,---,---,---,---,---,---,---,,--,0,---,---,---,---,---,---,---,---,---,---,---,---,---,---,---,---,---,---,---,---,---,---,---,0,,---,---,---,---,---,---,---,---
SDSSJ1442+4055,B,14,42,54.6000,+,40,55,34.972,Double,2.132000,220.72749979330,40.92638119240,Gaia_DR3,More,2016,2016MNRAS.456.1595M,,---,,220.72755830000,40.92643890000,220.72787809400,40.92645836200,2.5750,---,2018A&A...616A.118G,2.593,gG,DR16Q,2.593893,16,---,,,1,DR3Gaia144254.600+405534.97,1,58,3.85242155215,40.68086,0.71430003578,42.45791,18.8922,0.13891,0,0,1,1489599970852674176,220.72749978134,0.1190,40.92638093629,0.1362,-0.0601,0.1662,-0.3616,0.186,-0.084,0.140,0.166,0.177,18.803139,0.004380,18.889242,0.055232,17.892515,0.059368,1.644,0.996727,18.806535,0.004388,0,,---,---,---,---,---,---,---,---
SDSSJ1442+4055,G,14,42,54.6960,+,40,55,35.380,Double,2.132000,220.72790000000,40.92649440000,Gaia_FPR,More,2016,2016MNRAS.456.1595M,,---,,220.72790000000,40.92649440000,220.72787809400,40.92645836200,---,0.2800,2018A&A...616A.118G,2.593,gG,DR16Q,---,--,---,,,1,DR3Gaia144254.600+405534.97,2,3,3.85242650071,33.80923,0.71430061368,30.03760,20.7812,0.02706,0,0,0,---,---,---,---,---,---,---,---,---,---,---,---,---,---,---,---,---,---,---,---,---,---,---,1,J144254.69+405535.0,13.818,12.811,9.157,6.777,0.024,0.024,0.026,0.059
SDSSJ1442+4055,A,14,42,54.7815,+,40,55,35.528,Double,2.132000,220.72825639470,40.92653553160,Gaia_DR3,More,2016,2016MNRAS.456.1595M,,---,,220.72831250000,40.92659440000,220.72787809400,40.92645836200,2.5750,0.2800,2018A&A...616A.118G,2.593,gG,DR16Q,2.595199,0,---,,,1,DR3Gaia144254.600+405534.97,3,57,3.85243479117,52.58013,0.71430273483,47.48262,18.0735,0.10989,0,0,1,1489600073930470912,220.72825637419,0.0650,40.92653559485,0.0767,0.0225,0.0929,0.2427,0.068,0.067,0.077,0.010,0.101,17.968975,0.004135,18.145947,0.021709,17.250187,0.017693,1.432,0.895760,17.968975,0.004135,0,,---,---,---,---,---,---,---,---
SDSSJ1452+4224,B,14,52,11.4900,+,42,24,30.610,Double,1.594000,223.04787500000,42.40850280000,Publication,More,2016,2016MNRAS.456.1595M,,---,,223.04787500000,42.40850280000,223.04789585000,42.40828195000,4.8190,---,2016MNRAS.456.1595M,4.819,gmN,BQLS,---,--,---,,,0,,,---,---,---,---,---,---,---,,--,0,---,---,---,---,---,---,---,---,---,---,---,---,---,---,---,---,---,---,---,---,---,---,---,0,,---,---,---,---,---,---,---,---
SDSSJ1452+4224,G,14,52,11.4900,+,42,24,29.620,Double,1.594000,223.04787500000,42.40822780000,Publication,More,2016,2016MNRAS.456.1595M,,---,,223.04787500000,42.40822780000,223.04789585000,42.40828195000,---,0.3820,2016MNRAS.456.1595M,4.819,gmN,BQLS,---,--,---,,,0,,,---,---,---,---,---,---,---,,--,0,---,---,---,---,---,---,---,---,---,---,---,---,---,---,---,---,---,---,---,---,---,---,---,1,J145211.50+422429.5,15.595,15.293,12.721,8.964,0.036,0.066,---,---
SDSSJ1452+4224,A,14,52,11.5000,+,42,24,29.020,Double,1.594000,223.04791670000,42.40806110000,Publication,More,2016,2016MNRAS.456.1595M,,---,,223.04791670000,42.40806110000,223.04789585000,42.40828195000,4.8190,0.3820,2016MNRAS.456.1595M,4.819,gmN,BQLS,---,--,---,,,0,,,---,---,---,---,---,---,---,,--,0,---,---,---,---,---,---,---,---,---,---,---,---,---,---,---,---,---,---,---,---,---,---,---,0,,---,---,---,---,---,---,---,---
SDSSJ1455+1447,B,14,55,01.8189,+,14,47,35.444,Double,1.752000,223.75757883200,14.79317875530,Gaia_DR3,Kayo,2010,2010AJ....139.1614K,,---,,223.75798280000,14.79300290000,223.75780987050,14.79308221210,1.4240,---,2010AJ....139.1614K / 2024MNRAS.530..221J,1.424,gG,DR16Q,---,--,---,,,1,DR3Gaia145501.930+144734.75,1,38,3.90530648490,49.76325,0.25818967460,63.80883,19.7467,0.10984,0,0,1,1185445780114331392,223.75757875983,0.3507,14.79317876988,0.4033,0.4974,0.4964,1.0019,0.883,0.691,0.498,0.549,0.582,19.737059,0.006246,---,---,---,---,---,---,19.737059,0.006246,0,,---,---,---,---,---,---,---,---
SDSSJ1455+1447,A,14,55,01.9298,+,14,47,34.748,Double,1.752000,223.75804090900,14.79298566890,Gaia_DR3,Kayo,2010,2010AJ....139.1614K,,---,,223.75798280000,14.79300290000,223.75780987050,14.79308221210,1.4240,0.4200,2010AJ....139.1614K / 2024MNRAS.530..221J,1.424,gG,DR16Q,1.428877,0,---,,,1,DR3Gaia145501.930+144734.75,2,39,3.90531457654,34.62768,0.25818637371,44.93019,18.6923,0.10159,0,0,1,1185445780111141248,223.75804091581,0.1430,14.79298566077,0.1755,0.0853,0.2017,0.4229,0.315,-0.074,0.193,-0.307,0.227,18.613104,0.004296,18.763561,0.041184,17.756823,0.027389,1.558,1.006739,18.616456,0.004304,1,J145501.89+144735.0,14.183,12.997,10.091,7.953,0.025,0.025,0.045,0.143
SDSSJ1458-0202,A,14,58,47.5873,-,02,02,06.022,Double,2.438000,224.69828044875,-2.03500624722,Publication,More,2016,2016MNRAS.456.1595M,,---,,224.69825000000,-2.03476670000,224.69849378875,-2.03474314278,1.7240,---,2016MNRAS.456.1595M,1.724,g,DR16,---,--,1.72414800,KEEP(0),EXTERNAL_SDSSDR18_BOSS,0,,,---,---,---,---,---,---,---,,--,0,---,---,---,---,---,---,---,---,---,---,---,---,---,---,---,---,---,---,---,---,---,---,---,0,,---,---,---,---,---,---,---,---
SDSSJ1458-0202,G,14,58,47.6570,-,02,02,05.141,Double,2.438000,224.69857095417,-2.03476128806,Publication,More,2016,2016MNRAS.456.1595M,,---,,224.69854170000,-2.03449720000,224.69849378875,-2.03474314278,---,---,2016MNRAS.456.1595M,1.724,g,DR16,---,--,1.72414800,KEEP(0),EXTERNAL_SDSSDR18_BOSS,0,,,---,---,---,---,---,---,---,,--,0,---,---,---,---,---,---,---,---,---,---,---,---,---,---,---,---,---,---,---,---,---,---,---,1,J145847.65-020204.9,14.824,14.487,12.148,9.287,0.033,0.060,---,---
SDSSJ1458-0202,B,14,58,47.6897,-,02,02,04.128,Double,2.438000,224.69870712875,-2.03448003833,Publication,More,2016,2016MNRAS.456.1595M,,---,,224.69862500000,-2.03430280000,224.69849378875,-2.03474314278,1.7240,---,2016MNRAS.456.1595M,1.724,g,DR16,---,--,1.72414800,KEEP(0),EXTERNAL_SDSSDR18_BOSS,0,,,---,---,---,---,---,---,---,,--,0,---,---,---,---,---,---,---,---,---,---,---,---,---,---,---,---,---,---,---,---,---,---,---,0,,---,---,---,---,---,---,---,---
J1508+3844,A,15,08,43.8060,+,38,44,21.616,Double,1.690000,227.18252496880,38.73933780710,Gaia_DR3,Lemon,2018,2018MNRAS.479.5060L,,---,,227.18235170000,38.73953440000,227.18278485790,38.73945606515,1.6800,---,2018MNRAS.479.5060L,1.680,gG,LEMON,---,--,---,,,1,DR3Gaia150843.806+384421.62,1,40,3.96508300418,67.94612,0.67612899133,72.92019,20.3148,0.25014,0,0,1,1295547782140509568,227.18252474770,0.4460,38.73933763535,0.4928,0.6195,0.5276,1.1741,0.369,-0.348,0.537,-0.123,0.579,20.333574,0.016982,20.352808,0.092998,19.321325,0.081038,1.782,1.031483,20.336809,0.017031,1,J150843.88+384421.7,14.582,13.836,11.922,9.440,0.028,0.032,0.185,0.463
J1508+3844,G,15,08,43.8880,+,38,44,21.768,Double,1.690000,227.18286668000,38.73937988000,Publication,Lemon,2018,2018MNRAS.479.5060L,,---,,227.18286668000,38.73937988000,227.18278485790,38.73945606515,---,---,2018MNRAS.479.5060L,---,,,---,--,---,,,0,,,---,---,---,---,---,---,---,,--,0,---,---,---,---,---,---,---,---,---,---,---,---,---,---,---,---,---,---,---,---,---,---,---,0,,---,---,---,---,---,---,---,---
J1508+3844,B,15,08,43.9307,+,38,44,22.468,Double,1.690000,227.18304474700,38.73957432320,Gaia_DR3,Lemon,2018,2018MNRAS.479.5060L,,---,,227.18287170000,38.73928720000,227.18278485790,38.73945606515,1.6800,---,2018MNRAS.479.5060L,1.680,gG,LEMON,---,--,---,,,1,DR3Gaia150843.806+384421.62,2,14,3.96509225548,95.49012,0.67613308876,64.17949,20.6618,0.09467,0,0,1,1295547782143170176,227.18304464841,1.5347,38.73957474676,1.5483,---,---,---,---,---,---,---,---,20.897125,0.018514,20.284325,0.021871,19.277992,0.036819,3.145,1.006332,20.897125,0.018514,0,,---,---,---,---,---,---,---,---
SDSSJ1515+1511,G2,15,15,37.6558,+,15,11,27.645,Double,2.009000,228.90689935000,15.19101248000,Publication,Rusu,2016,2016MNRAS.458....2R,,---,,228.91469050000,228.90689935000,228.91054199490,15.19316274895,---,0.5410,2017ApJ...836...14S,---,,,---,--,---,,,0,,,---,---,---,---,---,---,---,,--,0,---,---,---,---,---,---,---,---,---,---,---,---,---,---,---,---,---,---,---,---,---,---,---,1,J151537.66+151127.7,16.627,16.687,13.155,9.165,0.080,0.274,---,---
SDSSJ1515+1511,B,15,15,38.4724,+,15,11,34.827,Double,2.009000,228.91030173730,15.19300745820,Gaia_DR3,Rusu,2016,2016MNRAS.458....2R,,---,,228.91128760000,15.19299100000,228.91054199490,15.19316274895,2.0540,---,2018A&A...616A.118G,---,,,---,--,---,,,1,DR3Gaia151538.472+151134.83,2,46,3.99523845712,54.14174,0.26516793674,46.37434,18.5017,0.12471,0,0,1,1183277886778566272,228.91030180664,0.1313,15.19300753498,0.1158,-0.4987,0.1710,-2.9166,0.147,-0.145,0.163,-0.024,0.140,18.394327,0.004335,18.600440,0.033893,17.897243,0.005023,1.265,0.703196,18.394327,0.004335,0,,---,---,---,---,---,---,---,---
SDSSJ1515+1511,G1,15,15,38.4940,+,15,11,35.097,Double,2.009000,228.91039166000,15.19308248000,Publication,Rusu,2016,2016MNRAS.458....2R,,---,,228.91119810000,228.91039166000,228.91054199490,15.19316274895,---,0.7420,2014AJ....147..153I,---,,,---,--,---,,,0,,,---,---,---,---,---,---,---,,--,0,---,---,---,---,---,---,---,---,---,---,---,---,---,---,---,---,---,---,---,---,---,---,---,1,J151538.53+151135.4,14.423,13.530,10.683,8.881,0.028,0.031,0.067,0.385
SDSSJ1515+1511,A,15,15,38.5877,+,15,11,35.945,Double,2.009000,228.91078225250,15.19331803970,Gaia_DR3,Rusu,2016,2016MNRAS.458....2R,,---,,228.91080750000,15.19330260000,228.91054199490,15.19316274895,2.0540,0.7420,2018A&A...616A.118G,---,,,2.051892,0,---,,,1,DR3Gaia151538.472+151134.83,1,45,3.99524683669,51.13961,0.26517338668,43.05186,18.1573,0.14670,0,0,1,1183277886779443840,228.91078227026,0.1018,15.19331800067,0.0877,0.1507,0.1313,1.1477,0.152,0.152,0.130,0.001,0.110,18.030840,0.004077,18.136671,0.026358,17.554018,0.021661,1.311,0.582653,18.030840,0.004077,0,,---,---,---,---,---,---,---,---
J1515+3137,A,15,15,39.8121,+,31,37,39.681,Double,1.495000,228.91588363560,31.62768929610,Gaia_DR3,Lemon,2019,2019MNRAS.483.4242L,,---,,228.91601000000,31.62784000000,228.91597851380,31.62788058625,1.9700,---,2019MNRAS.483.4242L,1.970,pG,LEMON2,---,--,---,,,1,DR3Gaia151539.812+313739.68,1,74,3.99533581477,59.86302,0.55200715072,69.16525,19.9151,0.13371,0,0,1,1276417035731273728,228.91588355831,0.2291,31.62768935334,0.2614,-0.0656,0.3722,-0.1764,0.535,-0.529,0.283,-0.078,0.337,19.908491,0.005030,19.950228,0.053869,19.078154,0.042306,1.602,0.872074,19.912247,0.005042,1,J151539.84+313740.2,15.449,14.490,11.686,8.892,0.035,0.041,0.138,0.264
J1515+3137,B,15,15,39.8576,+,31,37,41.059,Double,1.495000,228.91607339200,31.62807187640,Gaia_DR3,Lemon,2019,2019MNRAS.483.4242L,,---,,228.91601000000,31.62784000000,228.91597851380,31.62788058625,1.9700,---,2019MNRAS.483.4242L,1.970,pG,LEMON2,---,--,---,,,1,DR3Gaia151539.812+313739.68,2,42,3.99533906591,82.44226,0.55201368303,90.54852,20.5138,0.16644,0,0,1,1276417040026367232,228.91607386401,1.0401,31.62807226928,0.9705,1.7664,1.5481,1.1410,0.427,0.005,1.525,0.427,1.295,20.930317,0.016750,---,---,---,---,---,---,20.930317,0.016750,0,,---,---,---,---,---,---,---,---
J1518+4658,A,15,18,03.0850,+,46,58,16.133,Double,1.312000,229.51285412170,46.97114795290,Gaia_DR3,Lemon,2019,2019MNRAS.483.4242L,,---,,229.51286000000,46.97113000000,229.51287938195,46.97132937645,2.3600,---,2019MNRAS.483.4242L,2.360,pG,LEMON2,---,--,---,,,1,DR3Gaia151803.087+465816.09,2,3,4.00575454054,30.08047,0.81980147691,53.44139,20.6094,0.09504,0,0,1,1588103057214934016,229.51286387393,24.7952,46.97113578454,19.0686,---,---,---,---,---,---,---,---,21.157139,0.057481,---,---,---,---,---,---,21.157139,0.057481,1,J151803.08+465816.9,15.443,14.585,11.391,9.584,0.032,0.039,0.109,---
J1518+4658,B,15,18,03.0971,+,46,58,17.439,Double,1.312000,229.51290464220,46.97151080000,Gaia_DR3,Lemon,2019,2019MNRAS.483.4242L,,---,,229.51286000000,46.97113000000,229.51287938195,46.97132937645,2.3600,---,2019MNRAS.483.4242L,2.360,pG,LEMON2,---,--,---,,,1,DR3Gaia151803.087+465816.09,1,45,4.00575580797,64.29369,0.81980744466,61.97421,19.9625,0.20831,0,0,1,1588103052920328960,229.51290439246,0.2617,46.97151073365,0.3113,-0.5578,0.3517,-1.5860,1.056,-0.879,0.308,-0.585,0.422,19.916376,0.012358,19.943346,0.074459,18.853209,0.054846,1.828,1.090138,19.919282,0.012389,0,,---,---,---,---,---,---,---,---
SBS1520+530,A,15,21,44.8152,+,52,54,48.569,Double,1.569000,230.43672996680,52.91349132650,Gaia_DR3,Chavushyan,1997,1997A&A...318L..67C,,---,,230.43744990000,52.91331890000,230.43705879360,52.91340079785,1.8550,0.7610,2012A&A...538A..99S,---,,,1.873214,0,---,,,1,DR3Gaia152144.815+525448.57,3,44,4.02187961832,51.72444,0.92351465430,53.76541,18.4979,0.12931,0,0,1,1599341745383363328,230.43672993691,0.1074,52.91349131618,0.1102,0.0291,0.1105,0.2633,0.248,-0.247,0.144,-0.029,0.150,18.397900,0.005725,18.477245,0.029190,17.850895,0.020796,1.371,0.626350,18.397900,0.005725,1,J152144.76+525448.6,14.014,13.145,10.346,8.086,0.027,0.025,0.048,0.161
SBS1520+530,G,15,21,44.9562,+,52,54,48.205,Double,1.569000,230.43731730000,52.91339030000,Publication,Chavushyan,1997,1997A&A...318L..67C,,---,,230.43731730000,52.91339030000,230.43705879360,52.91340079785,---,0.7610,2012A&A...538A..99S,---,,,---,--,---,,,0,,,---,---,---,---,---,---,---,,--,0,---,---,---,---,---,---,---,---,---,---,---,---,---,---,---,---,---,---,---,---,---,---,---,0,,---,---,---,---,---,---,---,---
SBS1520+530,B,15,21,44.9730,+,52,54,47.917,Double,1.569000,230.43738762040,52.91331026920,Gaia_DR3,Chavushyan,1997,1997A&A...318L..67C,,---,,230.43835790000,52.91274860000,230.43705879360,52.91340079785,1.8550,---,2012A&A...538A..99S,---,,,---,--,---,,,1,DR3Gaia152144.815+525448.57,4,43,4.02189104223,58.21258,0.92351137044,55.73998,19.6875,0.12634,0,0,1,1599341749679519488,230.43738767597,0.2526,52.91331023027,0.2618,-0.2969,0.2646,-1.1220,0.924,0.508,0.332,0.772,0.364,19.620594,0.005610,---,---,---,---,---,---,19.620594,0.005610,0,,---,---,---,---,---,---,---,---
J1524+4801,A,15,24,29.8276,+,48,01,14.017,Double,1.456000,231.12428167270,48.02056013980,Gaia_DR3,Lemon,2019,2019MNRAS.483.4242L,,---,,231.12428000000,48.02056000000,231.12453337200,48.02044800380,1.7000,---,2019MNRAS.483.4242L,---,,,---,--,---,,,1,DR3Gaia152429.827+480114.01,1,25,4.03387967808,80.11661,0.83811672838,61.67514,20.5056,0.18277,0,0,1,1588262039724487424,231.12427942469,2.7980,48.02055811223,2.2582,---,---,---,---,---,---,---,---,21.059994,0.024504,20.218643,0.285467,18.410570,0.056437,6.404,1.808073,21.059994,0.024504,1,J152429.85+480113.9,14.814,13.905,10.849,8.434,0.028,0.032,0.063,0.190
J1524+4801,B,15,24,29.9484,+,48,01,13.209,Double,1.456000,231.12478507130,48.02033586780,Gaia_DR3,Lemon,2019,2019MNRAS.483.4242L,,---,,231.12428000000,48.02056000000,231.12453337200,48.02044800380,1.7000,---,2019MNRAS.483.4242L,---,,,---,--,---,,,1,DR3Gaia152429.827+480114.01,2,39,4.03388847384,64.44964,0.83811287874,73.65650,20.2889,0.14034,0,0,1,1588262035429282944,231.12478522196,0.5226,48.02033596227,0.4537,0.1999,0.5042,0.3965,2.092,1.310,0.651,1.632,0.722,20.304358,0.011826,20.179714,0.117481,18.748474,0.083306,2.578,1.431240,20.304111,0.011824,0,,---,---,---,---,---,---,---,---
SDSSJ152445.62+440949.5,A,15,24,45.5916,+,44,09,49.427,Double,1.399000,231.18996515430,44.16372971210,Gaia_DR3,Inada,2012,2012AJ....143..119I,,---,,231.19008330000,44.16375000000,231.19019091215,44.16383707605,1.2100,0.3200,2012AJ....143..119I,---,,,---,--,---,,,1,DR3Gaia152445.592+440949.43,1,41,4.03502615507,63.76254,0.77080240266,69.79145,20.2302,0.17170,0,0,1,1394341513236290560,231.18996507447,0.4976,44.16372945012,0.5896,-0.2958,0.6498,-0.4552,3.240,0.625,0.628,-3.179,0.840,20.316397,0.009293,19.680748,0.056438,18.404867,0.029374,3.750,1.275881,20.317829,0.009304,1,J152445.66+440949.7,14.549,13.900,12.096,8.776,0.026,0.032,0.190,0.256
SDSSJ152445.62+440949.5,B,15,24,45.7000,+,44,09,50.200,Double,1.399000,231.19041667000,44.16394444000,Gaia_FPR,Inada,2012,2012AJ....143..119I,,---,,231.19041667000,44.16394444000,231.19019091215,44.16383707605,1.2100,---,2012AJ....143..119I,---,,,---,--,---,,,1,DR3Gaia152445.592+440949.43,2,6,4.03503741025,60.34859,0.77080608334,63.18829,20.8411,0.06586,0,0,0,---,---,---,---,---,---,---,---,---,---,---,---,---,---,---,---,---,---,---,---,---,---,---,0,,---,---,---,---,---,---,---,---
J1526-1400,B,15,26,45.3171,-,14,00,11.330,Double,2.644000,231.68882104870,-14.00314727670,Gaia_DR3,Lemon,2023,2023MNRAS.520.3305L,,---,,231.68910000000,-14.00300000000,231.68919587785,-14.00319773440,0.6480,---,2023MNRAS.520.3305L,0.648,,LEMON4,---,--,---,,,1,DR3Gaia152645.394-140010.89,1,25,4.04373276364,63.62010,-0.24440102313,53.50323,19.6788,0.19698,0,0,1,6266132198514411904,231.68881855115,4.1519,-14.00314451687,5.8865,---,---,---,---,---,---,---,---,19.835344,0.013950,---,---,---,---,---,---,19.835344,0.013950,1,J152645.35-140011.8,12.392,12.045,9.958,7.523,0.025,0.027,0.067,0.252
J1526-1400,G,15,26,45.3931,-,14,00,10.891,Double,2.644000,231.68913784950,-14.00302528080,Gaia_DR3,Lemon,2023,2023MNRAS.520.3305L,,---,,231.68910000000,-14.00300000000,231.68919587785,-14.00319773440,---,0.0960,2023MNRAS.520.3305L,0.648,,LEMON4,---,--,---,,,1,DR3Gaia152645.394-140010.89,4,17,4.04373839833,62.27395,-0.24439893983,47.64130,19.0469,0.12078,0,0,1,6266132198513062400,231.68913976541,2.2508,-14.00302622199,1.6067,---,---,---,---,---,---,---,---,19.937298,0.024882,17.891233,0.062771,16.325336,0.038059,16.496,1.565897,19.937298,0.024882,0,,---,---,---,---,---,---,---,---
J1526-1400,A,15,26,45.4970,-,14,00,11.693,Double,2.644000,231.68957070700,-14.00324819210,Gaia_DR3,Lemon,2023,2023MNRAS.520.3305L,,---,,231.68910000000,-14.00300000000,231.68919587785,-14.00319773440,0.6480,0.0960,2023MNRAS.520.3305L,0.648,,LEMON4,---,--,---,,,1,DR3Gaia152645.394-140010.89,2,26,4.04374589822,45.25673,-0.24440280161,40.86170,19.5505,0.14130,0,0,1,6266132198513062528,231.68957063708,0.3567,-14.00324825105,0.2838,0.0993,0.3845,0.2583,0.764,0.761,0.441,-0.071,0.337,19.489223,0.008887,18.742422,0.182867,17.399597,0.132001,4.327,1.342825,19.489977,0.008892,0,,---,---,---,---,---,---,---,---
SDSSJ152720.1+014139,A,15,27,20.1300,+,01,41,39.603,Double,2.406000,231.83387480570,1.69433414800,Gaia_DR3,Jackson,2012,2012MNRAS.419.2014J,,---,,231.83492920000,1.69473890000,231.83412490285,1.69455596400,1.4390,0.3000,2012MNRAS.419.2014J / 2024MNRAS.530..221J,1.439,gG,DR16Q,1.452107,0,1.43837500,KEEP(0),EXTERNAL_SDSSDR18_SDSS,1,DR3Gaia152720.130+014139.60,1,24,4.04626442709,50.86211,0.02957164093,41.48671,18.9277,0.13022,0,0,1,4420925527012941696,231.83387478318,0.2067,1.69433417490,0.1773,0.0327,0.2301,0.1421,0.244,-0.074,0.236,0.233,0.206,18.804733,0.004103,19.080383,0.042412,18.319105,0.035744,1.221,0.761278,18.804733,0.004103,1,J152720.16+014139.9,14.463,13.226,10.694,8.544,0.030,0.032,0.092,0.323
SDSSJ152720.1+014139,B,15,27,20.2500,+,01,41,41.200,Double,2.406000,231.83437500000,1.69477778000,Gaia_FPR,Jackson,2012,2012MNRAS.419.2014J,,---,,231.83437500000,1.69477778000,231.83412490285,1.69455596400,1.4390,---,2012MNRAS.419.2014J / 2024MNRAS.530..221J,1.439,gG,DR16Q,---,--,1.43837000,,VizieR_J/ApJS/223/20/spec,1,DR3Gaia152720.130+014139.60,2,3,4.04627512906,4.71088,0.02957798413,54.03273,20.7083,0.20152,0,0,0,---,---,---,---,---,---,---,---,---,---,---,---,---,---,---,---,---,---,---,---,---,---,---,0,,---,---,---,---,---,---,---,---
SDSSJ152938.9+103803,B,15,29,38.8630,+,10,38,04.950,Double,1.314000,232.41192930960,10.63470828260,Gaia_DR3,Jackson,2012,2012MNRAS.419.2014J,,---,,232.41209170000,10.63441940000,232.41202419670,10.63455140800,1.9710,---,2012MNRAS.419.2014J / 2024MNRAS.530..221J,---,,,---,--,---,,,1,DR3Gaia152938.909+103803.82,1,29,4.05635348898,52.48798,0.18561061645,54.55991,19.6606,0.16957,0,0,1,1166224568805830784,232.41192990779,1.8146,10.63470839049,1.0444,---,---,---,---,---,---,---,---,19.879200,0.008419,---,---,---,---,---,---,19.879200,0.008419,1,J152938.88+103804.1,14.371,13.164,10.134,8.003,0.027,0.028,0.059,0.202
SDSSJ152938.9+103803,A,15,29,38.9086,+,10,38,03.820,Double,1.314000,232.41211908380,10.63439453340,Gaia_DR3,Jackson,2012,2012MNRAS.419.2014J,,---,,232.41209170000,10.63441940000,232.41202419670,10.63455140800,1.9710,0.4000,2012MNRAS.419.2014J / 2024MNRAS.530..221J,---,,,1.971666,0,---,,,1,DR3Gaia152938.909+103803.82,2,30,4.05635666107,49.93605,0.18560513168,39.85326,18.0365,0.11745,0,0,1,1166224568806961536,232.41211911245,0.1346,10.63439447681,0.1120,0.1591,0.1493,1.0653,0.206,0.183,0.181,-0.094,0.156,17.899807,0.004399,17.958100,0.019247,17.242647,0.018066,1.458,0.715452,17.899807,0.004399,0,,---,---,---,---,---,---,---,---
GraLJ1537-3010,C,15,37,25.2317,-,30,10,15.848,Quad,3.287000,234.35513192140,-30.17106883401,Gaia_DR3,Delchambre,2019,2019A&A...622A.165D,Lemon,2019,2019MNRAS.483.4242L,234.35513199000,-30.17107217000,234.35559881694,-30.17131020819,1.7210,---,2021ApJ...921...42S / 2024MNRAS.535.1652K,---,,,---,--,---,,,0,,,---,---,---,---,---,---,---,,--,1,6209097506725006976,234.35513192140,0.8836,-30.17106883401,0.7546,-0.6548,1.1119,-0.5889,2.466,-2.294,1.178,0.905,1.001,20.423590,0.012393,20.234016,0.110311,19.312784,0.110441,---,0.921232,20.427246,0.012433,0,,---,---,---,---,---,---,---,---
GraLJ1537-3010,B,15,37,25.2968,-,30,10,17.811,Quad,3.287000,234.35540344266,-30.17161404473,Gaia_DR3,Delchambre,2019,2019A&A...622A.165D,Lemon,2019,2019MNRAS.483.4242L,234.35541506000,-30.17161328000,234.35559881694,-30.17131020819,1.7210,---,2021ApJ...921...42S / 2024MNRAS.535.1652K,---,,,---,--,---,,,0,,,---,---,---,---,---,---,---,,--,1,6209097506725007104,234.35540344266,1.0185,-30.17161404473,0.9362,0.4508,1.3988,0.3223,1.965,1.650,1.318,1.066,1.353,20.539076,0.012511,---,---,---,---,---,---,20.539076,0.012511,0,,---,---,---,---,---,---,---,---
GraLJ1537-3010,G,15,37,25.3433,-,30,10,16.712,Quad,3.287000,234.35559692000,-30.17130884000,HST,Delchambre,2019,2019A&A...622A.165D,Lemon,2019,2019MNRAS.483.4242L,234.35559692000,-30.17130884000,234.35559881694,-30.17131020819,---,0.5920,2021ApJ...921...42S / 2024MNRAS.535.1652K,---,,,---,--,---,,,0,,,---,---,---,---,---,---,---,,--,0,---,---,---,---,---,---,---,---,---,---,---,---,---,---,---,---,---,---,---,---,---,---,---,0,,---,---,---,---,---,---,---,---
GraLJ1537-3010,D,15,37,25.3955,-,30,10,15.712,Quad,3.287000,234.35581444000,-30.17103106000,HST,Delchambre,2019,2019A&A...622A.165D,Lemon,2019,2019MNRAS.483.4242L,234.35581444000,-30.17103106000,234.35559881694,-30.17131020819,1.7210,---,2021ApJ...921...42S / 2024MNRAS.535.1652K,---,,,---,--,---,,,0,,,---,---,---,---,---,---,---,,--,0,---,---,---,---,---,---,---,---,---,---,---,---,---,---,---,---,---,---,---,---,---,---,---,0,,---,---,---,---,---,---,---,---
GraLJ1537-3010,A,15,37,25.4509,-,30,10,17.497,Quad,3.287000,234.35604546372,-30.17152689401,Gaia_DR3,Delchambre,2019,2019A&A...622A.165D,Lemon,2019,2019MNRAS.483.4242L,234.35604546000,-30.17152689000,234.35559881694,-30.17131020819,1.7210,0.5920,2021ApJ...921...42S / 2024MNRAS.535.1652K,---,,,---,--,---,,,0,,,---,---,---,---,---,---,---,,--,1,6209097506725396096,234.35604546372,0.8272,-30.17152689401,0.6572,0.8766,0.9918,0.8839,1.691,1.054,1.022,-1.323,0.966,20.303320,0.013411,20.048668,0.084844,19.184030,0.089710,---,0.864637,20.307086,0.013455,0,,---,---,---,---,---,---,---,---
SDSSJ1537+3014,A,15,37,34.3618,+,30,14,55.237,Double,2.078000,234.39317428100,30.24867682550,Gaia_DR3,More,2016,2016MNRAS.456.1595M,,---,,234.39368330000,30.24825000000,234.39338882030,30.24845555995,1.5530,0.4900,2016MNRAS.456.1595M,1.553,gG,DR16,---,--,---,,,1,DR3Gaia153734.465+301453.64,1,29,4.09093257899,39.91313,0.52793891203,71.85058,20.5765,0.17052,0,0,1,1273226390428957696,234.39317418942,0.5923,30.24867684361,0.8695,0.0606,1.1349,0.0534,0.984,-0.474,1.040,-0.863,1.585,20.722326,0.012070,20.608620,0.160438,19.517084,0.127859,2.083,1.091536,20.725224,0.012100,0,,---,---,---,---,---,---,---,---
SDSSJ1537+3014,G,15,37,34.4420,+,30,14,54.120,Double,2.078000,234.39350830000,30.24836670000,Publication,More,2016,2016MNRAS.456.1595M,,---,,234.39350830000,30.24836670000,234.39338882030,30.24845555995,---,0.4900,2016MNRAS.456.1595M,1.553,gG,DR16,---,--,---,,,0,,,---,---,---,---,---,---,---,,--,0,---,---,---,---,---,---,---,---,---,---,---,---,---,---,---,---,---,---,---,---,---,---,---,1,J153734.41+301454.0,14.931,14.336,12.354,8.929,0.031,0.043,0.266,---
SDSSJ1537+3014,B,15,37,34.4648,+,30,14,53.643,Double,2.078000,234.39360335960,30.24823429440,Gaia_DR3,More,2016,2016MNRAS.456.1595M,,---,,234.39322920000,30.24874720000,234.39338882030,30.24845555995,1.5530,---,2016MNRAS.456.1595M,1.553,gG,DR16,---,--,---,,,1,DR3Gaia153734.465+301453.64,2,17,4.09094004094,86.61243,0.52793121059,76.18811,20.7197,0.15022,0,0,1,1273226390427172352,234.39360312053,1.0263,30.24823449040,1.2471,-1.7819,1.4623,-1.2186,1.506,-1.383,1.317,-0.595,1.748,20.972271,0.017195,20.304300,0.170939,19.296380,0.180541,3.312,1.007921,20.975618,0.017247,0,,---,---,---,---,---,---,---,---
J1548-2914,A,15,48,41.5813,-,29,14,06.015,Double,1.994000,237.17325561660,-29.23500402800,Gaia_DR3,Lemon,2023,2023MNRAS.520.3305L,,---,,237.17330000000,-29.23510000000,237.17340276660,-29.23524942660,1.5450,0.3800,2023MNRAS.520.3305L,1.545,pG,LEMON4,---,--,1.54497000,,VizieR_J/A+A/683/A112/lqac6,1,DR3Gaia154841.581-291406.01,1,58,4.13945423633,53.88140,-0.51024708068,38.76184,18.2724,0.12572,0,0,1,6040970427810922496,237.17325564234,0.1319,-29.23500400284,0.0794,-0.0002,0.1426,-0.0014,0.229,-0.032,0.178,0.227,0.113,18.149448,0.004197,18.420626,0.018183,17.520771,0.012917,1.316,0.899855,18.149448,0.004197,1,J154841.60-291406.4,13.923,12.635,9.861,7.772,0.027,0.025,0.063,0.233
J1548-2914,B,15,48,41.6520,-,29,14,07.781,Double,1.994000,237.17354991660,-29.23549482520,Gaia_DR3,Lemon,2023,2023MNRAS.520.3305L,,---,,237.17330000000,-29.23510000000,237.17340276660,-29.23524942660,1.5450,---,2023MNRAS.520.3305L,1.545,pG,LEMON4,---,--,1.54497000,,VizieR_J/A+A/683/A112/lqac6,1,DR3Gaia154841.581-291406.01,2,56,4.13945921922,74.47347,-0.51025560256,59.29514,20.0667,0.13000,0,0,1,6040970427816604544,237.17355004346,0.5962,-29.23549486341,0.3208,-1.6133,0.6787,-2.3771,0.825,-0.146,0.727,0.812,0.495,20.198248,0.007289,---,---,---,---,---,---,20.198248,0.007289,0,,---,---,---,---,---,---,---,---
MG1549+3047,C2,15,49,12.2818,+,30,47,16.510,Double,2.672000,237.30117402000,30.78791944444,Publication,Lehar,1993,1993AJ....105..847L,,---,,237.30117402000,30.78791944444,237.30158548481,30.78797384259,---,---,,---,,,---,--,---,,,0,,,---,---,---,---,---,---,---,,--,0,---,---,---,---,---,---,---,---,---,---,---,---,---,---,---,---,---,---,---,---,---,---,---,0,,---,---,---,---,---,---,---,---
MG1549+3047,A1,15,49,12.2967,+,30,47,16.640,Double,2.672000,237.30123611111,30.78795555556,Publication,Lehar,1993,1993AJ....105..847L,,---,,237.30123611111,30.78795555556,237.30158548481,30.78797384259,1.1700,0.1110,2003MNRAS.343L..29T,---,,,---,--,---,,,0,,,---,---,---,---,---,---,---,,--,0,---,---,---,---,---,---,---,---,---,---,---,---,---,---,---,---,---,---,---,---,---,---,---,0,,---,---,---,---,---,---,---,---
MG1549+3047,B1,15,49,12.3453,+,30,47,17.565,Double,2.672000,237.30143888889,30.78821250000,Publication,Lehar,1993,1993AJ....105..847L,,---,,237.30143888889,30.78821250000,237.30158548481,30.78797384259,---,---,,---,,,---,--,---,,,0,,,---,---,---,---,---,---,---,,--,0,---,---,---,---,---,---,---,---,---,---,---,---,---,---,---,---,---,---,---,---,---,---,---,0,,---,---,---,---,---,---,---,---
MG1549+3047,G1,15,49,12.3547,+,30,47,16.300,Double,2.672000,237.30147797000,30.78786111000,Gaia_DR3,Lehar,1993,1993AJ....105..847L,,---,,237.30147797000,30.78786111000,237.30158548481,30.78797384259,---,0.1110,1993AJ....105..847L,---,,,---,--,---,,,0,,,---,---,---,---,---,---,---,,--,1,1321201213779072768,237.30137914930,1.1893,30.78790874356,1.2833,---,---,---,---,---,---,---,---,20.447538,0.013150,18.515696,0.024460,17.056522,0.009944,13.861,1.459173,20.447538,0.013150,0,,---,---,---,---,---,---,---,---
MG1549+3047,A2,15,49,12.4357,+,30,47,16.340,Double,2.672000,237.30181527778,30.78787222222,Publication,Lehar,1993,1993AJ....105..847L,,---,,237.30181527778,30.78787222222,237.30158548481,30.78797384259,---,---,,---,,,---,--,---,,,0,,,---,---,---,---,---,---,---,,--,0,---,---,---,---,---,---,---,---,---,---,---,---,---,---,---,---,---,---,---,---,---,---,---,0,,---,---,---,---,---,---,---,---
MG1549+3047,B2,15,49,12.4423,+,30,47,15.945,Double,2.672000,237.30184305556,30.78776250000,Publication,Lehar,1993,1993AJ....105..847L,,---,,237.30184305556,30.78776250000,237.30158548481,30.78797384259,---,---,,---,,,---,--,---,,,0,,,---,---,---,---,---,---,---,,--,0,---,---,---,---,---,---,---,---,---,---,---,---,---,---,---,---,---,---,---,---,---,---,---,0,,---,---,---,---,---,---,---,---
MG1549+3047,C1,15,49,12.4813,+,30,47,17.235,Double,2.672000,237.30200555556,30.78812083333,Publication,Lehar,1993,1993AJ....105..847L,,---,,237.30200555556,30.78812083333,237.30158548481,30.78797384259,---,---,,---,,,---,--,---,,,0,,,---,---,---,---,---,---,---,,--,0,---,---,---,---,---,---,---,---,---,---,---,---,---,---,---,---,---,---,---,---,---,---,---,0,,---,---,---,---,---,---,---,---
MG1549+3047,G2,15,49,12.6946,+,30,47,14.810,Double,2.672000,237.30289424000,30.78744722000,Publication,Lehar,1993,1993AJ....105..847L,,---,,237.30289424000,30.78744722000,237.30158548481,30.78797384259,---,0.6040,2003MNRAS.343L..29T,---,,,---,--,---,,,0,,,---,---,---,---,---,---,---,,--,0,---,---,---,---,---,---,---,---,---,---,---,---,---,---,---,---,---,---,---,---,---,---,---,0,,---,---,---,---,---,---,---,---
MG1549+3047,G3,15,49,12.8700,+,30,47,12.900,Double,2.672000,237.30362500000,30.78691667000,Publication,Lehar,1993,1993AJ....105..847L,,---,,237.30362500000,30.78691667000,237.30158548481,30.78797384259,---,1.1700,2003MNRAS.343L..29T,---,,,---,--,---,,,0,,,---,---,---,---,---,---,---,,--,0,---,---,---,---,---,---,---,---,---,---,---,---,---,---,---,---,---,---,---,---,---,---,---,0,,---,---,---,---,---,---,---,---
J1550+0221,A,15,50,57.2144,+,02,21,46.590,Double,2.028000,237.73839332150,2.36294170600,Gaia_DR3,Lemon,2023,2023MNRAS.520.3305L,,---,,237.73870000000,2.36290000000,237.73867465660,2.36292488575,2.3950,---,2023MNRAS.520.3305L,2.395,gG,DR16Q,2.403265,0,2.39856500,KEEP(0),EXTERNAL_SDSSDR18_BOSS,1,DR3Gaia155057.214+022146.59,1,62,4.14931760726,71.18868,0.04124112275,38.06306,18.4647,0.08497,0,0,1,4423331297112729472,237.73839333342,0.1263,2.36294170370,0.1068,-0.3926,0.1535,-2.5580,0.353,-0.199,0.164,0.292,0.134,18.411545,0.004962,18.626062,0.023539,17.966433,0.020906,1.229,0.659630,18.411545,0.004962,1,J155057.26+022146.4,14.815,14.012,10.882,8.842,0.034,0.039,0.132,0.522
J1550+0221,B,15,50,57.3494,+,02,21,46.469,Double,2.028000,237.73895599170,2.36290806550,Gaia_DR3,Lemon,2023,2023MNRAS.520.3305L,,---,,237.73870000000,2.36290000000,237.73867465660,2.36292488575,2.3950,---,2023MNRAS.520.3305L,2.395,gG,DR16Q,---,--,2.39822000,KEEP(s),VizieR_J/ApJS/221/12/table1,1,DR3Gaia155057.214+022146.59,2,57,4.14932742830,84.73702,0.04124051853,49.47809,20.2393,0.12878,0,0,1,4423331292814783360,237.73895597191,0.5130,2.36290828038,0.4567,-0.4217,0.6298,-0.6696,1.245,1.181,0.699,0.393,0.590,20.352287,0.007109,20.613680,0.182687,19.545170,0.157799,1.455,1.068510,20.352287,0.007109,0,,---,---,---,---,---,---,---,---
J1553+3149,B,15,53,38.1393,+,31,49,31.788,Double,1.594000,238.40891383470,31.82549670680,Gaia_DR3,Lemon,2019,2019MNRAS.483.4242L,,---,,238.40920000000,31.82542000000,238.40914827360,31.82540006980,2.5500,---,2019MNRAS.483.4242L,---,,,---,--,---,,,1,DR3Gaia155338.252+314931.09,2,64,4.16102047218,54.32141,0.55545959203,60.08913,19.4211,0.14010,0,0,1,1321657717261574912,238.40891401554,0.1650,31.82549684153,0.2001,0.0342,0.2442,0.1401,0.614,0.469,0.211,0.396,0.280,19.419344,0.005305,---,---,---,---,---,---,19.419344,0.005305,1,J155338.20+314931.5,14.488,13.719,10.334,8.153,0.028,0.032,0.044,0.140
J1553+3149,A,15,53,38.2519,+,31,49,31.092,Double,1.594000,238.40938271250,31.82530343280,Gaia_DR3,Lemon,2019,2019MNRAS.483.4242L,,---,,238.40920000000,31.82542000000,238.40914827360,31.82540006980,2.5500,---,2019MNRAS.483.4242L,---,,,2.574653,0,---,,,1,DR3Gaia155338.252+314931.09,1,64,4.16102867900,53.91412,0.55545628182,57.23221,18.3916,0.15520,0,0,1,1321657717261574784,238.40938271717,0.0771,31.82530340720,0.0985,-0.0707,0.1182,-0.5982,0.086,0.074,0.096,0.045,0.131,18.308150,0.004103,18.361230,0.032153,17.457571,0.022581,1.612,0.903660,18.308150,0.004103,0,,---,---,---,---,---,---,---,---
J1555+3118,A,15,55,02.9891,+,31,18,45.546,Double,1.637000,238.76245452620,31.31265156020,Gaia_DR3,Chan,2022,2022A&A...659A.140C,,---,,238.76200000000,31.31300000000,238.76267539820,31.31252466435,3.3600,---,2022A&A...659A.140C,---,,,---,--,---,,,1,DR3Gaia155502.989+311845.55,1,60,4.16719095646,71.02239,0.54650878251,72.76419,20.2576,0.17651,0,0,1,1321567763467349760,238.76245459095,0.3201,31.31265155403,0.3986,-0.1789,0.4748,-0.3768,0.448,-0.042,0.412,0.447,0.510,20.260891,0.008031,---,---,---,---,---,---,20.260891,0.008031,1,J155503.04+311844.9,14.992,14.324,11.001,9.300,0.029,0.040,0.082,0.445
J1555+3118,B,15,55,03.0951,+,31,18,44.632,Double,1.637000,238.76289627020,31.31239776850,Gaia_DR3,Chan,2022,2022A&A...659A.140C,,---,,238.76200000000,31.31300000000,238.76267539820,31.31252466435,3.3600,---,2022A&A...659A.140C,---,,,---,--,---,,,1,DR3Gaia155502.989+311845.55,2,67,4.16719863865,40.74347,0.54650436618,54.29698,19.1770,0.19459,0,0,1,1321567759175629568,238.76289631376,0.1321,31.31239783624,0.1695,-0.1283,0.1941,-0.6611,0.409,-0.201,0.167,-0.356,0.216,19.091694,0.007871,19.560133,0.045772,18.234415,0.030849,1.398,1.325718,19.092628,0.007877,0,,---,---,---,---,---,---,---,---
GraLJ155656.1-135210.1,A,15,56,56.0782,-,13,52,10.627,Double,0.960000,239.23365922050,-13.86961865740,Gaia_DR3,Krone-Martins,2019,2019arXiv191208977K,,---,,239.23365735900,-13.86962314180,239.23371133795,-13.86949534840,1.4230,0.3930,2019arXiv191208977K,1.423,pG,GGLS,---,--,1.09973000,,VizieR_J/A+A/683/A112/lqac6,1,DR3Gaia155656.078-135210.63,1,43,4.17541504885,71.61361,-0.24207058798,47.36750,19.3844,0.10604,0,0,1,6263999077242600832,239.23365933485,0.3232,-13.86961859340,0.2173,-0.2011,0.3532,-0.5694,0.256,0.160,0.412,0.199,0.265,19.305532,0.005971,19.175240,0.039929,18.149120,0.022563,2.039,1.026119,19.308793,0.005985,1,J155656.08-135210.1,14.681,13.426,10.344,7.772,0.033,0.037,0.090,0.194
GraLJ155656.1-135210.1,B,15,56,56.1032,-,13,52,09.739,Double,0.960000,239.23376345540,-13.86937203940,Gaia_DR3,Krone-Martins,2019,2019arXiv191208977K,,---,,239.23377478600,-13.86936781590,239.23371133795,-13.86949534840,1.4230,---,2019arXiv191208977K,1.423,pG,GGLS,---,--,1.09973000,,VizieR_J/A+A/683/A112/lqac6,1,DR3Gaia155656.078-135210.63,2,43,4.17541684453,70.46405,-0.24206627368,51.94134,19.8775,0.14598,0,0,1,6263999077236652032,239.23376346795,0.4919,-13.86937210671,0.3450,-0.8373,0.5429,-1.5421,1.446,-1.406,0.668,-0.338,0.421,19.909530,0.006460,---,---,---,---,---,---,19.909530,0.006460,0,,---,---,---,---,---,---,---,---
B1555+375,C,15,57,11.9103,+,37,21,35.906,Quad,0.415000,239.29962625000,37.35997389000,Publication,Marlow,1999,1999AJ....118..654M,,---,,239.29962500000,37.35997222220,239.29971448000,37.35995896000,---,---,,---,,,---,--,---,,,0,,,---,---,---,---,---,---,---,,--,0,---,---,---,---,---,---,---,---,---,---,---,---,---,---,---,---,---,---,---,---,---,---,---,1,J155711.90+372135.5,16.216,15.094,11.590,9.458,0.055,0.062,0.123,0.472
B1555+375,G,15,57,11.9312,+,37,21,35.694,Quad,0.415000,239.29971313000,37.35991492000,Publication,Marlow,1999,1999AJ....118..654M,,---,,239.29964750000,37.35993190000,239.29971448000,37.35995896000,---,---,,---,,,---,--,---,,,0,,,---,---,---,---,---,---,---,,--,0,---,---,---,---,---,---,---,---,---,---,---,---,---,---,---,---,---,---,---,---,---,---,---,0,,---,---,---,---,---,---,---,---
B1555+375,D,15,57,11.9317,+,37,21,35.586,Quad,0.415000,239.29971541000,37.35988500000,Publication,Marlow,1999,1999AJ....118..654M,,---,,239.29970833330,37.35988888890,239.29971448000,37.35995896000,---,---,,---,,,---,--,---,,,0,,,---,---,---,---,---,---,---,,--,0,---,---,---,---,---,---,---,---,---,---,---,---,---,---,---,---,---,---,---,---,---,---,---,0,,---,---,---,---,---,---,---,---
B1555+375,B,15,57,11.9389,+,37,21,35.983,Quad,0.415000,239.29974543000,37.35999528000,Publication,Marlow,1999,1999AJ....118..654M,,---,,239.29970833330,37.36000000000,239.29971448000,37.35995896000,---,---,,---,,,---,--,---,,,0,,,---,---,---,---,---,---,---,,--,0,---,---,---,---,---,---,---,---,---,---,---,---,---,---,---,---,---,---,---,---,---,---,---,0,,---,---,---,---,---,---,---,---
B1555+375,A,15,57,11.9450,+,37,21,35.934,Quad,0.415000,239.29977083000,37.35998167000,Publication,Marlow,1999,1999AJ....118..654M,,---,,239.29975000000,37.36000000000,239.29971448000,37.35995896000,---,---,,---,,,---,--,---,,,0,,,---,---,---,---,---,---,---,,--,0,---,---,---,---,---,---,---,---,---,---,---,---,---,---,---,---,---,---,---,---,---,---,---,0,,---,---,---,---,---,---,---,---
B1600+434,G1,16,01,40.4399,+,43,16,48.169,Double,0.968000,240.41849970000,43.28004690000,Publication,Jackson,1995,1995MNRAS.274L..25J,,---,,240.41849970000,43.28004690000,240.41864585000,43.27983331110,---,0.4100,2012A&A...538A..99S,---,,,---,--,---,,,0,,,---,---,---,---,---,---,---,,--,0,---,---,---,---,---,---,---,---,---,---,---,---,---,---,---,---,---,---,---,---,---,---,---,0,,---,---,---,---,---,---,---,---
B1600+434,A,16,01,40.4500,+,43,16,47.800,Double,0.968000,240.41854170000,43.27994440000,Publication,Jackson,1995,1995MNRAS.274L..25J,,---,,240.41854170000,43.27994440000,240.41864585000,43.27983331110,1.5900,0.4100,2012A&A...538A..99S,---,,,---,--,---,,,0,,,---,---,---,---,---,---,---,,--,0,---,---,---,---,---,---,---,---,---,---,---,---,---,---,---,---,---,---,---,---,---,---,---,0,,---,---,---,---,---,---,---,---
B1600+434,G2,16,01,40.4601,+,43,16,48.169,Double,0.968000,240.41858360000,43.28004690000,Publication,Jackson,1995,1995MNRAS.274L..25J,,---,,240.41858360000,43.28004690000,240.41864585000,43.27983331110,---,---,,---,,,---,--,---,,,0,,,---,---,---,---,---,---,---,,--,0,---,---,---,---,---,---,---,---,---,---,---,---,---,---,---,---,---,---,---,---,---,---,---,0,,---,---,---,---,---,---,---,---
B1600+434,B,16,01,40.5000,+,43,16,47.000,Double,0.968000,240.41875000000,43.27972222220,Publication,Jackson,1995,1995MNRAS.274L..25J,,---,,240.41875000000,43.27972222220,240.41864585000,43.27983331110,1.5900,---,2012A&A...538A..99S,---,,,---,--,---,,,0,,,---,---,---,---,---,---,---,,--,0,---,---,---,---,---,---,---,---,---,---,---,---,---,---,---,---,---,---,---,---,---,---,---,1,J160140.57+431646.4,15.149,14.438,11.751,9.016,0.031,0.040,0.133,---
J1602+4526,A,16,02,49.2785,+,45,26,06.941,Double,2.446000,240.70532722470,45.43526132780,Gaia_DR3,Lemon,2018,2018MNRAS.479.5060L,,---,,240.70613750000,45.43538560000,240.70579277900,45.43516816390,2.1600,0.4300,2018MNRAS.479.5060L,2.160,gG,DR16Q,---,--,---,,,1,DR3Gaia160249.279+452606.94,2,42,4.20110049213,77.61863,0.79299486408,57.13179,19.9650,0.32896,0,0,1,1386394105751734272,240.70532716881,0.3665,45.43526145840,0.4261,0.3463,0.4231,0.8186,1.023,-0.386,0.463,-0.947,0.513,19.861664,0.016931,20.139692,0.092713,19.226238,0.083233,1.317,0.913454,19.865339,0.016987,0,,---,---,---,---,---,---,---,---
J1602+4526,G,16,02,49.4730,+,45,26,07.388,Double,2.446000,240.70613750000,45.43538560000,Publication,Lemon,2018,2018MNRAS.479.5060L,,---,,240.70613750000,45.43538560000,240.70579277900,45.43516816390,---,0.4300,2018MNRAS.479.5060L,2.160,gG,DR16Q,---,--,---,,,0,,,---,---,---,---,---,---,---,,--,0,---,---,---,---,---,---,---,---,---,---,---,---,---,---,---,---,---,---,---,---,---,---,---,1,J160249.43+452606.6,14.796,14.388,11.675,9.139,0.027,0.036,0.122,0.310
J1602+4526,B,16,02,49.5020,+,45,26,06.270,Double,2.446000,240.70625833330,45.43507500000,Gaia_FPR,Lemon,2018,2018MNRAS.479.5060L,,---,,240.70625833330,45.43507500000,240.70579277900,45.43516816390,2.1600,---,2018MNRAS.479.5060L,2.160,gG,DR16Q,---,--,---,,,1,DR3Gaia160249.279+452606.94,1,5,4.20111890338,64.04735,0.79299049697,56.29106,20.7375,0.09530,0,0,0,---,---,---,---,---,---,---,---,---,---,---,---,---,---,---,---,---,---,---,---,---,---,---,0,,---,---,---,---,---,---,---,---
J1606-2333,B,16,06,00.1770,-,23,33,22.043,Quad,1.725000,241.50073732518,-23.55612300739,Gaia_DR3,Lemon,2018,2018MNRAS.479.5060L,,---,,241.50073848000,-23.55612218000,241.50095994647,-23.55605262225,1.6960,---,2018MNRAS.479.5060L,---,,,---,--,---,,,0,,,---,---,---,---,---,---,---,,--,1,6242307087212539776,241.50073732518,0.4104,-23.55612300739,0.3020,-1.6061,0.5020,-3.1994,1.217,0.280,0.508,1.185,0.433,19.031520,0.007908,18.434360,0.063325,17.480165,0.118922,---,0.954195,19.035078,0.007931,0,,---,---,---,---,---,---,---,---
J1606-2333,D,16,06,00.2129,-,23,33,21.303,Quad,1.725000,241.50088688429,-23.55591743300,Gaia_DR3,Lemon,2018,2018MNRAS.479.5060L,,---,,241.50088787000,-23.55591662000,241.50095994647,-23.55605262225,1.6960,---,2018MNRAS.479.5060L,---,,,---,--,---,,,0,,,---,---,---,---,---,---,---,,--,1,6242307087220282624,241.50088688429,1.5401,-23.55591743300,0.7887,---,---,---,---,---,---,---,---,19.697346,0.013388,---,---,---,---,---,---,19.697346,0.013388,0,,---,---,---,---,---,---,---,---
J1606-2333,G,16,06,00.2354,-,23,33,21.842,Quad,1.725000,241.50098090000,-23.55606718000,HST,Lemon,2018,2018MNRAS.479.5060L,,---,,241.50098090000,-23.55606718000,241.50095994647,-23.55605262225,---,---,,---,,,---,--,---,,,0,,,---,---,---,---,---,---,---,,--,0,---,---,---,---,---,---,---,---,---,---,---,---,---,---,---,---,---,---,---,---,---,---,---,0,,---,---,---,---,---,---,---,---
J1606-2333,C,16,06,00.2369,-,23,33,22.359,Quad,1.725000,241.50098709741,-23.55621092719,Gaia_DR3,Lemon,2018,2018MNRAS.479.5060L,,---,,241.50099000000,-23.55621023000,241.50095994647,-23.55605262225,1.6960,---,2018MNRAS.479.5060L,---,,,---,--,---,,,0,,,---,---,---,---,---,---,---,,--,1,6242307087212540160,241.50098709741,42.8416,-23.55621092719,14.7591,---,---,---,---,---,---,---,---,19.410397,0.035603,---,---,---,---,---,---,19.410397,0.035603,0,,---,---,---,---,---,---,---,---
J1606-2333,A,16,06,00.2948,-,23,33,21.453,Quad,1.725000,241.50122847899,-23.55595912141,Gaia_DR3,Lemon,2018,2018MNRAS.479.5060L,,---,,241.50122848000,-23.55595912000,241.50095994647,-23.55605262225,1.6960,---,2018MNRAS.479.5060L,---,,,---,--,---,,,0,,,---,---,---,---,---,---,---,,--,1,6242307087212540032,241.50122847899,0.2403,-23.55595912141,0.1228,0.0218,0.2391,0.0913,0.597,0.273,0.307,-0.531,0.151,18.890144,0.005067,18.413225,0.042525,17.603626,0.031455,---,0.809599,18.893945,0.005080,0,,---,---,---,---,---,---,---,---
SDSSJ1608+2716,C,16,08,29.2127,+,27,16,26.990,Quad,0.893000,242.12171979000,27.27416389000,Publication,Li,2023,2023ApJ...955L..16L,,---,,242.12171979000,27.27416389000,242.12181510750,27.27416180500,2.5750,---,2023ApJ...955L..16L,---,,,---,--,---,,,0,,,---,---,---,---,---,---,---,,--,0,---,---,---,---,---,---,---,---,---,---,---,---,---,---,---,---,---,---,---,---,---,---,---,0,,---,---,---,---,---,---,---,---
SDSSJ1608+2716,B,16,08,29.2247,+,27,16,26.750,Quad,0.893000,242.12176979000,27.27409722000,Publication,Li,2023,2023ApJ...955L..16L,,---,,242.12176979000,27.27409722000,242.12181510750,27.27416180500,2.5750,---,2023ApJ...955L..16L,---,,,---,--,---,,,0,,,---,---,---,---,---,---,---,,--,1,1315986917323899392,242.12179931912,0.4848,27.27409536693,0.5577,-0.1358,0.7672,-0.1770,9.422,-0.110,0.675,-9.421,0.767,20.315432,0.010437,20.268372,0.073091,19.108074,0.049797,2.037,1.160297,20.317856,0.010458,0,,---,---,---,---,---,---,---,---
SDSSJ1608+2716,G1,16,08,29.2390,+,27,16,27.040,Quad,0.893000,242.12182917000,27.27417778000,Publication,Li,2023,2023ApJ...955L..16L,,---,,242.12182917000,27.27417778000,242.12181510750,27.27416180500,---,---,2023ApJ...955L..16L,---,,,---,--,---,,,0,,,---,---,---,---,---,---,---,,--,0,---,---,---,---,---,---,---,---,---,---,---,---,---,---,---,---,---,---,---,---,---,---,---,0,,---,---,---,---,---,---,---,---
SDSSJ1608+2716,A,16,08,29.2428,+,27,16,26.700,Quad,0.893000,242.12184480000,27.27408333000,Publication,Li,2023,2023ApJ...955L..16L,,---,,242.12184480000,27.27408333000,242.12181510750,27.27416180500,2.5750,---,2023ApJ...955L..16L,2.575,gmG,DR16Q,---,--,---,,,1,DR3Gaia160829.232+271626.74,1,75,4.22582280822,82.93712,0.47602275114,71.31596,20.1229,0.21512,0,0,0,---,---,---,---,---,---,---,---,---,---,---,---,---,---,---,---,---,---,---,---,---,---,---,1,J160829.24+271626.9,15.634,14.550,10.999,8.863,0.041,0.049,0.110,0.369
SDSSJ1608+2716,D,16,08,29.2623,+,27,16,27.490,Quad,0.893000,242.12192605000,27.27430278000,Publication,Li,2023,2023ApJ...955L..16L,,---,,242.12192605000,27.27430278000,242.12181510750,27.27416180500,2.5750,---,2023ApJ...955L..16L,---,,,---,--,---,,,0,,,---,---,---,---,---,---,---,,--,0,---,---,---,---,---,---,---,---,---,---,---,---,---,---,---,---,---,---,---,---,---,---,---,0,,---,---,---,---,---,---,---,---
SDSSJ1608+2716,G2,16,08,29.2653,+,27,16,27.470,Quad,0.893000,242.12193855000,27.27429722000,Publication,Li,2023,2023ApJ...955L..16L,,---,,242.12193855000,27.27429722000,242.12181510750,27.27416180500,---,---,2023ApJ...955L..16L,---,,,---,--,---,,,0,,,---,---,---,---,---,---,---,,--,0,---,---,---,---,---,---,---,---,---,---,---,---,---,---,---,---,---,---,---,---,---,---,---,0,,---,---,---,---,---,---,---,---
B1608+656,D,16,09,13.7741,+,65,32,27.742,Quad,2.040000,242.30739208330,65.54103944440,Publication,Myers,1995,1995ApJ...447L...5M,,---,,242.30739208330,65.54103944440,242.30824062855,65.54112565435,1.3940,---,1996ApJ...460L.103F,---,,,---,--,---,,,0,,,---,---,---,---,---,---,---,,--,0,---,---,---,---,---,---,---,---,---,---,---,---,---,---,---,---,---,---,---,---,---,---,---,0,,---,---,---,---,---,---,---,---
B1608+656,G,16,09,13.9300,+,65,32,28.000,Quad,2.040000,242.30804167000,65.54111111000,Publication,Myers,1995,1995ApJ...447L...5M,,---,,242.30804167000,65.54111111000,242.30824062855,65.54112565435,---,0.6304,1996ApJ...460L.103F,---,,,---,--,---,,,0,,,---,---,---,---,---,---,---,,--,0,---,---,---,---,---,---,---,---,---,---,---,---,---,---,---,---,---,---,---,---,---,---,---,1,J160913.95+653228.0,13.928,13.256,10.242,7.560,0.024,0.024,0.043,0.085
B1608+656,A,16,09,13.9861,+,65,32,28.884,Quad,2.040000,242.30827543090,65.54135678410,Publication,Myers,1995,1995ApJ...447L...5M,,---,,242.30814958330,65.54138861110,242.30824062855,65.54112565435,1.3940,0.6304,1996ApJ...460L.103F,---,,,---,--,---,,,0,,,---,---,---,---,---,---,---,,--,0,---,---,---,---,---,---,---,---,---,---,---,---,---,---,---,---,---,---,---,---,---,---,---,0,,---,---,---,---,---,---,---,---
B1608+656,B,16,09,14.0749,+,65,32,27.037,Quad,2.040000,242.30864541670,65.54084361110,Publication,Myers,1995,1995ApJ...447L...5M,,---,,242.30864541670,65.54084361110,242.30824062855,65.54112565435,1.3940,---,1996ApJ...460L.103F,---,,,---,--,---,,,0,,,---,---,---,---,---,---,---,,--,0,---,---,---,---,---,---,---,---,---,---,---,---,---,---,---,---,---,---,---,---,---,---,---,0,,---,---,---,---,---,---,---,---
B1608+656,C,16,09,14.0759,+,65,32,28.546,Quad,2.040000,242.30864958330,65.54126277780,Publication,Myers,1995,1995ApJ...447L...5M,,---,,242.30864958330,65.54126277780,242.30824062855,65.54112565435,1.3940,---,1996ApJ...460L.103F,---,,,---,--,---,,,0,,,---,---,---,---,---,---,---,,--,0,---,---,---,---,---,---,---,---,---,---,---,---,---,---,---,---,---,---,---,---,---,---,---,0,,---,---,---,---,---,---,---,---
J1612+3920,A,16,12,12.2583,+,39,20,48.481,Double,1.852000,243.05107644480,39.34680028350,Gaia_DR3,Lemon,2019,2019MNRAS.483.4242L,,---,,243.05136000000,39.34632000000,243.05121419390,39.34656617030,1.6800,---,2019MNRAS.483.4242L,1.680,gG,LEMON2,---,--,---,,,1,DR3Gaia161212.258+392048.48,1,53,4.24204156522,65.82419,0.68673117402,65.34417,20.1052,0.17218,0,0,1,1379167221982160640,243.05107640017,0.2700,39.34680025496,0.3117,-0.7572,0.3470,-2.1822,0.275,-0.095,0.347,-0.258,0.493,20.063087,0.007366,19.860083,0.080067,19.004673,0.095898,1.990,0.855410,20.066864,0.007388,0,,---,---,---,---,---,---,---,---
J1612+3920,B,16,12,12.3245,+,39,20,46.795,Double,1.852000,243.05135194300,39.34633205710,Gaia_DR3,Lemon,2019,2019MNRAS.483.4242L,,---,,243.05136000000,39.34632000000,243.05121419390,39.34656617030,1.6800,---,2019MNRAS.483.4242L,1.680,gG,LEMON2,---,--,---,,,1,DR3Gaia161212.258+392048.48,3,37,4.24204638876,76.05850,0.68672288661,86.91983,20.2889,0.10627,0,0,1,1379167226277634176,243.05135344598,3.8439,39.34633146848,4.4076,---,---,---,---,---,---,---,---,21.130905,0.019971,19.484058,0.078624,18.007847,0.043118,10.777,1.476212,21.130905,0.019971,1,J161212.31+392047.1,14.507,13.794,11.411,9.340,0.028,0.032,0.097,0.392
J1616+1415,B,16,16,46.4046,+,14,15,44.574,Double,1.541000,244.19335243260,14.26238153280,Gaia_DR3,Lemon,2019,2019MNRAS.483.4242L,,---,,244.19340000000,14.26214000000,244.19344374905,14.26218666490,2.8800,---,2019MNRAS.483.4242L,2.880,pG,LEMON2,---,--,---,,,1,DR3Gaia161646.448+141543.17,1,33,4.26197800122,85.45826,0.24892551158,62.66705,20.3234,0.15652,0,0,1,4464350296369352448,244.19335263762,0.8400,14.26238140347,0.5920,-1.0991,0.8330,-1.3194,0.366,0.349,0.889,0.108,0.734,20.365597,0.010625,---,---,---,---,---,---,20.365597,0.010625,1,J161646.41+141543.6,15.462,14.783,11.612,8.592,0.037,0.052,0.214,---
J1616+1415,A,16,16,46.4484,+,14,15,43.170,Double,1.541000,244.19353506550,14.26199179700,Gaia_DR3,Lemon,2019,2019MNRAS.483.4242L,,---,,244.19340000000,14.26214000000,244.19344374905,14.26218666490,2.8800,---,2019MNRAS.483.4242L,2.880,pG,LEMON2,2.893599,16,---,,,1,DR3Gaia161646.448+141543.17,2,43,4.26198125147,68.80440,0.24891871057,61.55447,19.8728,0.17534,0,0,1,4464350292074707200,244.19353505851,0.4001,14.26199179318,0.2887,0.4279,0.4579,0.9344,0.167,0.067,0.441,0.153,0.359,19.840673,0.008588,19.886572,0.059770,19.066702,0.054787,1.554,0.819870,19.840673,0.008588,0,,---,---,---,---,---,---,---,---
SDSSJ1617+3827,B,16,17,52.8683,+,38,27,39.120,Double,2.121000,244.47028462793,38.46086657149,Gaia_DR3,Shalyapin,2018,2018MNRAS.480.2853S,,---,,244.47029190000,38.46085083000,244.47039900856,38.46058598449,---,---,,---,,,---,--,---,,,0,,,---,---,---,---,---,---,---,,--,1,1378843106571815552,244.47028462793,3.5622,38.46086657149,2.6482,---,---,---,---,---,---,---,---,21.102066,0.030722,---,---,---,---,---,---,21.102066,0.030722,0,,---,---,---,---,---,---,---,---
SDSSJ1617+3827,G1,16,17,52.8925,+,38,27,38.769,Double,2.121000,244.47038555000,38.46076917000,Publication,Shalyapin,2018,2018MNRAS.480.2853S,,---,,244.47038555000,38.46076917000,244.47039900856,38.46058598449,---,0.8656,2018MNRAS.480.2853S,---,,,---,--,---,,,0,,,---,---,---,---,---,---,---,,--,0,---,---,---,---,---,---,---,---,---,---,---,---,---,---,---,---,---,---,---,---,---,---,---,0,,---,---,---,---,---,---,---,---
SDSSJ1617+3827,A,16,17,52.9232,+,38,27,37.099,Double,2.121000,244.47051338920,38.46030539749,Gaia_DR3,Shalyapin,2018,2018MNRAS.480.2853S,,---,,244.47052000000,38.46030000000,244.47039900856,38.46058598449,2.0790,0.8656,2018MNRAS.480.2853S,---,,,---,--,---,,,0,,,---,---,---,---,---,---,---,,--,1,1378843106568715904,244.47051338920,0.1493,38.46030539749,0.1606,0.0519,0.1796,0.2888,0.150,-0.114,0.184,-0.098,0.208,19.202372,0.004685,19.397678,0.029487,18.654314,0.029725,1.303,0.743364,19.202372,0.004685,0,,---,---,---,---,---,---,---,---
SDSSJ1617+3827,G2,16,17,53.0533,+,38,27,37.976,Double,2.121000,244.47105531000,38.46054889000,Publication,Shalyapin,2018,2018MNRAS.480.2853S,,---,,244.47105531000,38.46054889000,244.47039900856,38.46058598449,---,0.6020,2018MNRAS.480.2853S,---,,,---,--,---,,,0,,,---,---,---,---,---,---,---,,--,0,---,---,---,---,---,---,---,---,---,---,---,---,---,---,---,---,---,---,---,---,---,---,---,0,,---,---,---,---,---,---,---,---
SDSSJ162026.14+120342.0,A,16,20,26.1393,+,12,03,42.046,Double,2.806000,245.10891386030,12.06167950500,Gaia_DR3,Kayo,2010,2010AJ....139.1614K,,---,,245.10833050000,12.06116030000,245.10921256775,12.06142147865,1.1580,0.3980,2010AJ....139.1614K,1.158,gG,DR16Q,---,--,---,,,1,DR3Gaia162026.283+120340.19,1,42,4.27795762295,65.84763,0.21051593832,43.46406,19.0130,0.14449,0,0,1,4460056527370185984,245.10891384712,0.1860,12.06167946487,0.1621,-0.5210,0.2585,-2.0159,0.042,0.031,0.235,0.027,0.219,18.962692,0.006155,19.294010,0.042659,18.500670,0.054491,1.179,0.793341,18.962692,0.006155,0,,---,---,---,---,---,---,---,---
SDSSJ162026.14+120342.0,G,16,20,26.2400,+,12,03,40.600,Double,2.806000,245.10933333000,12.06127778000,Publication,Kayo,2010,2010AJ....139.1614K,,---,,245.10933333000,12.06127778000,245.10921256775,12.06142147865,---,0.3980,2010AJ....139.1614K,1.158,gG,DR16Q,---,--,---,,,0,,,---,---,---,---,---,---,---,,--,0,---,---,---,---,---,---,---,---,---,---,---,---,---,---,---,---,---,---,---,---,---,---,---,1,J162026.21+120341.1,14.384,13.718,11.519,8.453,0.156,0.035,0.240,---
SDSSJ162026.14+120342.0,B,16,20,26.2827,+,12,03,40.188,Double,2.806000,245.10951127520,12.06116345230,Gaia_DR3,Kayo,2010,2010AJ....139.1614K,,---,,245.10892900000,12.06167580000,245.10921256775,12.06142147865,1.1580,---,2010AJ....139.1614K,1.158,gG,DR16Q,---,--,---,,,1,DR3Gaia162026.283+120340.19,2,39,4.27796800441,69.90559,0.21050707012,48.62683,20.2388,0.15418,0,0,1,4460056527371093120,245.10951076107,0.5534,12.06116286354,0.5128,1.7489,0.7585,2.3059,0.731,-0.544,0.714,-0.489,0.755,20.361670,0.009041,20.176832,0.142714,18.733566,0.042289,2.745,1.443266,20.361278,0.009038,0,,---,---,---,---,---,---,---,---
J1623+7533,A,16,23,16.9186,+,75,33,18.258,Double,1.785000,245.82049436390,75.55507159550,Gaia_DR3,Lemon,2019,2019MNRAS.483.4242L,,---,,245.82049000000,75.55507000000,245.82076658510,75.55483322390,2.6400,---,2019MNRAS.483.4242L,2.640,pG,LEMON2,---,--,---,,,1,DR3Gaia162316.918+753318.26,2,34,4.29037706954,83.88479,1.31868478808,51.38668,20.0942,0.15176,0,0,1,1703314592858616960,245.82049333282,0.4293,75.55507166020,0.3686,0.3663,0.3999,0.9161,0.696,-0.183,0.641,-0.671,0.490,20.090982,0.008442,---,---,---,---,---,---,20.090982,0.008442,1,J162316.94+753317.4,15.160,14.582,11.420,8.993,0.028,0.036,0.096,0.260
J1623+7533,B,16,23,17.0493,+,75,33,16.541,Double,1.785000,245.82103880630,75.55459485230,Gaia_DR3,Lemon,2019,2019MNRAS.483.4242L,,---,,245.82049000000,75.55507000000,245.82076658510,75.55483322390,2.6400,---,2019MNRAS.483.4242L,2.640,pG,LEMON2,2.653331,16,---,,,1,DR3Gaia162316.918+753318.26,1,40,4.29038642875,60.24843,1.31867652070,72.13335,19.6098,0.14204,0,0,1,1703314592857673088,245.82103924816,0.2609,75.55459493901,0.2442,0.1535,0.2577,0.5958,0.273,-0.035,0.344,0.271,0.319,19.516993,0.007033,19.503853,0.060897,18.745943,0.058976,1.590,0.757910,19.520759,0.007054,0,,---,---,---,---,---,---,---,---
J1627-0224,A,16,27,50.2565,-,02,24,13.077,Double,3.775000,246.95940200740,-2.40363261380,Gaia_DR3,Lemon,2019,2019MNRAS.483.4242L,,---,,246.95940000000,-2.40363000000,246.95962712390,-2.40315892820,1.9100,---,2019MNRAS.483.4242L,1.910,pG,LEMON2,---,--,2.67708000,,VizieR_J/A+A/683/A112/lqac6,1,DR3Gaia162750.257-022413.08,2,44,4.31025466367,76.08075,-0.04195134120,45.02077,20.0795,0.12581,0,0,1,4358554188033274496,246.95940211808,0.5045,-2.40363258188,0.2884,-0.3414,0.5426,-0.6292,0.587,0.561,0.839,-0.173,0.574,20.090286,0.005620,20.276093,0.105052,19.099210,0.042631,1.660,1.176882,20.092583,0.005629,0,,---,---,---,---,---,---,---,---
J1627-0224,B,16,27,50.3645,-,02,24,09.667,Double,3.775000,246.95985224040,-2.40268524260,Gaia_DR3,Lemon,2019,2019MNRAS.483.4242L,,---,,246.95940000000,-2.40363000000,246.95962712390,-2.40315892820,1.9100,---,2019MNRAS.483.4242L,1.910,pG,LEMON2,---,--,2.67708000,,VizieR_J/A+A/683/A112/lqac6,1,DR3Gaia162750.257-022413.08,1,48,4.31026258392,45.84658,-0.04193481955,35.06027,19.3024,0.13925,0,0,1,4358554188033274624,246.95985217408,0.2287,-2.40268523152,0.1394,-0.0447,0.2798,-0.1596,0.868,0.790,0.317,0.361,0.236,19.252730,0.004406,19.561737,0.032505,18.770554,0.033920,1.202,0.791184,19.252730,0.004406,0,,---,---,---,---,---,---,---,---
PMNJ1632-0033,A,16,32,57.6800,-,00,33,21.050,Double,1.469000,248.24033333000,-0.55584722000,Publication,Winn,2002,2002AJ....123...10W,,---,,248.24033333000,-0.55584722000,248.24050578500,-0.55595619500,3.4240,1.1650,2002AJ....123...10W,---,,,---,--,---,,,0,,,---,---,---,---,---,---,---,,--,0,---,---,---,---,---,---,---,---,---,---,---,---,---,---,---,---,---,---,---,---,---,---,---,0,,---,---,---,---,---,---,---,---
PMNJ1632-0033,G,16,32,57.7574,-,00,33,21.777,Double,1.469000,248.24065574000,-0.55604911000,Publication,Winn,2002,2002AJ....123...10W,,---,,248.24065574000,-0.55604911000,248.24050578500,-0.55595619500,---,---,,---,,,---,--,---,,,0,,,---,---,---,---,---,---,---,,--,0,---,---,---,---,---,---,---,---,---,---,---,---,---,---,---,---,---,---,---,---,---,---,---,0,,---,---,---,---,---,---,---,---
PMNJ1632-0033,B,16,32,57.7628,-,00,33,21.835,Double,1.469000,248.24067824000,-0.55606517000,Publication,Winn,2002,2002AJ....123...10W,,---,,248.24067824000,-0.55606517000,248.24050578500,-0.55595619500,3.4240,---,2002AJ....123...10W,---,,,---,--,---,,,0,,,---,---,---,---,---,---,---,,--,0,---,---,---,---,---,---,---,---,---,---,---,---,---,---,---,---,---,---,---,---,---,---,---,0,,---,---,---,---,---,---,---,---
FBQ1633+3134,C,16,33,48.8372,+,31,34,09.730,Double,2.981000,248.45348846000,31.56936948000,Publication,Morgan,2001,2001AJ....121..611M,,---,,248.45348846000,31.56936948000,248.45393496790,31.56975464357,1.5160,---,2001AJ....121..611M / 2010A&A...518A..10V,---,,,---,--,---,,,0,,,---,---,---,---,---,---,---,,--,0,---,---,---,---,---,---,---,---,---,---,---,---,---,---,---,---,---,---,---,---,---,---,---,0,,---,---,---,---,---,---,---,---
FBQ1633+3134,A,16,33,48.9775,+,31,34,12.012,Double,2.981000,248.45407302320,31.57000337270,Gaia_DR3,Morgan,2001,2001AJ....121..611M,,---,,248.45412500000,31.56997220000,248.45393496790,31.56975464357,1.5160,0.6840,2001AJ....121..611M / 2010A&A...518A..10V,---,,,1.518785,0,---,,,1,DR3Gaia163348.978+313412.01,1,51,4.33634159997,51.42972,0.55100049781,47.15339,17.4994,0.11858,0,0,1,1324266274238816256,248.45407308560,0.0534,31.57000342020,0.0655,0.0265,0.0796,0.3327,0.303,0.137,0.071,0.270,0.088,17.432306,0.003688,17.432050,0.010714,16.795145,0.009559,1.482,0.636906,17.432306,0.003688,1,J163348.98+313411.8,13.700,12.206,9.134,7.003,0.141,0.022,0.031,0.093
FBQ1633+3134,B,16,33,49.0184,+,31,34,11.608,Double,2.981000,248.45424342050,31.56989107800,Gaia_DR3,Morgan,2001,2001AJ....121..611M,,---,,248.45429580000,31.56986000000,248.45393496790,31.56975464357,1.5160,---,2001AJ....121..611M / 2010A&A...518A..10V,---,,,---,--,---,,,1,DR3Gaia163348.978+313412.01,2,48,4.33634448029,58.84291,0.55099863773,66.08800,19.0986,0.14548,0,0,1,1324266274240202240,248.45424348917,0.2922,31.56989117914,0.5570,-0.2467,0.3424,-0.7205,0.319,-0.071,0.356,-0.311,0.568,19.132479,0.005765,---,---,---,---,---,---,19.132479,0.005765,0,,---,---,---,---,---,---,---,---
J1640+1045,A,16,40,18.1182,+,10,45,06.296,Double,2.208000,250.07549250420,10.75174879550,Gaia_DR3,Lemon,2018,2018MNRAS.479.5060L,,---,,250.07538500000,10.75165000000,250.07574685665,10.75157105945,1.7000,---,2018MNRAS.479.5060L,1.700,pmG,LEMON,---,--,---,,,1,DR3Gaia164018.240+104505.02,1,63,4.36464072502,64.18861,0.18765338014,47.23758,19.8606,0.13256,0,0,1,4447068718068067456,250.07549252772,0.3283,10.75174881694,0.2352,-0.2614,0.4781,-0.5467,0.432,-0.376,0.438,-0.214,0.308,19.873953,0.005141,19.903671,0.091614,19.204294,0.067702,1.486,0.699377,19.877598,0.005153,0,,---,---,---,---,---,---,---,---
J1640+1045,G,16,40,18.1900,+,10,45,05.500,Double,2.208000,250.07579166670,10.75152777780,Gaia_FPR,Lemon,2018,2018MNRAS.479.5060L,,---,,250.07579166670,10.75152777780,250.07574685665,10.75157105945,---,---,2018MNRAS.479.5060L,1.700,pmG,LEMON,---,--,---,,,1,DR3Gaia164018.240+104505.02,3,5,4.36464780198,56.12523,0.18764860516,27.41069,20.5625,0.28705,0,0,0,---,---,---,---,---,---,---,---,---,---,---,---,---,---,---,---,---,---,---,---,---,---,---,1,J164018.18+104505.3,14.318,13.552,11.004,8.479,0.028,0.034,0.122,---
J1640+1045,B,16,40,18.2403,+,10,45,05.016,Double,2.208000,250.07600120910,10.75139332340,Gaia_DR3,Lemon,2018,2018MNRAS.479.5060L,,---,,250.07589710000,10.75200560000,250.07574685665,10.75157105945,1.7000,---,2018MNRAS.479.5060L,1.700,pmG,LEMON,---,--,---,,,1,DR3Gaia164018.240+104505.02,2,63,4.36464965275,50.91380,0.18764718403,45.15417,18.1922,0.11515,0,0,1,4447068718065707520,250.07600119156,0.1068,10.75139330034,0.0760,-0.0664,0.1569,-0.4234,0.674,-0.510,0.143,-0.441,0.098,18.142530,0.004700,18.235487,0.023563,17.370580,0.014754,1.523,0.864906,18.142530,0.004700,0,,---,---,---,---,---,---,---,---
SDSSJ1640+1932,D,16,40,45.5506,+,19,32,55.573,Quad,5.073000,250.18979402550,19.54877016830,Gaia_FPR,Wang,2017,2017MNRAS.468.3757W,,---,,250.18983333333,19.54875000000,250.19020961905,19.54904082935,0.7780,---,2017MNRAS.468.3757W,0.778,gG,DR16Q,---,--,---,,,1,DR3Gaia164045.669+193257.17,3,11,4.36663563007,50.55050,0.34119024602,65.01107,20.6562,0.15625,0,0,0,---,---,---,---,---,---,---,---,---,---,---,---,---,---,---,---,---,---,---,---,---,---,---,0,,---,---,---,---,---,---,---,---
SDSSJ1640+1932,C,16,40,45.5907,+,19,32,55.115,Quad,5.073000,250.18996111740,19.54864314910,Gaia_FPR,Wang,2017,2017MNRAS.468.3757W,,---,,250.19000000000,19.54863888889,250.19020961905,19.54904082935,0.7780,---,2017MNRAS.468.3757W,0.778,gG,DR16Q,---,--,---,,,1,DR3Gaia164045.669+193257.17,2,12,4.36663883440,91.46484,0.34118807208,24.24054,20.6471,0.19026,0,0,0,---,---,---,---,---,---,---,---,---,---,---,---,---,---,---,---,---,---,---,---,---,---,---,0,,---,---,---,---,---,---,---,---
SDSSJ1640+1932,G,16,40,45.6692,+,19,32,57.160,Quad,5.073000,250.19028821930,19.54921109210,Gaia_DR3,Wang,2017,2017MNRAS.468.3757W,,---,,250.19029000000,19.54921000000,250.19020961905,19.54904082935,---,0.1950,2017MNRAS.468.3757W,0.778,gG,DR16Q,---,--,---,,,1,DR3Gaia164045.669+193257.17,1,37,4.36664418178,65.70590,0.34119805736,55.18085,19.5300,0.11758,0,0,1,4563464397668993536,250.19028765218,5.0250,19.54921299327,3.5199,---,---,---,---,---,---,---,---,20.676262,0.021599,18.786070,0.040551,16.911829,0.012821,17.625,1.874241,20.676262,0.021599,1,J164045.65+193256.1,13.027,12.642,10.940,8.294,0.040,0.039,0.172,0.479
SDSSJ1640+1932,A,16,40,45.7100,+,19,32,59.900,Quad,5.073000,250.19045833330,19.54997222220,Publication,Wang,2017,2017MNRAS.468.3757W,,---,,250.19045833333,19.54997222222,250.19020961905,19.54904082935,0.7780,0.1950,2017MNRAS.468.3757W,0.778,gG,DR16Q,---,--,---,,,0,,,---,---,---,---,---,---,---,,--,0,---,---,---,---,---,---,---,---,---,---,---,---,---,---,---,---,---,---,---,---,---,---,---,1,J164045.65+193300.5,14.649,14.461,12.163,8.431,0.130,0.155,---,---
SDSSJ1640+1932,B,16,40,45.7500,+,19,32,55.600,Quad,5.073000,250.19062500000,19.54877777780,Publication,Wang,2017,2017MNRAS.468.3757W,,---,,250.19062500000,19.54877777778,250.19020961905,19.54904082935,0.7780,---,2017MNRAS.468.3757W,0.778,gG,DR16Q,---,--,---,,,0,,,---,---,---,---,---,---,---,,--,0,---,---,---,---,---,---,---,---,---,---,---,---,---,---,---,---,---,---,---,---,---,---,---,0,,---,---,---,---,---,---,---,---
SDSS1650+4251,A,16,50,43.4457,+,42,51,49.376,Double,1.181000,252.68102380420,42.86371546640,Gaia_DR3,Morgan,2003,2003AJ....126.2145M,,---,,252.68100000000,42.86250000000,252.68106495900,42.86355422065,1.5470,0.5770,2003AJ....126.2145M,---,,,1.549932,0,---,,,1,DR3Gaia165043.446+425149.38,1,38,4.41011574077,56.15790,0.74811295498,38.91581,17.7829,0.14073,0,0,1,1356637374030072832,252.68102360652,0.0851,42.86371538613,0.0927,0.1861,0.0951,1.9580,0.803,0.634,0.119,0.492,0.109,17.670252,0.004464,17.766966,0.022107,17.145075,0.017443,1.346,0.621891,17.670252,0.004464,1,J165043.44+425148.9,14.231,13.082,10.238,7.897,0.136,0.025,0.056,0.153
SDSS1650+4251,B,16,50,43.4655,+,42,51,48.215,Double,1.181000,252.68110611380,42.86339297490,Gaia_DR3,Morgan,2003,2003AJ....126.2145M,,---,,252.68100000000,42.86250000000,252.68106495900,42.86355422065,1.5470,---,2003AJ....126.2145M,---,,,---,--,---,,,1,DR3Gaia165043.446+425149.38,2,39,4.41011724040,66.19723,0.74810730093,62.97833,19.5801,0.17307,0,0,1,1356637374029266176,252.68110576078,0.3735,42.86339288278,0.3095,-0.1155,0.3306,-0.3494,0.381,0.286,0.455,0.252,0.349,19.569527,0.006944,---,---,---,---,---,---,19.569527,0.006944,0,,---,---,---,---,---,---,---,---
GraLJ165105.3-041725,D,16,51,05.1370,-,04,17,27.810,Quad,10.077000,252.77140431060,-4.29105822780,Gaia_DR3,Stern,2021,2021ApJ...921...42S,,---,,252.77140345300,-4.29105708468,252.77237993643,-4.29026014867,1.4510,---,2021ApJ...921...42S,---,,,1.459546,0,1.45100000,,HEASARC_morx,1,DR3Gaia165105.137-041727.81,4,46,4.41169325561,59.36126,-0.07489313031,39.83767,19.0374,0.11217,1,0,1,4377576220230044288,252.77140427723,0.1982,-4.29105823049,0.1162,0.0891,0.2579,0.3456,0.580,-0.503,0.307,-0.288,0.216,18.982508,0.004353,19.319971,0.026587,18.425444,0.029273,1.235,0.894527,18.982508,0.004353,0,,---,---,---,---,---,---,---,---
GraLJ165105.3-041725,A,16,51,05.2370,-,04,17,23.168,Quad,10.077000,252.77182089410,-4.28976893530,Gaia_DR3,Stern,2021,2021ApJ...921...42S,,---,,252.77181839900,-4.28976824753,252.77237993643,-4.29026014867,1.4510,0.5910,2021ApJ...921...42S,---,,,---,--,1.45100000,,HEASARC_morx,1,DR3Gaia165105.137-041727.81,3,43,4.41170058569,69.23433,-0.07487060943,49.24445,20.0247,0.16052,1,0,1,4377576220232090496,252.77182085300,0.4593,-4.28976889697,0.2477,0.0014,0.5492,0.0026,0.244,0.171,0.674,-0.173,0.488,20.045145,0.008763,20.291075,0.060043,19.307020,0.037743,1.409,0.984055,20.045145,0.008763,0,,---,---,---,---,---,---,---,---
GraLJ165105.3-041725,C,16,51,05.4480,-,04,17,27.260,Quad,10.077000,252.77269990900,-4.29090566870,Gaia_DR3,Stern,2021,2021ApJ...921...42S,,---,,252.77269678000,-4.29090625770,252.77237993643,-4.29026014867,1.4510,---,2021ApJ...921...42S,---,,,1.457540,0,1.45100000,,HEASARC_morx,1,DR3Gaia165105.137-041727.81,2,46,4.41171588906,61.00494,-0.07489046721,50.63003,19.5197,0.14375,1,0,1,4377576220230043904,252.77269989287,0.2650,-4.29090560057,0.1585,0.3809,0.3379,1.1272,0.487,-0.477,0.388,0.097,0.277,19.487907,0.006802,19.828598,0.033798,18.941214,0.036831,1.226,0.887384,19.487907,0.006802,0,,---,---,---,---,---,---,---,---
GraLJ165105.3-041725,B,16,51,05.6627,-,04,17,21.508,Quad,10.077000,252.77359463200,-4.28930776290,Gaia_DR3,Stern,2021,2021ApJ...921...42S,,---,,252.77359594900,-4.28931026591,252.77237993643,-4.29026014867,1.4510,---,2021ApJ...921...42S,1.451,pG,GraL4,---,--,1.45884000,,VizieR_J/A+A/683/A112/lqac6,1,DR3Gaia165105.663-041721.51,1,47,4.41173155880,65.80798,-0.07486259999,41.83705,19.6280,0.14223,0,0,1,4377576215935403904,252.77359454995,0.2911,-4.28930780420,0.1698,0.5954,0.3703,1.6077,0.522,-0.506,0.429,-0.128,0.304,19.598580,0.005379,20.003761,0.056733,19.181322,0.039556,1.118,0.822439,19.598580,0.005379,0,,---,---,---,---,---,---,---,---
J1653+5155,A,16,53,45.2697,+,51,55,04.701,Double,1.630000,253.43862388890,51.91797259930,Gaia_DR3,Lemon,2019,2019MNRAS.483.4242L,,---,,253.43865000000,51.91796000000,253.43881482550,51.91816591915,1.1650,---,2019MNRAS.483.4242L,1.165,gG,LEMON2,---,--,---,,,1,DR3Gaia165345.270+515504.70,1,42,4.42333842517,53.26123,0.90613953647,66.51084,19.9501,0.14479,0,0,1,1413620762434551296,253.43862399664,0.2938,51.91797260714,0.3612,0.4637,0.3233,1.4342,1.140,-0.298,0.366,-1.100,0.499,19.907948,0.008221,19.751709,0.050841,19.006647,0.066064,1.803,0.745062,19.911695,0.008247,1,J165345.32+515505.5,14.952,14.295,11.961,8.971,0.028,0.036,0.223,0.310
J1653+5155,B,16,53,45.3614,+,51,55,06.093,Double,1.630000,253.43900576210,51.91835923900,Gaia_DR3,Lemon,2019,2019MNRAS.483.4242L,,---,,253.43865000000,51.91796000000,253.43881482550,51.91816591915,1.1650,---,2019MNRAS.483.4242L,1.165,gG,LEMON2,---,--,---,,,1,DR3Gaia165345.270+515504.70,2,22,4.42334476163,91.65973,0.90614596618,74.74559,20.5653,0.18232,0,0,1,1413620766730431872,253.43900320986,2.6618,51.91835900120,2.7225,---,---,---,---,---,---,---,---,21.224913,0.026133,---,---,---,---,---,---,21.224913,0.026133,0,,---,---,---,---,---,---,---,---
MG1654+1346,B,16,54,41.7100,+,13,46,20.600,Double,2.240000,253.67379166667,13.77238888889,Publication,Langston,1989,1989AJ.....97.1283L,,---,,253.67379166667,13.77238888889,253.67404166667,13.77258333333,---,---,,---,,,---,--,---,,,0,,,---,---,---,---,---,---,---,,--,0,---,---,---,---,---,---,---,---,---,---,---,---,---,---,---,---,---,---,---,---,---,---,---,0,,---,---,---,---,---,---,---,---
MG1654+1346,G,16,54,41.7896,+,13,46,21.370,Double,2.240000,253.67412314942,13.77260263989,Gaia_DR3,Langston,1989,1989AJ.....97.1283L,,---,,253.67429166667,13.77277777778,253.67404166667,13.77258333333,---,0.2540,1989AJ.....97.1283L,---,,,---,--,---,,,0,,,---,---,---,---,---,---,---,,--,1,4449460499458494336,253.67412314942,19.0344,13.77260263989,7.6961,---,---,---,---,---,---,---,---,21.451035,0.039887,20.267640,0.251258,18.560220,0.078242,8.190,1.707418,21.451035,0.039887,0,,---,---,---,---,---,---,---,---
MG1654+1346,A,16,54,41.8300,+,13,46,22.000,Double,2.240000,253.67429166667,13.77277777778,Publication,Langston,1989,1989AJ.....97.1283L,,---,,253.67429166667,13.77277777778,253.67404166667,13.77258333333,1.7400,0.2540,1989AJ.....97.1283L,---,,,---,--,---,,,0,,,---,---,---,---,---,---,---,,--,0,---,---,---,---,---,---,---,---,---,---,---,---,---,---,---,---,---,---,---,---,---,---,---,0,,---,---,---,---,---,---,---,---
J1709+3828,A,17,09,28.7174,+,38,28,01.197,Double,1.661000,257.36965595810,38.46699916330,Gaia_DR3,Lemon,2018,2018MNRAS.479.5060L,,---,,257.36992580000,38.46687780000,257.36980078845,38.46720001755,1.3800,---,2018MNRAS.479.5060L,---,,,---,--,---,,,1,DR3Gaia170928.787+382802.64,1,32,4.49194775151,62.86588,0.67137576790,78.92354,20.4824,0.17894,0,0,1,1341082101994960768,257.36965643270,0.8330,38.46699862144,0.6047,0.3736,0.6978,0.5354,2.504,1.528,1.115,1.984,0.767,20.595985,0.018418,20.268436,0.268330,19.045515,0.208855,2.736,1.222921,20.597901,0.018450,1,J170928.77+382801.6,14.605,13.973,12.312,8.897,0.029,0.035,0.275,---
J1709+3828,G,17,09,28.7813,+,38,28,01.637,Double,1.661000,257.36992204000,38.46712139000,Publication,Lemon,2018,2018MNRAS.479.5060L,,---,,257.36964210000,38.46729440000,257.36980078845,38.46720001755,---,---,2018MNRAS.479.5060L,---,,,---,--,---,,,0,,,---,---,---,---,---,---,---,,--,0,---,---,---,---,---,---,---,---,---,---,---,---,---,---,---,---,---,---,---,---,---,---,---,0,,---,---,---,---,---,---,---,---
J1709+3828,B,17,09,28.7869,+,38,28,02.643,Double,1.661000,257.36994561880,38.46740087180,Gaia_DR3,Lemon,2018,2018MNRAS.479.5060L,,---,,257.36964210000,38.46729440000,257.36980078845,38.46720001755,1.3800,---,2018MNRAS.479.5060L,---,,,---,--,---,,,1,DR3Gaia170928.787+382802.64,2,36,4.49195297130,68.62719,0.67138274628,62.97477,20.3433,0.18554,0,0,1,1341082101994960896,257.36994564946,0.5405,38.46740074676,0.4733,0.6733,0.5344,1.2600,1.231,-0.422,0.711,1.156,0.643,20.413506,0.013591,20.046839,0.086323,19.014353,0.060418,2.544,1.032486,20.416736,0.013629,0,,---,---,---,---,---,---,---,---
J1710+4332,A,17,10,58.2202,+,43,32,34.106,Double,2.346000,257.74258413120,43.54280718760,Gaia_DR3,Lemon,2018,2018MNRAS.479.5060L,,---,,257.74268080000,43.54333390000,257.74266706560,43.54248689380,3.0800,---,2018MNRAS.479.5060L,3.077,gG,DR16Q,---,--,---,,,1,DR3Gaia171058.220+433234.11,1,21,4.49845682319,68.34074,0.75996513253,89.45427,20.5312,0.18435,0,0,1,1355268580837307776,257.74258409977,0.6630,43.54280702263,0.7261,-1.2953,0.8508,-1.5224,0.671,-0.334,1.104,0.582,0.909,20.710940,0.018727,20.611395,0.136786,20.079931,0.178491,1.548,0.531464,20.710940,0.018727,0,,---,---,---,---,---,---,---,---
J1710+4332,G,17,10,58.2469,+,43,32,32.436,Double,2.346000,257.74269526000,43.54234330000,Publication,Lemon,2018,2018MNRAS.479.5060L,,---,,257.74269526000,43.54234330000,257.74266706560,43.54248689380,---,---,2018MNRAS.479.5060L,3.077,gG,DR16Q,---,--,---,,,0,,,---,---,---,---,---,---,---,,--,0,---,---,---,---,---,---,---,---,---,---,---,---,---,---,---,---,---,---,---,---,---,---,---,1,J171058.25+433232.3,15.573,15.435,12.354,9.077,0.035,0.072,---,---
J1710+4332,B,17,10,58.2600,+,43,32,31.800,Double,2.346000,257.74275000000,43.54216660000,Publication,Lemon,2018,2018MNRAS.479.5060L,,---,,257.74275000000,43.54216660000,257.74266706560,43.54248689380,3.0800,---,2018MNRAS.479.5060L,3.077,gG,DR16Q,---,--,---,,,0,,,---,---,---,---,---,---,---,,--,0,---,---,---,---,---,---,---,---,---,---,---,---,---,---,---,---,---,---,---,---,---,---,---,0,,---,---,---,---,---,---,---,---
J1721+8842,D,17,21,39.2049,+,88,42,21.230,Quad,5.011000,260.41335376470,88.70589720500,Gaia_DR3,Lemon,2018,2018MNRAS.479.5060L,,---,,260.45419000000,88.70621000000,260.43693065266,88.70596268555,2.3700,---,2018MNRAS.479.5060L / 2024arXiv241104177D,---,,,---,--,---,,,1,DR3Gaia172148.305+884220.02,1,36,4.54507028618,58.11866,1.54820999286,54.81613,20.0082,0.15858,0,0,1,1729026461820249728,260.41335177694,0.4321,88.70589720871,0.3672,-0.1974,0.4423,-0.4463,0.749,-0.615,0.657,-0.429,0.540,19.983175,0.006986,19.799004,0.165326,18.353949,0.165429,2.747,1.445055,19.982761,0.006983,0,,---,---,---,---,---,---,---,---
J1721+8842,F,17,21,40.9300,+,88,42,22.600,Quad,5.011000,260.42054167000,88.70627778000,HST,Lemon,2018,2018MNRAS.479.5060L,,---,,260.42054167000,88.70627778000,260.43693065266,88.70596268555,2.3700,---,2018MNRAS.479.5060L / 2024arXiv241104177D,---,,,---,--,---,,,0,,,---,---,---,---,---,---,---,,--,0,---,---,---,---,---,---,---,---,---,---,---,---,---,---,---,---,---,---,---,---,---,---,---,0,,---,---,---,---,---,---,---,---
J1721+8842,G,17,21,43.5300,+,88,42,21.600,Quad,5.011000,260.43137500000,88.70600000000,HST,Lemon,2018,2018MNRAS.479.5060L,,---,,260.43137500000,88.70600000000,260.43693065266,88.70596268555,---,1.8850,2018MNRAS.479.5060L / 2024arXiv241104177D,---,,,---,--,---,,,0,,,---,---,---,---,---,---,---,,--,0,---,---,---,---,---,---,---,---,---,---,---,---,---,---,---,---,---,---,---,---,---,---,---,1,J172144.72+884222.2,12.953,12.038,9.509,7.068,0.037,0.036,0.052,0.130
J1721+8842,B,17,21,45.0736,+,88,42,23.775,Quad,5.011000,260.43780656320,88.70660404270,Gaia_DR3,Lemon,2018,2018MNRAS.479.5060L,,---,,260.42798960000,88.70601280000,260.43693065266,88.70596268555,2.3700,---,2018MNRAS.479.5060L / 2024arXiv241104177D,---,,,---,--,---,,,1,DR3Gaia172148.305+884220.02,4,41,4.54549624727,53.06426,1.54822238120,54.62680,19.1380,0.11909,0,0,1,1729026466114871424,260.43780955871,0.1870,88.70660394736,0.1775,-0.2279,0.1946,-1.1714,0.406,0.398,0.285,0.077,0.272,19.043446,0.005394,---,---,---,---,---,---,19.043446,0.005394,0,,---,---,---,---,---,---,---,---
J1721+8842,E,17,21,46.6601,+,88,42,18.792,Quad,5.011000,260.44441704566,88.70522012209,Gaia_DR3,Lemon,2018,2018MNRAS.479.5060L,,---,,260.44538565000,88.70521186000,260.43693065266,88.70596268555,2.3700,---,2018MNRAS.479.5060L / 2024arXiv241104177D,---,,,---,--,---,,,1,DR3Gaia172148.305+884220.02,5,20,4.54561315647,73.79417,1.54819812953,57.05720,20.4937,0.17702,0,0,1,1729026466114871296,260.44441704566,1.5548,88.70522012209,0.8901,-1.2238,1.3073,-0.9361,1.734,0.155,2.242,1.727,1.310,20.685340,0.012193,---,---,---,---,---,---,20.685340,0.012193,1,J172145.56+884218.0,14.719,13.933,11.252,8.415,0.142,0.153,0.226,0.435
J1721+8842,C,17,21,48.3050,+,88,42,20.024,Quad,5.011000,260.45127078560,88.70556232990,Gaia_DR3,Lemon,2018,2018MNRAS.479.5060L,,---,,260.47731290000,88.70590440000,260.43693065266,88.70596268555,2.3700,---,2018MNRAS.479.5060L / 2024arXiv241104177D,---,,,---,--,---,,,1,DR3Gaia172148.305+884220.02,2,41,4.54573401361,38.06187,1.54820422175,45.83607,18.5175,0.19397,0,0,1,1729026461820390400,260.45126897472,0.1159,88.70556235712,0.1188,0.0344,0.1251,0.2751,0.266,0.255,0.167,-0.077,0.190,18.412035,0.010859,18.664413,0.042573,17.550276,0.043379,1.506,1.114138,18.414787,0.010885,0,,---,---,---,---,---,---,---,---
J1721+8842,A,17,21,49.0066,+,88,42,22.373,Quad,5.011000,260.45419408680,88.70621463360,Gaia_DR3,Lemon,2018,2018MNRAS.479.5060L,,---,,260.44754920000,88.70571000000,260.43693065266,88.70596268555,2.3700,1.8850,2018MNRAS.479.5060L / 2024arXiv241104177D,---,,,---,--,---,,,1,DR3Gaia172148.305+884220.02,3,41,4.54578422924,43.45506,1.54821555613,43.85458,18.2938,0.12608,0,0,1,1729026466116588544,260.45419408034,0.1002,88.70621465594,0.1020,-0.0149,0.1103,-0.1347,0.103,-0.002,0.136,-0.103,0.145,18.193207,0.005926,18.413376,0.033394,17.212954,0.017655,1.630,1.200422,18.195314,0.005935,0,,---,---,---,---,---,---,---,---
J1800+5305,A,18,00,03.4797,+,53,05,01.606,Double,2.251000,270.01449860135,53.08377949468,Gaia_DR3,He,2025,2025arXiv250903858H,,---,,270.01449800000,53.08378000000,270.01480579523,53.08352719799,3.2293,---,2025arXiv250903858H,---,,,---,--,---,,,0,,,---,---,---,---,---,---,---,,--,1,2125520868876192512,270.01449860135,0.3285,53.08377949468,0.3311,-0.1078,0.3464,-0.3112,0.320,0.273,0.389,0.167,0.423,19.986967,0.009274,20.261265,0.073375,19.406345,0.066083,1.282,0.854919,19.986967,0.009274,0,,---,---,---,---,---,---,---,---
J1800+5305,B,18,00,03.6271,+,53,04,59.790,Double,2.251000,270.01511298911,53.08327490131,Gaia_DR3,He,2025,2025arXiv250903858H,,---,,270.01449800000,53.08378000000,270.01480579523,53.08352719799,3.2293,---,2025arXiv250903858H,---,,,---,--,---,,,0,,,---,---,---,---,---,---,---,,--,1,2125520873171716096,270.01511298911,2.2083,53.08327490131,2.7569,---,---,---,---,---,---,---,---,21.018272,0.030424,---,---,---,---,---,---,21.018272,0.030424,0,,---,---,---,---,---,---,---,---
PSJ1800+0146,B,18,00,07.6494,+,01,46,35.995,Double,1.124000,270.03187249830,1.77666528210,Gaia_DR3,Dux,2024,2024A&A...682A..47D,,---,,270.03200000000,1.77670000000,270.03201661730,1.77672543685,1.5300,---,2024A&A...682A..47D,---,,,---,--,---,,,0,,,---,---,---,---,---,---,---,,--,1,4468051389949307520,270.03187248965,0.2024,1.77666536710,0.1973,-0.0696,0.2704,-0.2575,0.178,0.178,0.252,-0.008,0.253,18.717535,0.004278,---,---,---,---,---,---,18.717535,0.004278,1,J180007.67+014636.1,13.339,12.176,9.367,7.244,0.027,0.023,0.037,0.103
PSJ1800+0146,A,18,00,07.7186,+,01,46,36.428,Double,1.124000,270.03216073630,1.77678559160,Gaia_DR3,Dux,2024,2024A&A...682A..47D,,---,,270.03200000000,1.77670000000,270.03201661730,1.77672543685,1.5300,---,2024A&A...682A..47D,---,,,---,--,---,,,0,,,---,---,---,---,---,---,---,,--,1,4468051389956021504,270.03216073027,0.1385,1.77678568232,0.1514,0.0363,0.1851,0.1960,0.359,-0.173,0.177,-0.315,0.168,18.395079,0.004319,18.517607,0.024020,17.024939,0.022868,2.135,1.492668,18.394070,0.004317,0,,---,---,---,---,---,---,---,---
GraLJ1817+2729,D,18,17,30.7838,+,27,29,39.705,Quad,1.796000,274.37826585000,27.49436261000,HST,Delchambre,2018,2019A&A...622A.165D,Lemon,2019,2019MNRAS.483.4242L,274.37826585000,27.49436261000,274.37848319341,27.49445301497,3.0740,---,2021ApJ...921...42S / 2023A&A...672A..20M,---,,,---,--,---,,,0,,,---,---,---,---,---,---,---,,--,0,---,---,---,---,---,---,---,---,---,---,---,---,---,---,---,---,---,---,---,---,---,---,---,0,,---,---,---,---,---,---,---,---
GraLJ1817+2729,B,18,17,30.7902,+,27,29,40.514,Quad,1.796000,274.37829247058,27.49458733299,Gaia_DR3,Delchambre,2018,2019A&A...622A.165D,Lemon,2019,2019MNRAS.483.4242L,274.37829247000,27.49458733000,274.37848319341,27.49445301497,3.0740,---,2021ApJ...921...42S / 2023A&A...672A..20M,---,,,---,--,---,,,0,,,---,---,---,---,---,---,---,,--,1,4586221638368020864,274.37829247058,0.1111,27.49458733299,0.1456,-0.3461,0.1670,-2.0732,0.350,0.206,0.144,-0.282,0.192,18.914503,0.004528,19.102833,0.050995,17.884077,0.038438,---,1.218756,18.916455,0.004533,0,,---,---,---,---,---,---,---,---
GraLJ1817+2729,G,18,17,30.8430,+,27,29,40.066,Quad,1.796000,274.37851261000,27.49446289000,HST,Delchambre,2018,2019A&A...622A.165D,Lemon,2019,2019MNRAS.483.4242L,274.37851261000,27.49446289000,274.37848319341,27.49445301497,---,---,,---,,,---,--,---,,,0,,,---,---,---,---,---,---,---,,--,0,---,---,---,---,---,---,---,---,---,---,---,---,---,---,---,---,---,---,---,---,---,---,---,0,,---,---,---,---,---,---,---,---
GraLJ1817+2729,C,18,17,30.8847,+,27,29,39.232,Quad,1.796000,274.37868616677,27.49423102774,Gaia_DR3,Delchambre,2018,2019A&A...622A.165D,Lemon,2019,2019MNRAS.483.4242L,274.37868766000,27.49423039000,274.37848319341,27.49445301497,3.0740,0.4080,2021ApJ...921...42S / 2023A&A...672A..20M,---,,,---,--,---,,,0,,,---,---,---,---,---,---,---,,--,1,4586221642663205248,274.37868616677,0.2448,27.49423102774,0.3244,-0.3432,0.3739,-0.9179,0.723,0.723,0.327,-0.013,0.406,20.018170,0.005657,---,---,---,---,---,---,20.018170,0.005657,0,,---,---,---,---,---,---,---,---
GraLJ1817+2729,A,18,17,30.8852,+,27,29,40.672,Quad,1.796000,274.37868828629,27.49463108914,Gaia_DR3,Delchambre,2018,2019A&A...622A.165D,Lemon,2019,2019MNRAS.483.4242L,274.37869267000,27.49463067000,274.37848319341,27.49445301497,3.0740,---,2021ApJ...921...42S / 2023A&A...672A..20M,---,,,---,--,---,,,0,,,---,---,---,---,---,---,---,,--,1,4586221642663205120,274.37868828629,0.8986,27.49463108914,0.9638,-2.3567,1.4848,-1.5872,0.987,0.106,0.928,0.982,1.612,20.764921,0.013231,---,---,---,---,---,---,20.764921,0.013231,0,,---,---,---,---,---,---,---,---
J1831+5447,A,18,31,27.0535,+,54,48,00.269,Double,2.392000,277.86272307100,54.80007468290,Gaia_DR3,Lemon,2018,2018MNRAS.479.5060L,,---,,277.86430830000,54.79995560000,277.86316250095,54.79985966735,1.0700,---,2018MNRAS.479.5060L,---,,,---,--,---,,,1,DR3Gaia183127.054+544800.27,2,41,4.84961934521,52.23010,0.95644167242,61.93424,19.2298,0.21567,0,0,1,2147500041891350656,277.86272309242,0.1796,54.80007464507,0.1842,-0.1437,0.1745,-0.8234,0.091,0.072,0.251,-0.057,0.249,19.122234,0.010639,19.134329,0.051778,18.335583,0.044159,1.586,0.798746,19.122234,0.010639,0,,---,---,---,---,---,---,---,---
J1831+5447,G,18,31,27.2235,+,54,47,59.169,Double,2.392000,277.86343145000,54.79976913000,Gaia_FPR,Lemon,2018,2018MNRAS.479.5060L,,---,,277.86343145000,54.79976913000,277.86316250095,54.79985966735,---,---,2018MNRAS.479.5060L,---,,,---,--,---,,,1,DR3Gaia183127.054+544800.27,3,5,4.84963250505,62.44632,0.95643573435,47.26948,20.6375,0.13949,0,0,0,---,---,---,---,---,---,---,---,---,---,---,---,---,---,---,---,---,---,---,---,---,---,---,1,J183127.12+544759.3,13.534,12.799,10.463,8.077,0.024,0.023,0.050,0.156
J1831+5447,B,18,31,27.2645,+,54,47,58.721,Double,2.392000,277.86360193090,54.79964465180,Gaia_DR3,Lemon,2018,2018MNRAS.479.5060L,,---,,277.86342170000,54.79957500000,277.86316250095,54.79985966735,1.0700,---,2018MNRAS.479.5060L,---,,,---,--,---,,,1,DR3Gaia183127.054+544800.27,1,31,4.84963448151,71.81025,0.95643427299,70.83219,20.2283,0.20574,0,0,1,2147500037596151936,277.86360173603,1.5322,54.79964569950,1.5301,---,---,---,---,---,---,---,---,20.468977,0.025338,19.789835,0.124994,18.200770,0.050887,4.756,1.589066,20.468977,0.025338,0,,---,---,---,---,---,---,---,---
PKS1830-211,B,18,33,39.8836,-,21,03,40.624,Double,0.972000,278.41618182000,-21.06128444000,Publication,Pramesh,1988,1988MNRAS.231..229P,,---,,278.41618182000,-21.06128444000,278.41627841000,-21.06118388500,2.5070,---,1996Natur.379..139W,---,,,---,--,0.88580000,KEEP(    ),EXTERNAL_NED_1997A&A...328...48W,0,,,---,---,---,---,---,---,---,,--,0,---,---,---,---,---,---,---,---,---,---,---,---,---,---,---,---,---,---,---,---,---,---,---,1,J183339.91-210340.0,12.223,11.246,8.093,5.221,0.025,0.021,0.033,0.029
PKS1830-211,G,18,33,39.8944,-,21,03,40.356,Double,0.972000,278.41622676000,-21.06121000000,Publication,Pramesh,1988,1988MNRAS.231..229P,,---,,278.41622676000,-21.06121000000,278.41627841000,-21.06118388500,---,0.8858,1996Natur.379..139W,---,,,---,--,0.88580000,KEEP(    ),EXTERNAL_NED_1997A&A...328...48W,0,,,---,---,---,---,---,---,---,,--,0,---,---,---,---,---,---,---,---,---,---,---,---,---,---,---,---,---,---,---,---,---,---,---,0,,---,---,---,---,---,---,---,---
PKS1830-211,A,18,33,39.9300,-,21,03,39.900,Double,0.972000,278.41637500000,-21.06108333000,Gaia_DR3,Pramesh,1988,1988MNRAS.231..229P,,---,,278.41637500000,-21.06108333000,278.41627841000,-21.06118388500,2.5070,0.8858,1996Natur.379..139W,---,,,---,--,0.88580000,KEEP(    ),EXTERNAL_NED_1997A&A...328...48W,1,DR3Gaia183339.834-210336.23,9,9,4.85928304685,65.73090,-0.36758285312,71.34751,20.5174,0.09988,0,0,1,4091646327353504384,278.41641630752,1.3004,-21.06093578855,1.0495,---,---,---,---,---,---,---,---,20.671032,0.014655,---,---,---,---,---,---,20.671032,0.014655,0,,---,---,---,---,---,---,---,---
PMNJ1838-3427,G,18,38,28.4926,-,34,27,42.504,Double,3.498000,279.61871930000,-34.46180670000,Publication,Winn,2000,2000AJ....120.2868W,,---,,279.61871930000,-34.46180670000,279.61902813960,-34.46202178480,---,0.3600,2000AJ....120.2868W,---,,,---,--,---,,,0,,,---,---,---,---,---,---,---,,--,0,---,---,---,---,---,---,---,---,---,---,---,---,---,---,---,---,---,---,---,---,---,---,---,1,J183828.55-342742.0,15.606,15.076,12.311,8.255,0.056,0.090,0.438,---
PMNJ1838-3427,A,18,38,28.4969,-,34,27,41.758,Double,3.498000,279.61873701630,-34.46159939590,Gaia_DR3,Winn,2000,2000AJ....120.2868W,,---,,279.61875000000,-34.46155560000,279.61902813960,-34.46202178480,2.7800,0.3600,2000AJ....120.2868W,---,,,---,--,---,,,1,DR3Gaia183828.497-342741.76,1,23,4.88026761606,62.77801,-0.60146842666,49.56805,19.4538,0.13536,0,0,1,6733997962623251840,279.61873671924,0.3165,-34.46159958153,0.2962,0.2774,0.3483,0.7964,0.352,0.018,0.422,0.351,0.325,19.396996,0.007736,19.728630,0.043777,18.562742,0.038776,1.442,1.165888,19.396996,0.007736,0,,---,---,---,---,---,---,---,---
PMNJ1838-3427,B,18,38,28.6366,-,34,27,44.799,Double,3.498000,279.61931926290,-34.46244417370,Gaia_DR3,Winn,2000,2000AJ....120.2868W,,---,,279.61871730000,-34.46182970000,279.61902813960,-34.46202178480,2.7800,---,2000AJ....120.2868W,---,,,---,--,---,,,1,DR3Gaia183828.497-342741.76,2,23,4.88027764415,40.89571,-0.60148312586,43.52572,18.6855,0.06567,0,0,1,6733997966932349056,279.61931983190,0.1903,-34.46244349437,0.1796,0.0026,0.2075,0.0126,2.120,-1.462,0.237,-1.535,0.186,18.612253,0.003553,19.057833,0.022834,18.021242,0.015239,1.207,1.036591,18.612253,0.003553,0,,---,---,---,---,---,---,---,---
B1933+503,S,19,34,30.8900,+,50,25,22.700,Quad,0.000000,293.62870833333,50.42297222222,Publication,Sykes,1998,1998MNRAS.301..310S,,---,,293.62870833333,50.42297222222,293.62870833333,50.42297222222,---,0.7550,1998MNRAS.301..310S,---,,,---,--,---,,,0,,,---,---,---,---,---,---,---,,--,0,---,---,---,---,---,---,---,---,---,---,---,---,---,---,---,---,---,---,---,---,---,---,---,1,J193430.93+502523.5,15.036,13.994,9.275,6.898,0.028,0.031,0.028,0.058
B1938+666,S,19,38,25.2000,+,66,48,52.300,Quad,0.000000,294.60500000000,66.81452777778,Publication,Patnaik,1993,1993sara.conf..137P,,---,,294.60500000000,66.81452777778,294.60500000000,66.81452777778,2.0590,0.8810,2011ApJ...730..108R / 2000AJ....119.1078T,---,,,---,--,---,,,0,,,---,---,---,---,---,---,---,,--,0,---,---,---,---,---,---,---,---,---,---,---,---,---,---,---,---,---,---,---,---,---,---,---,0,,---,---,---,---,---,---,---,---
J1945-2857,A,19,45,33.4904,-,28,57,19.002,Double,2.702000,296.38954322440,-28.95527827200,Gaia_DR3,Lemon,2023,2023MNRAS.520.3305L,,---,,296.38990000000,-28.95480000000,296.38981388705,-28.95498709110,2.5600,---,2023MNRAS.520.3305L,---,,,---,--,---,,,1,DR3Gaia194533.620-285716.91,2,4,5.17297345021,57.35675,-0.50536501450,30.31470,20.7539,0.04666,0,0,1,6752010028962613888,296.38954543079,4.0722,-28.95527618345,4.2112,---,---,---,---,---,---,---,---,21.032318,0.029495,20.251045,0.020730,19.240374,0.075692,3.682,1.010672,21.032318,0.029495,0,,---,---,---,---,---,---,---,---
J1945-2857,B,19,45,33.6203,-,28,57,16.905,Double,2.702000,296.39008454970,-28.95469591020,Gaia_DR3,Lemon,2023,2023MNRAS.520.3305L,,---,,296.38990000000,-28.95480000000,296.38981388705,-28.95498709110,2.5600,---,2023MNRAS.520.3305L,2.560,j,LEMON4,2.553817,16,---,,,1,DR3Gaia194533.620-285716.91,1,29,5.17298285613,57.75841,-0.50535473479,37.31723,19.9547,0.12425,0,0,1,6752010028962114816,296.39008446680,0.4272,-28.95469590831,0.4201,-0.2155,0.4810,-0.4480,1.040,0.843,0.463,-0.608,0.419,19.939486,0.007298,20.334625,0.096138,19.157944,0.041314,1.369,1.176682,19.941784,0.007311,0,,---,---,---,---,---,---,---,---
J1949+7732,A,19,49,36.0904,+,77,32,38.639,Double,1.588000,297.40037676320,77.54406651230,Gaia_DR3,Lemon,2019,2019MNRAS.483.4242L,,---,,297.40117000000,77.54416000000,297.40125874470,77.54417824985,1.6300,---,2019MNRAS.483.4242L,---,,,---,--,---,,,1,DR3Gaia194936.090+773238.64,1,50,5.19061594274,53.44533,1.35339929119,44.87692,18.8931,0.21111,0,0,1,2291297711623813632,297.40037551397,0.1533,77.54406658459,0.1496,0.0545,0.1557,0.3501,0.944,-0.412,0.204,0.849,0.200,18.844479,0.012588,18.760782,0.043097,17.815817,0.029221,1.869,0.944965,18.844479,0.012588,1,J194936.28+773238.9,14.451,13.358,10.460,8.282,0.026,0.024,0.050,0.188
J1949+7732,B,19,49,36.5138,+,77,32,39.444,Double,1.588000,297.40214072620,77.54428998740,Gaia_DR3,Lemon,2019,2019MNRAS.483.4242L,,---,,297.40117000000,77.54416000000,297.40125874470,77.54417824985,1.6300,---,2019MNRAS.483.4242L,---,,,---,--,---,,,1,DR3Gaia194936.090+773238.64,2,49,5.19064653146,53.55406,1.35340321787,55.44858,19.5673,0.13532,0,0,1,2291297711623813760,297.40214093590,0.2216,77.54428999580,0.2364,0.0827,0.2302,0.3593,0.274,-0.185,0.292,0.202,0.266,19.485405,0.005294,---,---,---,---,---,---,19.485405,0.005294,0,,---,---,---,---,---,---,---,---
PMNJ2004-1349,B,20,04,07.0024,-,13,49,31.252,Double,1.128000,301.02917680000,-13.82534780000,Publication,Winn,2001,2001AJ....121.1223W,,---,,301.02917680000,-13.82534780000,301.02931755000,-13.82527110000,---,---,,---,,,---,--,---,,,0,,,---,---,---,---,---,---,---,,--,0,---,---,---,---,---,---,---,---,---,---,---,---,---,---,---,---,---,---,---,---,---,---,---,1,J200407.04-134931.3,15.453,14.857,11.923,8.401,0.042,0.065,0.365,---
PMNJ2004-1349,G,20,04,07.0173,-,13,49,30.949,Double,1.128000,301.02923890000,-13.82526360000,Publication,Winn,2001,2001AJ....121.1223W,,---,,301.02923890000,-13.82526360000,301.02931755000,-13.82527110000,---,---,,---,,,---,--,---,,,0,,,---,---,---,---,---,---,---,,--,0,---,---,---,---,---,---,---,---,---,---,---,---,---,---,---,---,---,---,---,---,---,---,---,0,,---,---,---,---,---,---,---,---
PMNJ2004-1349,A,20,04,07.0700,-,13,49,30.700,Double,1.128000,301.02945830000,-13.82519440000,Publication,Winn,2001,2001AJ....121.1223W,,---,,301.02945830000,-13.82519440000,301.02931755000,-13.82527110000,---,---,,---,,,---,--,---,,,0,,,---,---,---,---,---,---,---,,--,0,---,---,---,---,---,---,---,---,---,---,---,---,---,---,---,---,---,---,---,---,---,---,---,0,,---,---,---,---,---,---,---,---
J2015+0707,B,20,15,12.8801,+,07,07,02.755,Double,2.932000,303.80366695960,7.11743201620,Gaia_DR3,Lemon,2023,2023MNRAS.520.3305L,,---,,303.80370000000,7.11710000000,303.80371443605,7.11702748600,2.5900,---,2023MNRAS.520.3305L,---,,,---,--,2.61913700,,VizieR_V/156/dr7lrs,1,DR3Gaia201512.903+070659.84,1,28,5.30237413488,61.85541,0.12422257177,56.43034,20.5536,0.11727,0,0,1,4249707995792583424,303.80366958849,6.2115,7.11743368281,3.6716,---,---,---,---,---,---,---,---,20.688583,0.011336,20.768654,0.579529,19.829435,0.187183,1.602,0.939219,20.688583,0.011336,0,,---,---,---,---,---,---,---,---
J2015+0707,A,20,15,12.9029,+,07,06,59.843,Double,2.932000,303.80376191250,7.11662295580,Gaia_DR3,Lemon,2023,2023MNRAS.520.3305L,,---,,303.80370000000,7.11710000000,303.80371443605,7.11702748600,2.5900,---,2023MNRAS.520.3305L,---,,,2.627697,0,2.61913700,,VizieR_V/156/dr7lrs,1,DR3Gaia201512.903+070659.84,2,55,5.30237582531,63.18180,0.12420841179,38.99046,19.1949,0.09030,0,0,1,4249707995789272192,303.80376186506,0.2288,7.11662297632,0.1494,0.0431,0.3435,0.1256,0.239,0.239,0.363,0.015,0.276,19.179173,0.004324,19.629234,0.030322,18.579190,0.024104,1.211,1.050045,19.179173,0.004324,1,J201512.88+070700.7,15.001,14.053,10.604,8.251,0.034,0.039,0.090,0.252
GraLJ201749047+620443509,C,20,17,48.9826,+,62,04,43.296,Quad,0.880000,304.45409421420,62.07869331480,Gaia_DR3,Delchambre,2019,2019A&A...622A.165D,,---,,304.45436000000,62.07877400000,304.45436002830,62.07874624537,1.7240,---,2021ApJ...921...42S,---,,,---,--,---,,,1,DR3Gaia201749.051+620443.74,3,26,5.31372696719,95.48818,1.08347758638,65.80953,20.2013,0.27561,0,0,1,2243182052006144640,304.45407473515,38.2225,62.07870516158,44.3043,---,---,---,---,---,---,---,---,20.527412,0.036950,---,---,---,---,---,---,20.527412,0.036950,1,J201749.05+620443.3,13.862,12.843,9.935,7.545,0.025,0.023,0.038,0.097
GraLJ201749047+620443509,A,20,17,49.0501,+,62,04,43.732,Quad,0.880000,304.45437560830,62.07881431270,Gaia_DR3,Delchambre,2019,2019A&A...622A.165D,,---,,304.45436000000,62.07877400000,304.45436002830,62.07874624537,1.7240,---,2021ApJ...921...42S,---,,,---,--,---,,,1,DR3Gaia201749.051+620443.74,2,64,5.31373155792,58.52274,1.08347966908,60.09351,19.3552,0.28519,0,0,1,2243182047707156608,304.45437989348,0.7078,62.07881580854,0.8063,-0.3964,0.7798,-0.5083,2.513,-0.461,0.981,-2.470,0.954,19.337675,0.016738,18.949604,0.032781,17.435860,0.019035,3.463,1.513744,19.336394,0.016719,0,,---,---,---,---,---,---,---,---
GraLJ201749047+620443509,B,20,17,49.1065,+,62,04,43.432,Quad,0.880000,304.45461026240,62.07873110860,Gaia_DR3,Delchambre,2019,2019A&A...622A.165D,,---,,304.45436000000,62.07877400000,304.45436002830,62.07874624537,1.7240,---,2021ApJ...921...42S,---,,,---,--,---,,,1,DR3Gaia201749.051+620443.74,1,50,5.31373531612,55.14152,1.08347821634,59.26087,19.8291,0.18886,0,0,1,2243182052001955456,304.45461235551,3.8554,62.07873396005,6.8099,---,---,---,---,---,---,---,---,19.797432,0.018076,---,---,---,---,---,---,19.797432,0.018076,0,,---,---,---,---,---,---,---,---
MG2016+112,B,20,19,17.9900,+,11,27,13.400,Double,3.147000,304.82495833330,11.45372222220,Publication,Narasimha,1984,1984ApJ...283..512N,,---,,304.82495833330,11.45372222220,304.82536875000,11.45389319445,3.2730,---,1986AJ.....91..991S,---,,,---,--,---,,,0,,,---,---,---,---,---,---,---,,--,0,---,---,---,---,---,---,---,---,---,---,---,---,---,---,---,---,---,---,---,---,---,---,---,0,,---,---,---,---,---,---,---,---
MG2016+112,G1,20,19,18.0360,+,11,27,11.440,Double,3.147000,304.82515000000,11.45317777780,Publication,Narasimha,1984,1984ApJ...283..512N,,---,,304.82515000000,11.45317777780,304.82536875000,11.45389319445,---,1.0100,1986AJ.....91..991S,---,,,---,--,---,,,0,,,---,---,---,---,---,---,---,,--,0,---,---,---,---,---,---,---,---,---,---,---,---,---,---,---,---,---,---,---,---,---,---,---,0,,---,---,---,---,---,---,---,---
MG2016+112,G2,20,19,18.0700,+,11,27,13.200,Double,3.147000,304.82529166670,11.45366666670,Publication,Narasimha,1984,1984ApJ...283..512N,,---,,304.82529166670,11.45366666670,304.82536875000,11.45389319445,---,0.8000,1986AJ.....91..991S,---,,,---,--,---,,,0,,,---,---,---,---,---,---,---,,--,0,---,---,---,---,---,---,---,---,---,---,---,---,---,---,---,---,---,---,---,---,---,---,---,1,J201918.06+112713.1,15.298,14.402,9.973,7.067,0.037,0.047,0.055,0.096
MG2016+112,A,20,19,18.1870,+,11,27,14.631,Double,3.147000,304.82577916670,11.45406416670,Publication,Narasimha,1984,1984ApJ...283..512N,,---,,304.82577916670,11.45406416670,304.82536875000,11.45389319445,3.2730,0.8000,1986AJ.....91..991S,---,,,---,--,---,,,0,,,---,---,---,---,---,---,---,,--,0,---,---,---,---,---,---,---,---,---,---,---,---,---,---,---,---,---,---,---,---,---,---,---,0,,---,---,---,---,---,---,---,---
WGD2021-4115,A,20,21,39.2519,-,41,15,57.903,Double,2.750000,305.41354976680,-41.26608409510,Gaia_DR3,Agnello,2018,2018MNRAS.479.4345A,,---,,305.41438070000,-41.26586380000,305.41403818500,-41.26597885420,1.3900,0.5586,2023OJAp....6E..49F / https://doi.org/10.5281/zenodo.12728524,1.390,jG,WGD,---,--,0.55856000,,VizieR_J/A+A/683/A112/lqac6,1,DR3Gaia202139.486-411557.15,2,28,5.33047200243,61.75701,-0.72022906523,48.47996,19.3795,0.11015,0,0,1,6680426255713853824,305.41354972449,0.2510,-41.26608410994,0.2501,-0.2075,0.3382,-0.6134,0.556,-0.229,0.325,-0.506,0.281,19.326069,0.008816,19.519827,0.039981,18.547897,0.047636,1.469,0.971930,19.329564,0.008841,0,,---,---,---,---,---,---,---,---
WGD2021-4115,G,20,21,39.4514,-,41,15,57.110,Double,2.750000,305.41438070000,-41.26586380000,Publication,Agnello,2018,2018MNRAS.479.4345A,,---,,305.41438070000,-41.26586380000,305.41403818500,-41.26597885420,---,0.5586,2023OJAp....6E..49F / https://doi.org/10.5281/zenodo.12728524,1.390,jG,WGD,---,--,0.55856000,,VizieR_J/A+A/683/A112/lqac6,0,,,---,---,---,---,---,---,---,,--,0,---,---,---,---,---,---,---,---,---,---,---,---,---,---,---,---,---,---,---,---,---,---,---,0,,---,---,---,---,---,---,---,---
WGD2021-4115,B,20,21,39.4864,-,41,15,57.145,Double,2.750000,305.41452660320,-41.26587361330,Gaia_DR3,Agnello,2018,2018MNRAS.479.4345A,,---,,305.41530460000,-41.26565550000,305.41403818500,-41.26597885420,1.3900,---,2023OJAp....6E..49F / https://doi.org/10.5281/zenodo.12728524,1.390,jG,WGD,---,--,0.55856000,,VizieR_J/A+A/683/A112/lqac6,1,DR3Gaia202139.486-411557.15,1,28,5.33048910968,66.48818,-0.72022542844,48.17380,19.5770,0.17211,0,0,1,6680426251420170112,305.41452661392,0.2971,-41.26587373336,0.2987,-0.0771,0.4090,-0.1885,0.372,0.051,0.400,0.368,0.340,19.550388,0.013477,19.529490,0.076972,18.535719,0.032245,1.811,0.993771,19.550388,0.013477,0,,---,---,---,---,---,---,---,---
WFI2026-4536,C,20,26,10.3852,-,45,36,26.943,Quad,1.459000,306.54327178126,-45.60748412221,Gaia_FPR,Morgan,2004,2004AJ....127.2617M,,---,,306.54325000000,-45.60744444000,306.54349381091,-45.60744662335,2.2370,---,2010A&A...518A..10V,---,,,---,--,2.22940000,,VizieR_J/MNRAS/401/1151/catalog,1,DR3Gaia202610.478-453627.10,3,40,5.35018929491,67.30979,-0.79600076801,50.95745,18.8887,0.21864,0,0,0,---,---,---,---,---,---,---,---,---,---,---,---,---,---,---,---,---,---,---,---,---,---,---,1,J202610.44-453626.9,13.046,11.635,8.023,5.724,0.024,0.022,0.020,0.044
WFI2026-4536,B,20,26,10.4367,-,45,36,25.876,Quad,1.459000,306.54348622210,-45.60718774150,Gaia_DR3,Morgan,2004,2004AJ....127.2617M,,---,,306.54345830000,-45.60752780000,306.54349381091,-45.60744662335,2.2370,---,2010A&A...518A..10V,---,,,---,--,2.22940000,,VizieR_J/MNRAS/401/1151/catalog,1,DR3Gaia202610.478-453627.10,1,42,5.35019309897,59.92127,-0.79599556076,52.03268,18.7571,0.13792,0,0,1,6675746940384195456,306.54348702835,0.3262,-45.60718799342,0.2334,-1.6092,0.4289,-3.7519,4.438,4.363,0.390,-0.814,0.315,18.634975,0.005639,---,---,---,---,---,---,18.634975,0.005639,0,,---,---,---,---,---,---,---,---
WFI2026-4536,G,20,26,10.4400,-,45,36,26.700,Quad,1.459000,306.54350000000,-45.60741667000,Publication,Morgan,2004,2004AJ....127.2617M,,---,,306.54350000000,-45.60741667000,306.54349381091,-45.60744662335,---,---,2010A&A...518A..10V,---,,,---,--,2.22940000,,VizieR_J/MNRAS/401/1151/catalog,0,,,---,---,---,---,---,---,---,,--,0,---,---,---,---,---,---,---,---,---,---,---,---,---,---,---,---,---,---,---,---,---,---,---,0,,---,---,---,---,---,---,---,---
WFI2026-4536,A1,20,26,10.4554,-,45,36,27.322,Quad,1.459000,306.54356402960,-45.60758938920,Gaia_DR3,Morgan,2004,2004AJ....127.2617M,,---,,306.54357827090,-45.60759009314,306.54349381091,-45.60744662335,2.2370,---,2010A&A...518A..10V,---,,,1.094544,0,2.22940000,,VizieR_J/MNRAS/401/1151/catalog,0,,,---,---,---,---,---,---,---,,--,1,6675746940386093312,306.54357827090,3.7683,-45.60759009314,4.9952,---,---,---,---,---,---,---,---,17.401705,0.020891,16.848322,0.019467,16.206644,0.016642,2.473,0.641678,17.401705,0.020891,0,,---,---,---,---,---,---,---,---
WFI2026-4536,A2,20,26,10.4768,-,45,36,27.091,Quad,1.459000,306.54365321070,-45.60752524050,Gaia_DR3,Morgan,2004,2004AJ....127.2617M,,---,,306.54352310000,-45.60792440000,306.54349381091,-45.60744662335,2.2370,---,2010A&A...518A..10V,---,,,---,--,2.22940000,,VizieR_J/MNRAS/401/1151/catalog,1,DR3Gaia202610.478-453627.10,2,67,5.35019515006,108.81394,-0.79600194875,99.86501,17.4592,0.26058,0,1,1,6675746940387128192,306.54365670515,0.6892,-45.60752720459,0.3071,---,---,---,---,---,---,---,---,17.488598,0.007704,16.885439,0.024469,16.199940,0.013547,2.643,0.685499,17.488598,0.007704,0,,---,---,---,---,---,---,---,---
WFI2033-4723,A1,20,33,42.0840,-,47,23,43.351,Quad,2.533000,308.42534998580,-47.39537533360,Gaia_DR3,Morgan,2004,2004AJ....127.2617M,,---,,308.42533330000,-47.39527780000,308.42565699967,-47.39556167492,1.6600,0.6580,2006ApJ...641...70O,---,,,1.648767,0,0.65754000,KEEP(0),VizieR_J/MNRAS/490/613/table2,1,DR3Gaia203342.084-472343.35,1,40,5.38303786673,51.08837,-0.82720530017,44.10016,18.2398,0.17078,0,0,1,6674418764699092736,308.42535005253,0.1361,-47.39537508560,0.1351,0.0309,0.1897,0.1630,0.011,0.006,0.185,-0.010,0.200,18.153578,0.006363,17.795897,0.026816,17.151064,0.022608,2.068,0.644833,18.157028,0.006380,1,J203342.12-472343.9,13.491,12.340,9.254,6.919,0.025,0.025,0.036,0.089
WFI2033-4723,C,20,33,42.0921,-,47,23,44.890,Quad,2.533000,308.42538391530,-47.39580274980,Gaia_DR3,Morgan,2004,2004AJ....127.2617M,,---,,308.42533330000,-47.39527780000,308.42565699967,-47.39556167492,1.6600,---,2006ApJ...641...70O,---,,,---,--,0.65754000,KEEP(0),VizieR_J/MNRAS/490/613/table2,1,DR3Gaia203342.084-472343.35,4,40,5.38303840325,56.88927,-0.82721275515,47.47522,19.2734,0.13695,0,0,1,6674418764698005248,308.42538396372,0.2341,-47.39580275924,0.1998,0.4621,0.3198,1.4450,0.605,0.290,0.314,-0.531,0.288,19.196198,0.005549,---,---,---,---,---,---,19.196198,0.005549,0,,---,---,---,---,---,---,---,---
WFI2033-4723,A2,20,33,42.1542,-,47,23,43.236,Quad,2.533000,308.42564264070,-47.39534323710,Gaia_DR3,Morgan,2004,2004AJ....127.2617M,,---,,308.42533330000,-47.39527780000,308.42565699967,-47.39556167492,1.6600,---,2006ApJ...641...70O,---,,,---,--,0.65754000,KEEP(0),VizieR_J/MNRAS/490/613/table2,1,DR3Gaia203342.084-472343.35,2,36,5.38304285536,52.58659,-0.82720471112,45.50066,18.9049,0.17541,0,0,1,6674418764698005376,308.42564276774,0.1992,-47.39534316147,0.3800,---,---,---,---,---,---,---,---,18.856276,0.006761,---,---,---,---,---,---,18.856276,0.006761,0,,---,---,---,---,---,---,---,---
WFI2033-4723,G,20,33,42.1600,-,47,23,44.400,Quad,2.533000,308.42566667000,-47.39566667000,Publication,Morgan,2004,2004AJ....127.2617M,,---,,308.42566667000,-47.39566667000,308.42565699967,-47.39556167492,---,0.6580,2006ApJ...641...70O,---,,,---,--,0.65754000,KEEP(0),VizieR_J/MNRAS/490/613/table2,0,,,---,---,---,---,---,---,---,,--,0,---,---,---,---,---,---,---,---,---,---,---,---,---,---,---,---,---,---,---,---,---,---,---,0,,---,---,---,---,---,---,---,---
WFI2033-4723,B,20,33,42.3003,-,47,23,44.611,Quad,2.533000,308.42625145690,-47.39572537920,Gaia_DR3,Morgan,2004,2004AJ....127.2617M,,---,,308.42533330000,-47.39527780000,308.42565699967,-47.39556167492,1.6600,---,2006ApJ...641...70O,---,,,---,--,0.65754000,KEEP(0),VizieR_J/MNRAS/490/613/table2,1,DR3Gaia203342.084-472343.35,3,40,5.38305347200,53.54173,-0.82721143897,48.59634,18.9395,0.12640,0,0,1,6674418764698004992,308.42625140684,0.1543,-47.39572541120,0.1479,-0.0774,0.2129,-0.3634,0.319,0.289,0.199,-0.135,0.206,18.851580,0.005971,18.786057,0.101719,18.250338,0.022341,1.503,0.535719,18.851580,0.005971,0,,---,---,---,---,---,---,---,---
GraLJ203802-400815,C,20,38,02.5882,-,40,08,12.970,Quad,2.870000,309.51078410551,-40.13693616682,Gaia_DR3,Krone-Martins,2018,2018A&A...616L..11K,,---,,309.51078251000,-40.13693495000,309.51126328833,-40.13714457779,0.7750,---,2021ApJ...921...42S,---,,,---,--,---,,,0,,,---,---,---,---,---,---,---,,--,1,6681326549578891648,309.51078410551,0.5010,-40.13693616682,0.3800,0.8090,0.6468,1.2507,1.146,-0.873,0.655,-0.742,0.539,20.085417,0.006020,---,---,---,---,---,---,20.085417,0.006020,0,,---,---,---,---,---,---,---,---
GraLJ203802-400815,A,20,38,02.6574,-,40,08,14.646,Quad,2.870000,309.51107246698,-40.13740172832,Gaia_DR3,Krone-Martins,2018,2018A&A...616L..11K,,---,,309.51107136000,-40.13740189000,309.51126328833,-40.13714457779,0.7750,---,2021ApJ...921...42S,---,,,---,--,---,,,0,,,---,---,---,---,---,---,---,,--,1,6681326549578891776,309.51107246698,0.4666,-40.13740172832,0.3790,0.5890,0.6480,0.9090,0.740,-0.697,0.546,-0.247,0.497,19.868938,0.008631,18.940010,0.098932,17.365232,0.022569,---,1.574778,19.866836,0.008616,0,,---,---,---,---,---,---,---,---
GraLJ203802-400815,G,20,38,02.7172,-,40,08,13.461,Quad,2.870000,309.51132171000,-40.13707245000,HST,Krone-Martins,2018,2018A&A...616L..11K,,---,,309.51132171000,-40.13707245000,309.51126328833,-40.13714457779,---,0.2280,2023MNRAS.518.1260S,---,,,---,--,---,,,0,,,---,---,---,---,---,---,---,,--,0,---,---,---,---,---,---,---,---,---,---,---,---,---,---,---,---,---,---,---,---,---,---,---,0,,---,---,---,---,---,---,---,---
GraLJ203802-400815,D,20,38,02.7778,-,40,08,12.590,Quad,2.870000,309.51157402146,-40.13683046909,Gaia_DR3,Krone-Martins,2018,2018A&A...616L..11K,,---,,309.51157678000,-40.13683245000,309.51126328833,-40.13714457779,0.7750,0.2283,2021ApJ...921...42S,---,,,---,--,---,,,0,,,---,---,---,---,---,---,---,,--,1,6681326549578891392,309.51157402146,2.0668,-40.13683046909,1.1673,---,---,---,---,---,---,---,---,20.721025,0.018582,---,---,---,---,---,---,20.721025,0.018582,0,,---,---,---,---,---,---,---,---
GraLJ203802-400815,B,20,38,02.7894,-,40,08,14.676,Quad,2.870000,309.51162255936,-40.13740994694,Gaia_DR3,Krone-Martins,2018,2018A&A...616L..11K,,---,,309.51162256000,-40.13740995000,309.51126328833,-40.13714457779,0.7750,---,2021ApJ...921...42S,---,,,---,--,---,,,0,,,---,---,---,---,---,---,---,,--,1,6681326549578891520,309.51162255936,0.4169,-40.13740994694,0.3338,0.4869,0.5705,0.8535,1.414,-0.206,0.531,-1.399,0.487,19.782227,0.008453,18.865864,0.064612,17.423977,0.018945,---,1.441887,19.781851,0.008451,0,,---,---,---,---,---,---,---,---
B2045+265,C,20,47,20.2645,+,26,44,01.281,Quad,1.926000,311.83443548000,26.73368906000,Publication,Fassnacht,1999,1999AJ....117..658F,,---,,311.83443548000,26.73368906000,311.83461866250,26.73376644250,1.2800,---,1999AJ....117..658F,---,,,---,--,---,,,0,,,---,---,---,---,---,---,---,,--,0,---,---,---,---,---,---,---,---,---,---,---,---,---,---,---,---,---,---,---,---,---,---,---,1,J204720.30+264402.4,15.173,14.253,11.142,8.523,0.037,0.042,0.122,0.305
B2045+265,B,20,47,20.2761,+,26,44,01.824,Quad,1.926000,311.83448378000,26.73384009000,Publication,Fassnacht,1999,1999AJ....117..658F,,---,,311.83448378000,26.73384009000,311.83461866250,26.73376644250,1.2800,---,1999AJ....117..658F,---,,,---,--,---,,,0,,,---,---,---,---,---,---,---,,--,0,---,---,---,---,---,---,---,---,---,---,---,---,---,---,---,---,---,---,---,---,---,---,---,0,,---,---,---,---,---,---,---,---
B2045+265,A,20,47,20.2859,+,26,44,02.069,Quad,1.926000,311.83452471000,26.73390809000,Publication,Fassnacht,1999,1999AJ....117..658F,,---,,311.83452471000,26.73390809000,311.83461866250,26.73376644250,1.2800,0.8673,1999AJ....117..658F,---,,,---,--,---,,,0,,,---,---,---,---,---,---,---,,--,0,---,---,---,---,---,---,---,---,---,---,---,---,---,---,---,---,---,---,---,---,---,---,---,0,,---,---,---,---,---,---,---,---
B2045+265,G2,20,47,20.3195,+,26,44,01.427,Quad,1.926000,311.83466461000,26.73372961000,Publication,Fassnacht,1999,1999AJ....117..658F,,---,,311.83466461000,26.73372961000,311.83461866250,26.73376644250,---,---,,---,,,---,--,---,,,0,,,---,---,---,---,---,---,---,,--,0,---,---,---,---,---,---,---,---,---,---,---,---,---,---,---,---,---,---,---,---,---,---,---,0,,---,---,---,---,---,---,---,---
B2045+265,G1,20,47,20.3687,+,26,44,01.263,Quad,1.926000,311.83486945000,26.73368406000,Publication,Fassnacht,1999,1999AJ....117..658F,,---,,311.83486945000,26.73368406000,311.83461866250,26.73376644250,---,0.8673,1999AJ....117..658F,---,,,---,--,---,,,0,,,---,---,---,---,---,---,---,,--,0,---,---,---,---,---,---,---,---,---,---,---,---,---,---,---,---,---,---,---,---,---,---,---,0,,---,---,---,---,---,---,---,---
B2045+265,D,20,47,20.4074,+,26,44,01.063,Quad,1.926000,311.83503068000,26.73362853000,Publication,Fassnacht,1999,1999AJ....117..658F,,---,,311.83503068000,26.73362853000,311.83461866250,26.73376644250,1.2800,---,1999AJ....117..658F,---,,,---,--,---,,,0,,,---,---,---,---,---,---,---,,--,0,---,---,---,---,---,---,---,---,---,---,---,---,---,---,---,---,---,---,---,---,---,---,---,0,,---,---,---,---,---,---,---,---
WG2100-4452,A,21,00,14.7996,-,44,52,07.045,Quad,2.469000,315.06166508169,-44.86862354517,Gaia_DR3,Spiniello,2019,2019MNRAS.485.5086S,,---,,315.06166739000,-44.86862059000,315.06202927905,-44.86849048301,0.9200,---,2019MNRAS.485.5086S,---,,,---,--,---,,,0,,,---,---,---,---,---,---,---,,--,1,6484621514187585664,315.06166508169,3.4834,-44.86862354517,7.4442,---,---,---,---,---,---,---,---,19.892260,0.018797,---,---,---,---,---,---,19.892260,0.018797,0,,---,---,---,---,---,---,---,---
WG2100-4452,B,21,00,14.8399,-,44,52,07.368,Quad,2.469000,315.06183278562,-44.86871336481,Gaia_DR3,Spiniello,2019,2019MNRAS.485.5086S,,---,,315.06183279000,-44.86871336000,315.06202927905,-44.86849048301,0.9200,---,2019MNRAS.485.5086S,---,,,---,--,---,,,0,,,---,---,---,---,---,---,---,,--,1,6484621514187585408,315.06183278562,0.3622,-44.86871336481,0.3110,0.7975,0.4830,1.6512,0.528,-0.418,0.424,-0.322,0.423,18.911682,0.010327,18.517406,0.035207,17.566395,0.023570,---,0.951012,18.915250,0.010358,0,,---,---,---,---,---,---,---,---
WG2100-4452,D,21,00,14.8791,-,44,52,05.157,Quad,2.469000,315.06199623000,-44.86809920000,HST,Spiniello,2019,2019MNRAS.485.5086S,,---,,315.06199623000,-44.86809920000,315.06202927905,-44.86849048301,0.9200,0.2030,2019MNRAS.485.5086S,---,,,---,--,---,,,0,,,---,---,---,---,---,---,---,,--,0,---,---,---,---,---,---,---,---,---,---,---,---,---,---,---,---,---,---,---,---,---,---,---,0,,---,---,---,---,---,---,---,---
WG2100-4452,G,21,00,14.9016,-,44,52,06.236,Quad,2.469000,315.06208983495,-44.86839901281,Gaia_DR3,Spiniello,2019,2019MNRAS.485.5086S,,---,,315.06207775000,-44.86839253000,315.06202927905,-44.86849048301,---,0.2030,2019MNRAS.485.5086S,---,,,---,--,---,,,0,,,---,---,---,---,---,---,---,,--,1,6484621514187585792,315.06208983495,48.8085,-44.86839901281,19.9449,---,---,---,---,---,---,---,---,21.613695,0.036870,---,---,---,---,---,---,21.613695,0.036870,0,,---,---,---,---,---,---,---,---
WG2100-4452,C,21,00,15.0295,-,44,52,06.693,Quad,2.469000,315.06262301890,-44.86852582206,Gaia_DR3,Spiniello,2019,2019MNRAS.485.5086S,,---,,315.06262490000,-44.86852392000,315.06202927905,-44.86849048301,0.9200,---,2019MNRAS.485.5086S,---,,,---,--,---,,,0,,,---,---,---,---,---,---,---,,--,1,6484621514187585536,315.06262301890,2.4097,-44.86852582206,1.7525,---,---,---,---,---,---,---,---,20.982206,0.017455,---,---,---,---,---,---,20.982206,0.017455,0,,---,---,---,---,---,---,---,---
GraLJ210329.0-085049,A,21,03,28.9464,-,08,50,49.706,Double,0.937000,315.87060992060,-8.84714048000,Gaia_DR3,Stern,2021,2021ApJ...921...42S,,---,,315.87060180200,-8.84713689140,315.87069811250,-8.84704377105,2.4550,---,2021ApJ...921...42S,---,,,---,--,2.45500000,,HEASARC_morx,1,DR3Gaia210328.946-085049.71,2,46,5.51298230423,56.63593,-0.15441168708,38.86753,19.1957,0.15220,0,0,1,6896655868834913664,315.87061013422,1.3651,-8.84714027863,0.5335,---,---,---,---,---,---,---,---,19.206112,0.010071,---,---,---,---,---,---,19.206112,0.010071,1,J210328.98-085049.3,14.300,13.199,9.654,7.769,0.031,0.032,0.079,0.322
GraLJ210329.0-085049,B,21,03,28.9887,-,08,50,49.009,Double,0.937000,315.87078630440,-8.84694706210,Gaia_DR3,Stern,2021,2021ApJ...921...42S,,---,,315.87074480800,-8.84693600415,315.87069811250,-8.84704377105,2.4550,---,2021ApJ...921...42S,---,,,---,--,2.45500000,,HEASARC_morx,1,DR3Gaia210328.946-085049.71,3,47,5.51298528226,53.65717,-0.15440835006,43.51020,18.5921,0.13835,0,0,1,6896655868835640192,315.87078502499,0.4284,-8.84694695686,0.2902,0.4939,0.5974,0.8267,2.849,-2.780,0.608,0.627,0.436,18.516188,0.009256,18.303265,0.024973,17.427786,0.016565,2.029,0.875479,18.519939,0.009286,0,,---,---,---,---,---,---,---,---
GraLJ210329.0-085049,G,21,03,29.0058,-,08,50,49.761,Double,0.937000,315.87085756330,-8.84715578640,Gaia_DR3,Stern,2021,2021ApJ...921...42S,,---,,315.87085781800,-8.84715534064,315.87069811250,-8.84704377105,---,---,2021ApJ...921...42S,---,,,---,--,2.45500000,,HEASARC_morx,1,DR3Gaia210328.946-085049.71,1,33,5.51298651872,73.20906,-0.15441197702,48.31236,20.3400,0.20648,0,0,1,6896655868834913536,315.87085725677,3.8259,-8.84715581800,3.9818,---,---,---,---,---,---,---,---,20.420410,0.019031,---,---,---,---,---,---,20.420410,0.019031,0,,---,---,---,---,---,---,---,---
J2106-4944,A,21,06,01.5748,-,49,44,53.629,Double,2.090000,316.50656156168,-49.74823020377,Gaia_DR3,Lemon,2023,2023MNRAS.520.3305L,,---,,316.50700000000,-49.74820000000,316.50696919292,-49.74810822724,1.2960,0.2900,2023MNRAS.520.3305L,---,,,---,--,---,,,0,,,---,---,---,---,---,---,---,,--,1,6478051657334747264,316.50656156168,2.5135,-49.74823020377,4.9395,---,---,---,---,---,---,---,---,20.848713,0.012707,20.786596,0.458079,19.185320,0.439763,---,1.601276,20.848713,0.012707,0,,---,---,---,---,---,---,---,---
J2106-4944,G,21,06,01.6800,-,49,44,53.520,Double,2.090000,316.50700000000,-49.74820000000,Publication,Lemon,2023,2023MNRAS.520.3305L,,---,,316.50700000000,-49.74820000000,316.50696919292,-49.74810822724,---,0.2900,2023MNRAS.520.3305L,---,,,---,--,---,,,0,,,---,---,---,---,---,---,---,,--,0,---,---,---,---,---,---,---,---,---,---,---,---,---,---,---,---,---,---,---,---,---,---,---,0,,---,---,---,---,---,---,---,---
J2106-4944,B,21,06,01.7704,-,49,44,52.751,Double,2.090000,316.50737682417,-49.74798625072,Gaia_DR3,Lemon,2023,2023MNRAS.520.3305L,,---,,316.50700000000,-49.74820000000,316.50696919292,-49.74810822724,1.2960,---,2023MNRAS.520.3305L,---,,,---,--,---,,,0,,,---,---,---,---,---,---,---,,--,1,6478051657334747392,316.50737682417,3.5402,-49.74798625072,4.2605,---,---,---,---,---,---,---,---,20.907152,0.024239,19.675306,0.068071,18.333443,0.062733,---,1.341864,20.907152,0.024239,0,,---,---,---,---,---,---,---,---
PSJ2107-1611,A,21,07,52.3195,-,16,11,31.666,Quad,4.600000,316.96799808170,-16.19212955140,Gaia_DR3,Dux,2023,2023A&A...679L...4D,,---,,316.96839610000,-16.19290444000,316.96843319766,-16.19240423240,2.6730,0.6305,2023A&A...679L...4D,---,,,2.665741,16,---,,,1,DR3Gaia210752.320-161131.67,1,49,5.53213533803,73.63432,-0.28260594853,56.26758,20.4260,0.17677,0,0,1,6884039075985949056,316.96799812294,1.2909,-16.19212918151,1.3659,-1.5180,0.9655,-1.5723,1.942,-1.179,1.297,-1.543,1.795,20.653843,0.007569,20.109262,0.058928,19.857520,0.090194,2.074,0.251743,20.653339,0.007566,0,,---,---,---,---,---,---,---,---
PSJ2107-1611,D,21,07,52.3900,-,16,11,34.200,Quad,4.600000,316.96829166667,-16.19283333333,Publication,Dux,2023,2023A&A...679L...4D,,---,,316.96829166667,-16.19283333333,316.96843319766,-16.19240423240,2.6730,---,2023A&A...679L...4D,---,,,---,--,---,,,0,,,---,---,---,---,---,---,---,,--,0,---,---,---,---,---,---,---,---,---,---,---,---,---,---,---,---,---,---,---,---,---,---,---,0,,---,---,---,---,---,---,---,---
PSJ2107-1611,B,21,07,52.4163,-,16,11,34.355,Quad,4.600000,316.96840137560,-16.19287626710,Gaia_DR3,Dux,2023,2023A&A...679L...4D,,---,,316.96882593000,-16.19214778000,316.96843319766,-16.19240423240,2.6730,---,2023A&A...679L...4D,---,,,2.703786,16,---,,,1,DR3Gaia210752.320-161131.67,2,25,5.53214226770,105.00196,-0.28261894029,47.07842,20.4125,0.22143,0,1,1,6884039075986921088,316.96839703223,7.2541,-16.19287651564,3.7179,---,---,---,---,---,---,---,---,20.863064,0.047561,20.294064,0.111283,19.490772,0.209239,2.715,0.803291,20.863064,0.047561,0,,---,---,---,---,---,---,---,---
PSJ2107-1611,G,21,07,52.4300,-,16,11,32.000,Quad,4.600000,316.96845833333,-16.19222222222,Publication,Dux,2023,2023A&A...679L...4D,,---,,316.96845833333,-16.19222222222,316.96843319766,-16.19240423240,---,0.6305,2023A&A...679L...4D,---,,,---,--,---,,,0,,,---,---,---,---,---,---,---,,--,0,---,---,---,---,---,---,---,---,---,---,---,---,---,---,---,---,---,---,---,---,---,---,---,1,J210752.45-161131.6,13.497,12.210,7.885,5.315,0.026,0.025,0.024,0.050
PSJ2107-1611,C,21,07,52.5700,-,16,11,30.400,Quad,4.600000,316.96904166667,-16.19177777778,Gaia_FPR,Dux,2023,2023A&A...679L...4D,,---,,316.96904166667,-16.19177777778,316.96843319766,-16.19240423240,2.6730,---,2023A&A...679L...4D,---,,,---,--,---,,,1,DR3Gaia210752.320-161131.67,3,4,5.53215395363,63.24640,-0.28260185518,38.94167,20.6523,0.07799,0,0,0,---,---,---,---,---,---,---,---,---,---,---,---,---,---,---,---,---,---,---,---,---,---,---,0,,---,---,---,---,---,---,---,---
J2110-3755,B,21,10,00.3650,-,37,55,05.372,Double,1.520000,317.50152097220,-37.91815893600,Gaia_DR3,Lemon,2023,2023MNRAS.520.3305L,,---,,317.50160000000,-37.91830000000,317.50162590085,-37.91835309000,1.5000,---,2023MNRAS.520.3305L,1.500,jm,LEMON4,---,--,---,,,1,DR3Gaia211000.415-375506.77,1,13,5.54144681875,96.24263,-0.66179672911,45.49043,20.6238,0.18316,0,0,1,6775750611012209152,317.50151957454,5.1889,-37.91816003668,2.0934,---,---,---,---,---,---,---,---,20.981634,0.024188,20.592693,0.264231,19.255985,0.193124,3.101,1.336708,20.981634,0.024188,1,J211000.39-375505.9,15.104,14.104,11.869,8.310,0.036,0.041,0.295,---
J2110-3755,A,21,10,00.4154,-,37,55,06.770,Double,1.520000,317.50173082950,-37.91854724400,Gaia_DR3,Lemon,2023,2023MNRAS.520.3305L,,---,,317.50160000000,-37.91830000000,317.50162590085,-37.91835309000,1.5000,---,2023MNRAS.520.3305L,1.500,jm,LEMON4,---,--,---,,,1,DR3Gaia211000.365-375505.38,2,22,5.54145047460,73.99285,-0.66180368538,52.13975,20.5483,0.16986,0,0,1,6775750615307601664,317.50173118386,1.5658,-37.91854714437,1.0796,-0.4238,1.8642,-0.2273,3.752,3.711,2.517,0.551,2.061,20.730942,0.015769,20.352589,0.093322,19.278294,0.080031,2.632,1.074295,20.733944,0.015812,0,,---,---,---,---,---,---,---,---
B2108+213,A,21,10,54.0223,+,21,31,00.631,Double,4.490000,317.72509303230,21.51684201590,Gaia_DR3,McKean,2005,2005MNRAS.356.1009M,,---,,317.72508330000,21.51686110000,317.72540661615,21.51629085795,---,0.3650,2005MNRAS.356.1009M,---,,,---,--,---,,,1,DR3Gaia211054.022+213100.63,1,8,5.54534884324,26.53361,0.37553945381,72.27548,20.7363,0.13374,0,0,1,1790150482167182464,317.72509252414,1.5103,21.51684218958,2.5759,---,---,---,---,---,---,---,---,21.069292,0.026325,21.077486,0.290740,19.780758,0.105874,2.099,1.296728,21.069292,0.026325,0,,---,---,---,---,---,---,---,---
B2108+213,G2,21,10,54.1111,+,21,30,58.910,Double,4.490000,317.72546280000,21.51636390000,Publication,McKean,2005,2005MNRAS.356.1009M,,---,,317.72546280000,21.51636390000,317.72540661615,21.51629085795,---,0.3650,2005MNRAS.356.1009M,---,,,---,--,---,,,0,,,---,---,---,---,---,---,---,,--,0,---,---,---,---,---,---,---,---,---,---,---,---,---,---,---,---,---,---,---,---,---,---,---,1,J211054.10+213058.2,13.766,13.299,11.733,8.964,0.027,0.029,0.202,---
B2108+213,G1,21,10,54.1247,+,21,30,57.716,Double,4.490000,317.72551975290,21.51603232400,Publication,McKean,2005,2005MNRAS.356.1009M,,---,,317.72550910000,21.51605920000,317.72540661615,21.51629085795,---,0.3650,2005MNRAS.356.1009M,---,,,---,--,---,,,0,,,---,---,---,---,---,---,---,,--,0,---,---,---,---,---,---,---,---,---,---,---,---,---,---,---,---,---,---,---,---,---,---,---,0,,---,---,---,---,---,---,---,---
B2108+213,B,21,10,54.1728,+,21,30,56.663,Double,4.490000,317.72572020000,21.51573970000,Publication,McKean,2005,2005MNRAS.356.1009M,,---,,317.72572020000,21.51573970000,317.72540661615,21.51629085795,---,---,2005MNRAS.356.1009M,---,,,---,--,---,,,0,,,---,---,---,---,---,---,---,,--,0,---,---,---,---,---,---,---,---,---,---,---,---,---,---,---,---,---,---,---,---,---,---,---,0,,---,---,---,---,---,---,---,---
B2114+022,B,21,16,50.7560,+,02,25,46.590,Double,1.611000,319.21148333330,2.42960833330,Publication,Augusto,2001,2001MNRAS.326.1007A,,---,,319.21148333330,2.42960833330,319.21148986665,2.42983196665,---,---,2002A&ARv..10..263C,---,,,---,--,0.31570000,KEEP(    ),EXTERNAL_NED_2001MNRAS.326.1007A,0,,,---,---,---,---,---,---,---,,--,0,---,---,---,---,---,---,---,---,---,---,---,---,---,---,---,---,---,---,---,---,---,---,---,1,J211650.78+022546.7,14.370,13.335,9.607,7.528,0.028,0.031,0.041,0.172
B2114+022,A,21,16,50.7591,+,02,25,48.200,Double,1.611000,319.21149640000,2.43005560000,Publication,Augusto,2001,2001MNRAS.326.1007A,,---,,319.21149640000,2.43005560000,319.21148986665,2.42983196665,---,0.3200,2002A&ARv..10..263C,---,,,---,--,0.31497000,KEEP(SLS ),EXTERNAL_NED_2016ApJ...833..194W,0,,,---,---,---,---,---,---,---,,--,0,---,---,---,---,---,---,---,---,---,---,---,---,---,---,---,---,---,---,---,---,---,---,---,0,,---,---,---,---,---,---,---,---
DESIJ2121-0826,A,21,21,32.3344,-,08,26,09.002,Double,1.336000,320.38472659849,-8.43583394518,Gaia_DR3,He,2025,2025arXiv250108541H,,---,,320.38476200000,-8.43601500000,320.38476297149,-8.43601595641,2.3950,---,2025arXiv250108541H,---,,,2.375954,16,---,,,0,,,---,---,---,---,---,---,---,,--,1,6897592820245635328,320.38472659849,0.2782,-8.43583394518,0.2603,0.1410,0.3028,0.4657,0.427,0.260,0.359,-0.338,0.307,19.490837,0.005510,19.547028,0.047350,18.643318,0.037060,1.607,0.903709,19.490837,0.005510,1,J212132.30-082609.2,15.561,14.822,12.444,8.642,0.047,0.074,0.507,---
DESIJ2121-0826,B,21,21,32.3518,-,08,26,10.313,Double,1.336000,320.38479934450,-8.43619796763,Gaia_DR3,He,2025,2025arXiv250108541H,,---,,320.38476200000,-8.43601500000,320.38476297149,-8.43601595641,2.3950,---,2025arXiv250108541H,---,,,---,--,---,,,0,,,---,---,---,---,---,---,---,,--,1,6897592824540355072,320.38479934450,1.6852,-8.43619796763,1.7470,---,---,---,---,---,---,---,---,20.868040,0.015156,---,---,---,---,---,---,20.868040,0.015156,0,,---,---,---,---,---,---,---,---
PSJ2122-1621,B,21,22,25.7733,-,16,21,24.834,Double,1.204000,320.60738870510,-16.35689832150,Gaia_DR3,Dux,2024,2024A&A...682A..47D,,---,,320.60750000000,-16.35700000000,320.60750934125,-16.35701891665,1.4700,---,2024A&A...682A..47D,---,,,---,--,2.13006000,,VizieR_J/A+A/683/A112/lqac6,1,DR3Gaia212225.773-162124.83,1,56,5.59565471022,53.54675,-0.28548171480,42.38688,19.3092,0.14047,0,0,1,6835936404342726400,320.60738861914,0.3439,-16.35689825067,0.2881,0.7731,0.4151,1.8625,0.751,-0.655,0.439,-0.366,0.411,19.251940,0.006435,19.030172,0.091186,18.380436,0.147602,1.829,0.649736,19.255411,0.006452,1,J212225.80-162125.1,14.625,13.468,10.626,8.328,0.032,0.035,0.110,0.334
PSJ2122-1621,A,21,22,25.8312,-,16,21,25.702,Double,1.204000,320.60762997740,-16.35713951180,Gaia_DR3,Dux,2024,2024A&A...682A..47D,,---,,320.60750000000,-16.35700000000,320.60750934125,-16.35701891665,1.4700,---,2024A&A...682A..47D,---,,,1.466088,0,2.13006000,,VizieR_J/A+A/683/A112/lqac6,1,DR3Gaia212225.773-162124.83,2,58,5.59565882105,59.89555,-0.28548589294,40.09371,19.1829,0.21164,0,0,1,6835936404343298176,320.60763007558,0.2766,-16.35713938894,0.2113,-0.0830,0.3712,-0.2236,0.893,0.633,0.391,-0.630,0.307,19.133390,0.008722,18.764492,0.035819,18.130733,0.034659,2.079,0.633759,19.136791,0.008747,0,,---,---,---,---,---,---,---,---
J2124+1632,B,21,24,16.8612,+,16,32,15.284,Double,3.008000,321.07025490520,16.53757875790,Gaia_DR3,Lemon,2018,2018MNRAS.479.5060L,,---,,321.07032750000,16.53828220000,321.07027568250,16.53799604460,1.2800,---,2018MNRAS.479.5060L,1.280,pG,LEMON,---,--,---,,,1,DR3Gaia212416.871+163218.29,2,41,5.60373316624,75.51108,0.28863515392,52.41146,19.4135,0.20617,0,0,1,1783913498165937664,321.07025492086,0.2888,16.53757897345,0.3267,0.5237,0.3296,1.5887,0.809,-0.001,0.325,-0.809,0.306,19.457850,0.010596,19.232327,0.089495,18.150574,0.051611,2.296,1.081753,19.460808,0.010623,0,,---,---,---,---,---,---,---,---
J2124+1632,A,21,24,16.8712,+,16,32,18.288,Double,3.008000,321.07029645980,16.53841333130,Gaia_DR3,Lemon,2018,2018MNRAS.479.5060L,,---,,321.07027830000,16.53911830000,321.07027568250,16.53799604460,1.2800,---,2018MNRAS.479.5060L,---,,,1.273109,0,---,,,1,DR3Gaia212416.871+163218.29,1,42,5.60373390919,79.53205,0.28864967024,46.13169,18.9003,0.23603,0,0,1,1783913498162557696,321.07029648568,0.2165,16.53841338638,0.2270,0.2143,0.2435,0.8801,0.316,-0.026,0.243,-0.315,0.213,18.852768,0.009553,19.036943,0.050208,18.291145,0.067515,1.318,0.745798,18.852768,0.009553,0,,---,---,---,---,---,---,---,---
J2132+2603,A,21,32,01.8406,+,26,03,06.238,Double,1.723000,323.00766929950,26.05173282880,Gaia_DR3,Lemon,2019,2019MNRAS.483.4242L,,---,,323.00766578800,26.05173033290,323.00787158445,26.05157718195,2.2600,---,2019MNRAS.483.4242L,---,,,2.263564,0,---,,,1,DR3Gaia213201.841+260306.24,3,67,5.63754738849,51.83641,0.45468851067,58.64918,19.6742,0.17476,0,0,1,1798972581216203008,323.00766919376,0.2162,26.05173285080,0.2323,1.0804,0.3439,3.1412,0.308,0.218,0.292,0.218,0.257,19.650650,0.006327,19.687580,0.033518,19.072332,0.039184,1.418,0.615248,19.650650,0.006327,1,J213201.89+260306.1,15.124,14.554,12.620,8.800,0.036,0.051,0.502,---
J2132+2603,B,21,32,01.9377,+,26,03,05.118,Double,1.723000,323.00807386940,26.05142153510,Gaia_DR3,Lemon,2019,2019MNRAS.483.4242L,,---,,323.00807585900,26.05142314260,323.00787158445,26.05157718195,2.2600,---,2019MNRAS.483.4242L,---,,,---,--,---,,,1,DR3Gaia213201.841+260306.24,2,24,5.63755443187,104.58752,0.45468306081,60.76473,20.6035,0.16612,0,1,1,1798972585512080640,323.00807473586,1.4764,26.05142076653,1.3536,5.6292,2.2601,2.4907,4.073,2.585,2.423,3.148,1.468,20.859299,0.012157,---,---,---,---,---,---,20.859299,0.012157,0,,---,---,---,---,---,---,---,---
Q2138-431,A,21,41,16.0777,-,42,57,09.451,Double,4.489000,325.31699032400,-42.95262535540,Gaia_DR3,Hawkins,2021,2021MNRAS.503.3848H,,---,,325.31779166667,-42.95277777778,325.31778619780,-42.95284769195,1.6410,---,2021MNRAS.503.3848H,1.641,jG,0786,---,--,1.63892000,,VizieR_J/A+A/683/A112/lqac6,1,DR3Gaia214116.078-425709.45,1,41,5.67785260850,50.36057,-0.74966469303,58.66004,19.5408,0.14040,0,0,1,6578083228069136128,325.31699017797,0.2615,-42.95262539281,0.2600,-0.3240,0.3710,-0.8734,0.407,0.384,0.266,0.134,0.308,19.470823,0.007781,19.639275,0.043907,19.003275,0.037560,1.268,0.636000,19.470823,0.007781,1,J214116.10-425709.5,15.818,14.639,12.217,8.794,0.048,0.053,0.346,0.370
Q2138-431,B,21,41,16.4597,-,42,57,11.052,Double,4.489000,325.31858207160,-42.95307002850,Gaia_DR3,Hawkins,2021,2021MNRAS.503.3848H,,---,,325.31779166667,-42.95277777778,325.31778619780,-42.95284769195,1.6410,---,2021MNRAS.503.3848H,1.641,jG,0786,---,--,1.64100000,,VizieR_J/A+A/624/A145/lqac5,1,DR3Gaia214116.078-425709.45,2,9,5.67788046541,53.88404,-0.74967252882,40.04055,20.6979,0.18372,0,0,1,6578083228072291456,325.31858554604,3.7068,-42.95307127343,1.9754,---,---,---,---,---,---,---,---,20.868599,0.024237,20.974352,0.195528,20.381107,0.249744,1.317,0.593245,20.868599,0.024237,0,,---,---,---,---,---,---,---,---
J2145+6345,C,21,45,04.9785,+,63,45,40.547,Quad,2.068000,326.27074395043,63.76126293778,Gaia_DR3,Lemon,2019,2019MNRAS.483.4242L,,---,,326.27074395000,63.76126294000,326.27134693065,63.76146846173,1.5600,---,2019MNRAS.483.4242L,---,,,---,--,---,,,0,,,---,---,---,---,---,---,---,,--,1,2216740927658907776,326.27074395043,0.1154,63.76126293778,0.1118,0.1411,0.1240,1.1381,0.066,-0.042,0.152,-0.051,0.141,18.326270,0.004188,---,---,---,---,---,---,18.326270,0.004188,0,,---,---,---,---,---,---,---,---
J2145+6345,D,21,45,05.0488,+,63,45,42.219,Quad,2.068000,326.27103677411,63.76172759412,Gaia_DR3,Lemon,2019,2019MNRAS.483.4242L,,---,,326.27103799000,63.76172683000,326.27134693065,63.76146846173,1.5600,---,2019MNRAS.483.4242L,---,,,---,--,---,,,0,,,---,---,---,---,---,---,---,,--,1,2216740927658907520,326.27103677411,0.1827,63.76172759412,0.1348,0.0051,0.1618,0.0316,0.137,-0.103,0.329,-0.090,0.163,18.526424,0.004997,---,---,---,---,---,---,18.526424,0.004997,0,,---,---,---,---,---,---,---,---
J2145+6345,G,21,45,05.0963,+,63,45,41.591,Quad,2.068000,326.27123465000,63.76155294000,HST,Lemon,2019,2019MNRAS.483.4242L,,---,,326.27123465000,63.76155294000,326.27134693065,63.76146846173,---,---,,---,,,---,--,---,,,0,,,---,---,---,---,---,---,---,,--,0,---,---,---,---,---,---,---,---,---,---,---,---,---,---,---,---,---,---,---,---,---,---,---,0,,---,---,---,---,---,---,---,---
J2145+6345,B,21,45,05.2088,+,63,45,40.900,Quad,2.068000,326.27170314185,63.76136124902,Gaia_DR3,Lemon,2019,2019MNRAS.483.4242L,,---,,326.27170273000,63.76136072000,326.27134693065,63.76146846173,1.5600,---,2019MNRAS.483.4242L,---,,,---,--,---,,,0,,,---,---,---,---,---,---,---,,--,1,2216740923364878464,326.27170314185,0.2264,63.76136124902,0.1831,0.1566,0.2158,0.7256,3.993,3.625,0.281,-1.674,0.225,16.934048,0.004119,16.813160,0.017037,15.492581,0.008170,---,1.320579,16.935036,0.004121,0,,---,---,---,---,---,---,---,---
J2145+6345,A,21,45,05.2569,+,63,45,41.479,Quad,2.068000,326.27190385620,63.76152206598,Gaia_DR3,Lemon,2019,2019MNRAS.483.4242L,,---,,326.27190316000,63.76152127000,326.27134693065,63.76146846173,1.5600,---,2019MNRAS.483.4242L,---,,,---,--,---,,,0,,,---,---,---,---,---,---,---,,--,1,2216740927658907648,326.27190385620,0.1934,63.76152206598,0.1198,0.1299,0.1055,1.2319,0.988,-0.875,0.258,0.459,0.155,17.289669,0.003909,---,---,---,---,---,---,17.289669,0.003909,0,,---,---,---,---,---,---,---,---
SDSSJ2146-0047,G,21,46,46.0200,-,00,47,44.820,Double,1.394000,326.69175000000,-0.79578330000,Publication,Agnello,2015,2015MNRAS.454.1260A,More,2016,2016MNRAS.456.1595M,326.69175000000,-0.79578330000,326.69183278900,-0.79582809105,---,0.7990,2015MNRAS.454.1260A,2.380,g+G,AGNELL,---,--,2.38055500,KEEP(0),EXTERNAL_SDSSDR18_BOSS,0,,,---,---,---,---,---,---,---,,--,0,---,---,---,---,---,---,---,---,---,---,---,---,---,---,---,---,---,---,---,---,---,---,---,1,J214646.03-004744.7,15.654,14.704,11.753,8.570,0.049,0.069,0.332,---
SDSSJ2146-0047,B,21,46,46.0357,-,00,47,45.675,Double,1.394000,326.69181560550,-0.79602096260,Gaia_DR3,Agnello,2015,2015MNRAS.454.1260A,More,2016,2016MNRAS.456.1595M,326.69174170000,-0.79596670000,326.69183278900,-0.79582809105,2.3810,---,2015MNRAS.454.1260A,2.380,g+G,AGNELL,---,--,2.38055500,KEEP(0),EXTERNAL_SDSSDR18_BOSS,1,DR3Gaia214646.044-004744.29,2,32,5.70184792333,81.84196,-0.01389318328,51.44564,20.4595,0.15081,0,0,1,2675034927644997120,326.69181521204,1.4241,-0.79602084249,1.0335,-1.0052,1.1381,-0.8832,1.184,1.050,1.830,-0.546,1.093,20.583889,0.009072,---,---,---,---,---,---,20.583889,0.009072,0,,---,---,---,---,---,---,---,---
SDSSJ2146-0047,A,21,46,46.0440,-,00,47,44.287,Double,1.394000,326.69184997250,-0.79563521950,Gaia_DR3,Agnello,2015,2015MNRAS.454.1260A,More,2016,2016MNRAS.456.1595M,326.69177080000,-0.79558330000,326.69183278900,-0.79582809105,2.3810,0.7990,2015MNRAS.454.1260A,2.380,g+G,AGNELL,---,--,2.38055500,KEEP(0),EXTERNAL_SDSSDR18_BOSS,1,DR3Gaia214646.044-004744.29,1,45,5.70184857008,63.61044,-0.01388645706,51.20192,19.8069,0.12686,0,0,1,2675034931939523072,326.69184981172,0.4835,-0.79563512429,0.4519,-0.3174,0.5219,-0.6082,1.948,1.897,0.646,0.440,0.464,19.809105,0.006223,19.670107,0.048145,19.206863,0.053203,1.557,0.463243,19.809105,0.006223,0,,---,---,---,---,---,---,---,---
J2147-1340,B,21,47,58.9381,-,13,40,38.175,Double,1.327000,326.99557521290,-13.67727072690,Gaia_DR3,Lemon,2023,2023MNRAS.520.3305L,,---,,326.99570000000,-13.67720000000,326.99573759980,-13.67717552245,1.3820,---,2023MNRAS.520.3305L,1.382,p,LEMON4,---,--,---,,,1,DR3Gaia214759.016-134037.49,3,25,5.70714965707,83.18973,-0.23871343455,40.22545,20.2275,0.15612,0,0,1,6843364189504521728,326.99557548878,1.3088,-13.67727063729,0.8642,-1.1677,1.6858,-0.6927,2.118,0.144,1.435,-2.113,1.057,20.438995,0.013045,---,---,---,---,---,---,20.438995,0.013045,1,J214758.97-134037.9,14.732,13.949,11.562,8.397,0.034,0.041,0.253,0.357
J2147-1340,A,21,47,59.0160,-,13,40,37.489,Double,1.327000,326.99589998670,-13.67708031800,Gaia_DR3,Lemon,2023,2023MNRAS.520.3305L,,---,,326.99570000000,-13.67720000000,326.99573759980,-13.67717552245,1.3820,---,2023MNRAS.520.3305L,1.382,p,LEMON4,---,--,---,,,1,DR3Gaia214759.016-134037.49,2,30,5.70715513966,64.19381,-0.23871010789,46.52647,19.8594,0.16124,0,0,1,6843364189503761792,326.99589994126,0.4626,-13.67708012838,0.4143,0.7360,0.5931,1.2409,0.912,-0.717,0.649,-0.564,0.495,19.824253,0.006873,19.568132,0.069770,18.416445,0.050772,2.458,1.151688,19.826742,0.006886,0,,---,---,---,---,---,---,---,---
DESJ215028.71-465251.3,A,21,50,28.6867,-,46,52,49.899,Double,2.405000,327.61952776260,-46.88052763100,Gaia_DR3,Desira,2022,2022MNRAS.509..738D,,---,,327.61952800000,-46.88052800000,327.61955729385,-46.88086106130,4.1300,---,2022MNRAS.509..738D,4.130,G,GL2hiz,4.125186,16,---,,,1,DR3Gaia215028.687-465249.90,1,54,5.71803933201,70.33746,-0.81821962696,50.71252,20.4291,0.11018,0,0,1,6564118781857148288,327.61952778183,0.4926,-46.88052770964,0.3570,-0.8065,0.7745,-1.0413,1.056,-1.042,0.679,-0.171,0.709,20.558810,0.006147,20.996292,0.128481,19.735424,0.063233,1.383,1.260868,20.560384,0.006154,0,,---,---,---,---,---,---,---,---
DESJ215028.71-465251.3,B,21,50,28.7008,-,46,52,52.300,Double,2.405000,327.61958682510,-46.88119449160,Gaia_DR3,Desira,2022,2022MNRAS.509..738D,,---,,327.61952800000,-46.88052800000,327.61955729385,-46.88086106130,4.1300,---,2022MNRAS.509..738D,4.130,G,GL2hiz,---,--,---,,,1,DR3Gaia215028.687-465249.90,2,12,5.71804032713,69.28170,-0.81823132526,53.86884,20.6693,0.14302,0,0,1,6564118781857227136,327.61958653245,1.3283,-46.88119509677,1.0299,---,---,---,---,---,---,---,---,21.033522,0.018318,20.987390,0.479533,19.657835,0.262324,2.251,1.329556,21.033522,0.018318,1,J215028.70-465251.3,15.920,15.626,12.135,8.370,0.053,0.117,---,---
HE2149-2745,A,21,52,07.4423,-,27,31,50.071,Double,1.697000,328.03100941490,-27.53057539810,Gaia_DR3,Wisotzki,1996,1996A&A...315L.405W,,---,,328.03100000000,-27.53061110000,328.03114871910,-27.53037469030,2.0330,0.6030,2007A&A...465...51E,---,,,---,--,2.01400000,KEEP(s),VizieR_J/ApJS/221/12/table1,1,DR3Gaia215207.442-273150.07,2,51,5.72522114996,49.92574,-0.48049920875,36.16907,17.0365,0.11919,0,0,1,6810217556059370240,328.03100943007,0.0637,-27.53057539048,0.0548,-0.0132,0.0759,-0.1742,0.102,-0.023,0.082,-0.099,0.069,16.961270,0.004241,17.082308,0.016776,16.470201,0.017246,1.310,0.612106,16.961270,0.004241,1,J215207.46-273149.6,13.884,12.708,9.470,7.164,0.026,0.027,0.038,0.105
HE2149-2745,G,21,52,07.4937,-,27,31,49.050,Double,1.697000,328.03122370000,-27.53029170000,Publication,Wisotzki,1996,1996A&A...315L.405W,,---,,328.03122370000,-27.53029170000,328.03114871910,-27.53037469030,---,0.6030,2007A&A...465...51E,---,,,---,--,2.03300000,,VizieR_J/ApJS/219/29/table6,0,,,---,---,---,---,---,---,---,,--,0,---,---,---,---,---,---,---,---,---,---,---,---,---,---,---,---,---,---,---,---,---,---,---,0,,---,---,---,---,---,---,---,---
HE2149-2745,B,21,52,07.5091,-,27,31,48.626,Double,1.697000,328.03128802330,-27.53017398250,Gaia_DR3,Wisotzki,1996,1996A&A...315L.405W,,---,,328.03127880000,-27.53020940000,328.03114871910,-27.53037469030,2.0330,---,2007A&A...465...51E,---,,,---,--,2.03300000,,VizieR_J/ApJS/219/29/table6,1,DR3Gaia215207.442-273150.07,1,50,5.72522602388,58.23367,-0.48049219024,40.57705,18.3287,0.13341,0,0,1,6810217624778074752,328.03128810556,0.1737,-27.53017403252,0.1505,0.4927,0.2019,2.4401,0.182,-0.179,0.225,0.035,0.192,18.288440,0.004459,---,---,---,---,---,---,18.288440,0.004459,0,,---,---,---,---,---,---,---,---
DESJ2158-5812,A,21,58,37.3253,-,58,12,05.068,Double,1.878000,329.65552225540,-58.20140766420,Gaia_DR3,Spiniello,2019,2019MNRAS.483.3888S,,---,,329.65550000000,-58.20110000000,329.65555131080,-58.20114734945,1.7470,---,2023OJAp....6E..49F,1.747,jG,SSLENS,1.757079,0,1.74700000,,VizieR_J/ApJS/264/9/skewt,1,DR3Gaia215837.325-581205.07,2,54,5.75357426730,54.18319,-1.01580630450,64.10096,19.7416,0.14265,0,0,1,6412034913323287296,329.65552220168,0.2040,-58.20140763292,0.2194,-0.2309,0.3054,-0.7559,0.258,-0.206,0.285,0.156,0.330,19.703888,0.005666,19.667088,0.047001,18.948017,0.034366,1.595,0.719070,19.703888,0.005666,0,,---,---,---,---,---,---,---,---
DESJ2158-5812,B,21,58,37.3393,-,58,12,03.193,Double,1.878000,329.65558036620,-58.20088703470,Gaia_DR3,Spiniello,2019,2019MNRAS.483.3888S,,---,,329.65550000000,-58.20110000000,329.65555131080,-58.20114734945,1.7470,---,2023OJAp....6E..49F,1.747,jG,SSLENS,---,--,1.74700000,,VizieR_J/ApJS/264/9/skewt,1,DR3Gaia215837.325-581205.07,1,6,5.75357502066,62.29035,-1.01579728509,27.95170,20.5677,0.16644,0,0,1,6412034917618579712,329.65558260464,4.3435,-58.20088758405,1.2059,---,---,---,---,---,---,---,---,21.078457,0.014660,---,---,---,---,---,---,21.078457,0.014660,1,J215837.29-581203.9,14.698,13.869,11.517,8.504,0.030,0.034,0.169,0.280
GraLJ220015.6+144859.5,A,22,00,15.5322,+,14,49,00.596,Double,2.612000,330.06471750630,14.81683231420,Gaia_DR3,Krone-Martins,2019,2019arXiv191208977K,,---,,330.06471519100,14.81683542490,330.06484065525,14.81648956260,1.1150,0.7620,2019arXiv191208977K,---,,,---,--,---,,,1,DR3Gaia220015.532+144900.60,2,18,5.76071600365,56.76964,0.25860243414,52.03377,20.3281,0.12996,0,0,1,1768624892058006144,330.06471761033,1.3655,14.81683241349,0.9989,0.2742,1.0600,0.2587,1.377,1.104,1.468,-0.823,1.254,20.364183,0.014109,20.630892,0.192762,18.912180,0.056305,2.171,1.718712,20.359980,0.014057,0,,---,---,---,---,---,---,---,---
GraLJ220015.6+144859.5,G,22,00,15.5351,+,14,48,59.939,Double,2.612000,330.06472940540,14.81664985230,Gaia_DR3,Krone-Martins,2019,2019arXiv191208977K,,---,,330.06471519100,14.81683542490,330.06484065525,14.81648956260,---,0.7620,2019arXiv191208977K,---,,,---,--,---,,,1,DR3Gaia220015.532+144900.60,1,11,5.76071628149,42.55501,0.25859928394,58.72134,20.5739,0.19125,0,0,1,1768624896352772096,330.06472429176,4.3438,14.81665126228,4.0118,---,---,---,---,---,---,---,---,20.841639,0.024748,20.378930,0.484206,18.914990,0.099057,3.593,1.463940,20.841639,0.024748,1,J220015.55+144859.5,14.883,14.171,11.396,8.962,0.033,0.043,0.172,---
GraLJ220015.6+144859.5,B,22,00,15.5913,+,14,48,58.129,Double,2.612000,330.06496380420,14.81614681100,Gaia_FPR,Krone-Martins,2019,2019arXiv191208977K,,---,,330.06483333000,14.81616660000,330.06484065525,14.81648956260,1.1150,---,2019arXiv191208977K,---,,,---,--,---,,,1,DR3Gaia220015.532+144900.60,3,3,5.76071914599,22.71133,0.25859048964,5.53837,20.6615,0.22768,0,0,0,---,---,---,---,---,---,---,---,---,---,---,---,---,---,---,---,---,---,---,---,---,---,---,0,,---,---,---,---,---,---,---,---
CY2201-3201,B,22,01,32.7600,-,32,01,45.500,Double,0.809000,330.38650000000,-32.02930555560,Publication,Castander,2006,2006ApJ...652..955C,,---,,330.38650000000,-32.02930555556,330.38660416665,-32.02923611115,3.9030,---,2006ApJ...652..955C,3.905,vN,1873,---,--,0.32300001,KEEP(    ),EXTERNAL_NED_2006ApJ...652..955C,0,,,---,---,---,---,---,---,---,,--,0,---,---,---,---,---,---,---,---,---,---,---,---,---,---,---,---,---,---,---,---,---,---,---,1,J220132.77-320145.2,16.169,15.963,12.012,8.341,0.064,0.174,---,---
CY2201-3201,A,22,01,32.8100,-,32,01,45.000,Double,0.809000,330.38670833330,-32.02916666670,Publication,Castander,2006,2006ApJ...652..955C,,---,,330.38670833333,-32.02916666667,330.38660416665,-32.02923611115,3.9030,0.3230,2006ApJ...652..955C,3.905,vN,1873,---,--,0.32300001,KEEP(    ),EXTERNAL_NED_2006ApJ...652..955C,0,,,---,---,---,---,---,---,---,,--,0,---,---,---,---,---,---,---,---,---,---,---,---,---,---,---,---,---,---,---,---,---,---,---,0,,---,---,---,---,---,---,---,---
J2205+1019,B,22,05,39.8588,+,10,19,50.252,Double,1.343000,331.41607826110,10.33062567220,Gaia_DR3,Lemon,2023,2023MNRAS.520.3305L,,---,,331.41610000000,10.33070000000,331.41625739185,10.33068681370,1.7800,---,2023MNRAS.520.3305L,---,,,---,--,---,,,1,DR3Gaia220539.945+101950.69,1,22,5.78430178513,63.54934,0.18030344047,58.53495,18.7820,0.11467,0,0,1,2727031214774814208,331.41607871743,0.8480,10.33062472663,0.8592,-0.7134,0.9467,-0.7535,0.145,-0.044,1.043,-0.138,0.953,19.565569,0.016938,17.961199,0.029485,16.398930,0.016307,10.956,1.562269,19.563639,0.016909,1,J220539.87+101950.3,13.006,12.262,9.666,7.830,0.024,0.023,0.045,0.168
J2205+1019,A,22,05,39.9448,+,10,19,50.693,Double,1.343000,331.41643652260,10.33074795520,Gaia_DR3,Lemon,2023,2023MNRAS.520.3305L,,---,,331.41610000000,10.33070000000,331.41625739185,10.33068681370,1.7800,0.1080,2023MNRAS.520.3305L,---,,,---,--,---,,,1,DR3Gaia220539.945+101950.69,2,23,5.78430802814,49.90473,0.18030559948,42.36762,19.1352,0.32808,0,0,1,2727031214774199680,331.41643668858,0.2324,10.33074800065,0.2818,0.0691,0.2945,0.2347,1.054,-0.592,0.330,-0.873,0.323,19.110030,0.026761,18.204514,0.032221,16.631357,0.055439,5.797,1.573156,19.107950,0.026710,0,,---,---,---,---,---,---,---,---
J2205-3727,C,22,05,44.2229,-,37,27,01.421,Quad,1.644000,331.43426215990,-37.45039484404,Gaia_DR3,Lemon,2023,2023MNRAS.520.3305L,,---,,331.43426216000,-37.45039484000,331.43446912498,-37.45038935851,1.8480,---,2023MNRAS.520.3305L,---,,,---,--,---,,,0,,,---,---,---,---,---,---,---,,--,1,6574990099996993280,331.43426215990,2.1636,-37.45039484404,1.8410,---,---,---,---,---,---,---,---,20.729578,0.012180,20.280610,0.139600,19.213114,0.094295,---,1.067495,20.729578,0.012180,0,,---,---,---,---,---,---,---,---
J2205-3727,D,22,05,44.2472,-,37,27,00.863,Quad,1.644000,331.43436328000,-37.45023984000,HST,Lemon,2023,2023MNRAS.520.3305L,,---,,331.43436328000,-37.45023984000,331.43446912498,-37.45038935851,1.8480,---,2023MNRAS.520.3305L,---,,,---,--,---,,,0,,,---,---,---,---,---,---,---,,--,0,---,---,---,---,---,---,---,---,---,---,---,---,---,---,---,---,---,---,---,---,---,---,---,0,,---,---,---,---,---,---,---,---
J2205-3727,B,22,05,44.2597,-,37,27,02.023,Quad,1.644000,331.43441542000,-37.45056207000,HST,Lemon,2023,2023MNRAS.520.3305L,,---,,331.43441542000,-37.45056207000,331.43446912498,-37.45038935851,1.8480,---,2023MNRAS.520.3305L,---,,,---,--,---,,,0,,,---,---,---,---,---,---,---,,--,0,---,---,---,---,---,---,---,---,---,---,---,---,---,---,---,---,---,---,---,---,---,---,---,0,,---,---,---,---,---,---,---,---
J2205-3727,G,22,05,44.2846,-,37,27,01.399,Quad,1.644000,331.43451899000,-37.45038873000,HST,Lemon,2023,2023MNRAS.520.3305L,,---,,331.43451899000,-37.45038873000,331.43446912498,-37.45038935851,---,---,,---,,,---,--,---,,,0,,,---,---,---,---,---,---,---,,--,0,---,---,---,---,---,---,---,---,---,---,---,---,---,---,---,---,---,---,---,---,---,---,---,0,,---,---,---,---,---,---,---,---
J2205-3727,A,22,05,44.3606,-,37,27,01.298,Quad,1.644000,331.43483564000,-37.45036068000,HST,Lemon,2023,2023MNRAS.520.3305L,,---,,331.43483564000,-37.45036068000,331.43446912498,-37.45038935851,1.8480,---,2023MNRAS.520.3305L,---,,,---,--,---,,,0,,,---,---,---,---,---,---,---,,--,0,---,---,---,---,---,---,---,---,---,---,---,---,---,---,---,---,---,---,---,---,---,---,---,0,,---,---,---,---,---,---,---,---
HS2209+1914,B,22,11,30.3151,+,19,29,13.590,Double,1.040000,332.87631300620,19.48710844030,Gaia_DR3,Chantry,2010,2010A&A...522A..95C,,---,,332.87625000000,19.48690000000,332.87636217355,19.48697160685,1.0700,---,2024MNRAS.530..221J,---,,,---,--,---,,,1,DR3Gaia221130.339+192912.61,3,23,5.80978769765,45.41794,0.34011413237,41.03749,15.9851,0.13304,0,0,1,1778133438549867136,332.87631301185,0.0377,19.48710841117,0.0393,-0.1180,0.0437,-2.6996,0.076,0.074,0.055,0.017,0.044,15.895268,0.003974,15.654175,0.017610,14.993058,0.014808,1.872,0.661117,15.896568,0.003976,1,J221130.32+192913.1,11.210,9.743,6.735,4.420,0.023,0.021,0.018,0.037
HS2209+1914,A,22,11,30.3387,+,19,29,12.605,Double,1.040000,332.87641134090,19.48683477340,Gaia_DR3,Chantry,2010,2010A&A...522A..95C,,---,,332.87625000000,19.48690000000,332.87636217355,19.48697160685,1.0700,---,2024MNRAS.530..221J,---,,,---,--,---,,,1,DR3Gaia221130.339+192912.61,1,23,5.80978936408,36.56936,0.34010939217,44.81923,16.4504,0.10573,0,0,1,1778133438550754688,332.87641135184,0.0652,19.48683477264,0.0512,-0.0224,0.0653,-0.3437,0.098,0.070,0.097,-0.068,0.060,16.342443,0.003655,---,---,---,---,---,---,16.342443,0.003655,0,,---,---,---,---,---,---,---,---
J2213-5926,S,22,13,20.7393,-,59,26,16.389,Double,0.000000,333.33641392339,-59.43788571143,Gaia_DR3,Lemon,2023,2023MNRAS.520.3305L,,---,,333.33630000000,-59.43760000000,333.33641392339,-59.43788571143,1.7200,---,2023MNRAS.520.3305L,---,,,---,--,---,,,0,,,---,---,---,---,---,---,---,,--,1,6411021202258686592,333.33641392339,0.7071,-59.43788571143,0.7392,0.8115,1.0272,0.7900,1.828,0.929,0.939,-1.574,1.107,20.697721,0.009387,20.776825,0.113253,19.711864,0.105468,---,1.064961,20.700777,0.009411,0,,---,---,---,---,---,---,---,---
A2213-2652,B,22,13,38.3512,-,26,52,27.774,Double,1.306000,333.40979678250,-26.87438161370,Gaia_DR3,Agnello,2018,2018MNRAS.475.2086A,,---,,333.41011980000,-26.87418806000,333.40997110745,-26.87428829120,1.2700,---,2018MNRAS.475.2086A,1.270,pG,AGNEL2,---,--,1.24977000,,VizieR_J/A+A/683/A112/lqac6,1,DR3Gaia221338.435-265227.10,1,27,5.81909876147,50.46305,-0.46904655074,41.17404,19.6152,0.21288,0,0,1,6619041414888044288,333.40979659267,0.3794,-26.87438169220,0.3543,0.6018,0.4354,1.3822,0.259,0.227,0.444,0.123,0.475,19.603573,0.013113,---,---,---,---,---,---,19.603573,0.013113,0,,---,---,---,---,---,---,---,---
A2213-2652,A,22,13,38.4349,-,26,52,27.102,Double,1.306000,333.41014543240,-26.87419496870,Gaia_DR3,Agnello,2018,2018MNRAS.475.2086A,,---,,333.41011980000,-26.87418806000,333.40997110745,-26.87428829120,1.2700,---,2018MNRAS.475.2086A,1.270,pG,AGNEL2,1.249771,0,1.24977000,,VizieR_J/A+A/683/A112/lqac6,1,DR3Gaia221338.435-265227.10,2,28,5.81910476472,44.53886,-0.46904322024,40.53294,17.2974,0.23675,0,0,1,6619041414888454400,333.41014542301,0.0734,-26.87419498998,0.0713,-0.0686,0.0860,-0.7968,0.036,-0.008,0.089,-0.035,0.083,17.168095,0.011101,17.210543,0.033323,16.822208,0.027606,1.276,0.388334,17.168095,0.011101,1,J221338.42-265227.2,14.097,12.804,9.915,7.764,0.028,0.026,0.053,0.181
J221849.86-332243.6,A,22,18,49.8612,-,33,22,43.617,Quad,0.622000,334.70775499355,-33.37878246980,Gaia_DR3,Chen,2022,2022ApJ...925..162C,,---,,334.70775000000,-33.37877777778,334.70775796189,-33.37886885578,2.5500,---,2025ApJ...988..126C,---,,,---,--,---,,,0,,,---,---,---,---,---,---,---,,--,1,6599991856246460288,334.70775499355,1.0128,-33.37878246980,0.7092,3.2305,1.1070,2.9184,2.332,-2.193,1.581,-0.794,1.047,20.429990,0.026513,19.901691,0.099194,18.558722,0.034854,3.539,1.342970,20.430743,0.026531,1,J221849.84-332243.8,14.512,13.460,10.904,8.699,0.031,0.032,0.132,0.380
J221849.86-332243.6,B,22,18,49.8626,-,33,22,44.239,Quad,0.622000,334.70776093023,-33.37895524176,Gaia_DR3,Chen,2022,2022ApJ...925..162C,,---,,334.70775000000,-33.37877777778,334.70775796189,-33.37886885578,---,---,2025ApJ...988..126C,---,,,---,--,---,,,0,,,---,---,---,---,---,---,---,,--,1,6599991860542082304,334.70776093023,4.8615,-33.37895524176,2.7232,---,---,---,---,---,---,---,---,20.923023,0.021733,19.986820,0.164177,18.672255,0.053892,5.064,1.314566,20.923023,0.021733,0,,---,---,---,---,---,---,---,---
SDSSJ2222+2745,C,22,22,07.9018,+,27,45,37.836,Quad,15.176000,335.53292430640,27.76051010330,Publication,Dahle,2013,2013ApJ...773..146D,,---,,335.53292430640,27.76051010330,335.53589100344,27.75983945262,2.8010,---,2022A&A...668A.142A,---,,,---,--,---,,,0,,,---,---,---,---,---,---,---,,--,0,---,---,---,---,---,---,---,---,---,---,---,---,---,---,---,---,---,---,---,---,---,---,---,0,,---,---,---,---,---,---,---,---
SDSSJ2222+2745,G1,22,22,08.5700,+,27,45,35.600,Quad,15.176000,335.53570833330,27.75988888890,Publication,Dahle,2013,2013ApJ...773..146D,,---,,335.53570833330,27.75988888890,335.53589100344,27.75983945262,---,0.4890,2022A&A...668A.142A,---,,,---,--,---,,,0,,,---,---,---,---,---,---,---,,--,0,---,---,---,---,---,---,---,---,---,---,---,---,---,---,---,---,---,---,---,---,---,---,---,0,,---,---,---,---,---,---,---,---
SDSSJ2222+2745,F,22,22,08.6078,+,27,45,35.003,Quad,15.176000,335.53586600000,27.75972300000,Publication,Dahle,2013,2013ApJ...773..146D,,---,,335.53586600000,27.75972300000,335.53589100344,27.75983945262,2.8010,---,2022A&A...668A.142A,---,,,---,--,---,,,0,,,---,---,---,---,---,---,---,,--,0,---,---,---,---,---,---,---,---,---,---,---,---,---,---,---,---,---,---,---,---,---,---,---,0,,---,---,---,---,---,---,---,---
SDSSJ2222+2745,G3,22,22,08.6244,+,27,45,30.117,Quad,15.176000,335.53593498000,27.75836596000,Publication,Dahle,2013,2013ApJ...773..146D,,---,,335.53593498000,27.75836596000,335.53589100344,27.75983945262,---,0.4890,2022A&A...668A.142A,---,,,---,--,---,,,0,,,---,---,---,---,---,---,---,,--,0,---,---,---,---,---,---,---,---,---,---,---,---,---,---,---,---,---,---,---,---,---,---,---,1,J222208.60+274530.9,14.500,14.321,11.828,8.532,0.048,0.062,---,---
SDSSJ2222+2745,E,22,22,08.6395,+,27,45,29.707,Quad,15.176000,335.53599800000,27.75825200000,Publication,Dahle,2013,2013ApJ...773..146D,,---,,335.53599800000,27.75825200000,335.53589100344,27.75983945262,2.8010,---,2022A&A...668A.142A,---,,,---,--,---,,,0,,,---,---,---,---,---,---,---,,--,0,---,---,---,---,---,---,---,---,---,---,---,---,---,---,---,---,---,---,---,---,---,---,---,0,,---,---,---,---,---,---,---,---
SDSSJ2222+2745,D,22,22,08.6884,+,27,45,32.051,Quad,15.176000,335.53620149042,27.75890292500,Publication,Dahle,2013,2013ApJ...773..146D,,---,,335.53620149042,27.75890292500,335.53589100344,27.75983945262,2.8010,---,2022A&A...668A.142A,---,,,---,--,---,,,0,,,---,---,---,---,---,---,---,,--,0,---,---,---,---,---,---,---,---,---,---,---,---,---,---,---,---,---,---,---,---,---,---,---,0,,---,---,---,---,---,---,---,---
SDSSJ2222+2745,G2,22,22,08.7000,+,27,45,33.000,Quad,15.176000,335.53625000000,27.75916667000,Publication,Dahle,2013,2013ApJ...773..146D,,---,,335.53625000000,27.75916667000,335.53589100344,27.75983945262,---,0.4890,2022A&A...668A.142A,---,,,---,--,---,,,0,,,---,---,---,---,---,---,---,,--,0,---,---,---,---,---,---,---,---,---,---,---,---,---,---,---,---,---,---,---,---,---,---,---,0,,---,---,---,---,---,---,---,---
SDSSJ2222+2745,B,22,22,08.8004,+,27,45,39.999,Quad,15.176000,335.53666817840,27.76111083490,Publication,Dahle,2013,2013ApJ...773..146D,,---,,335.53666817840,27.76111083490,335.53589100344,27.75983945262,2.8010,---,2022A&A...668A.142A,---,,,---,--,---,,,0,,,---,---,---,---,---,---,---,,--,0,---,---,---,---,---,---,---,---,---,---,---,---,---,---,---,---,---,---,---,---,---,---,---,0,,---,---,---,---,---,---,---,---
SDSSJ2222+2745,A,22,22,09.0451,+,27,45,37.936,Quad,15.176000,335.53768804540,27.76053785250,Publication,Dahle,2013,2013ApJ...773..146D,,---,,335.53766666667,27.76052777778,335.53589100344,27.75983945262,2.8010,0.4900,2022A&A...668A.142A,---,,,---,--,---,,,0,,,---,---,---,---,---,---,---,,--,0,---,---,---,---,---,---,---,---,---,---,---,---,---,---,---,---,---,---,---,---,---,---,---,0,,---,---,---,---,---,---,---,---
G2237+0305,D,22,40,30.1713,+,03,21,30.553,Quad,1.820000,340.12571357890,3.35848705380,Gaia_FPR,Huchra,1985,1985AJ.....90..691H,,---,,340.12570833333,3.35844444444,340.12588981532,3.35857859540,1.6950,---,1985AJ.....90..691H,---,,,---,--,0.03871578,,EXTERNAL_HECATE,1,DR3Gaia224030.229+032130.03,2,25,5.93631357219,60.64140,0.05861657518,54.63029,18.4125,0.14420,0,0,0,---,---,---,---,---,---,---,---,---,---,---,---,---,---,---,---,---,---,---,---,---,---,---,1,J224030.21+032130.7,11.376,10.665,7.970,5.900,0.022,0.021,0.020,0.053
G2237+0305,B,22,40,30.1840,+,03,21,31.720,Quad,1.820000,340.12576680330,3.35881114260,Gaia_DR3,Huchra,1985,1985AJ.....90..691H,,---,,340.12622940000,3.35847140000,340.12588981532,3.35857859540,1.6950,---,1985AJ.....90..691H,---,,,---,--,0.03871578,,EXTERNAL_HECATE,1,DR3Gaia224030.229+032130.03,5,25,5.93631450899,47.93083,0.05862233983,51.23517,18.0637,0.10806,0,0,1,2704542594213521664,340.12576716721,0.2610,3.35881113134,0.2210,0.5130,0.2895,1.7724,1.840,-1.013,0.317,-1.536,0.260,18.001842,0.005402,---,---,---,---,---,---,18.001842,0.005402,0,,---,---,---,---,---,---,---,---
G2237+0305,A,22,40,30.2287,+,03,21,30.028,Quad,1.820000,340.12595309190,3.35834114600,Gaia_DR3,Huchra,1985,1985AJ.....90..691H,,---,,340.12641670000,3.35800000000,340.12588981532,3.35857859540,1.6950,0.0394,1985AJ.....90..691H,---,,,1.710912,0,0.03871578,,EXTERNAL_HECATE,1,DR3Gaia224030.229+032130.03,3,25,5.93631773291,32.45800,0.05861407637,50.26020,17.0525,0.16966,0,0,1,2704542589921820288,340.12595338533,0.1664,3.35834153617,0.1422,-0.3420,0.1798,-1.9024,0.840,-0.804,0.223,-0.243,0.182,16.958456,0.010893,16.359877,0.023737,15.202054,0.021615,3.381,1.157823,16.960899,0.010916,0,,---,---,---,---,---,---,---,---
G2237+0305,G,22,40,30.2327,+,03,21,30.916,Quad,1.820000,340.12596973800,3.35858768350,Gaia_FPR,Huchra,1985,1985AJ.....90..691H,,---,,340.12595833333,3.35855555556,340.12588981532,3.35857859540,---,0.0394,1985AJ.....90..691H,---,,,---,--,0.03871578,,EXTERNAL_HECATE,1,DR3Gaia224030.229+032130.03,4,20,5.93631738158,50.61302,0.05861873243,42.08122,18.6297,0.09566,0,0,0,---,---,---,---,---,---,---,---,---,---,---,---,---,---,---,---,---,---,---,---,---,---,---,0,,---,---,---,---,---,---,---,---
G2237+0305,C,22,40,30.2702,+,03,21,31.230,Quad,1.820000,340.12612578720,3.35867503920,Gaia_FPR,Huchra,1985,1985AJ.....90..691H,,---,,340.12612500000,3.35863888889,340.12588981532,3.35857859540,1.6950,---,1985AJ.....90..691H,---,,,---,--,0.03871578,,EXTERNAL_HECATE,1,DR3Gaia224030.229+032130.03,1,25,5.93632085564,47.54016,0.05862000029,53.40140,18.3644,0.25250,0,0,0,---,---,---,---,---,---,---,---,---,---,---,---,---,---,---,---,---,---,---,---,---,---,---,0,,---,---,---,---,---,---,---,---
J2250+2117,B,22,50,34.4163,+,21,17,23.796,Double,1.894000,342.64340139040,21.28994337750,Gaia_DR3,Lemon,2019,2019MNRAS.483.4242L,,---,,342.64340159400,21.28994344780,342.64368183200,21.28991350310,1.7300,---,2019MNRAS.483.4242L,1.743,gG,DR16,---,--,---,,,1,DR3Gaia225034.551+211723.58,1,35,5.98025561349,73.26226,0.37157963678,76.19623,20.2531,0.13061,0,0,1,2835526791661343104,342.64340141415,0.6026,21.28994351468,0.6293,0.6305,0.8269,0.7625,0.956,-0.911,0.862,-0.289,0.778,20.303946,0.007045,---,---,---,---,---,---,20.303946,0.007045,0,,---,---,---,---,---,---,---,---
J2250+2117,A,22,50,34.5509,+,21,17,23.581,Double,1.894000,342.64396227360,21.28988362870,Gaia_DR3,Lemon,2019,2019MNRAS.483.4242L,,---,,342.64395795000,21.28988467570,342.64368183200,21.28991350310,1.7300,---,2019MNRAS.483.4242L,1.743,gG,DR16,1.738824,0,---,,,1,DR3Gaia225034.551+211723.58,2,40,5.98026545717,56.42384,0.37157859117,39.34145,18.7043,0.09576,0,0,1,2835526791660442752,342.64396226893,0.1693,21.28988363838,0.1641,-0.0370,0.2109,-0.1753,0.411,0.388,0.236,0.135,0.199,18.613703,0.004553,18.949694,0.027094,17.858707,0.020927,1.376,1.090986,18.613703,0.004553,1,J225034.50+211723.6,14.290,13.544,10.717,8.401,0.028,0.032,0.088,0.326
J2257+2349,B,22,57,25.3166,+,23,49,29.683,Double,1.677000,344.35548591770,23.82491182860,Gaia_DR3,Williams,2018,2018MNRAS.477L..70W,,---,,344.35583330000,23.82511110000,344.35571562905,23.82501235505,2.1100,---,2018MNRAS.477L..70W,2.110,gG,SDLENS,---,--,---,,,1,DR3Gaia225725.427+234930.41,2,25,6.01013714644,87.24107,0.41582307306,63.98804,20.3038,0.15652,0,0,1,2842976433909915008,344.35548638675,1.1025,23.82491166241,0.7069,0.0110,0.8705,0.0127,2.257,2.242,1.478,0.262,1.134,20.356080,0.015580,---,---,---,---,---,---,20.356080,0.015580,0,,---,---,---,---,---,---,---,---
J2257+2349,A,22,57,25.4269,+,23,49,30.406,Double,1.677000,344.35594534040,23.82511288150,Gaia_DR3,Williams,2018,2018MNRAS.477L..70W,,---,,344.35583330000,23.82511110000,344.35571562905,23.82501235505,2.1100,---,2018MNRAS.477L..70W,2.110,gG,SDLENS,---,--,---,,,1,DR3Gaia225725.427+234930.41,1,40,6.01014510850,55.56075,0.41582666406,44.83776,18.7246,0.17038,0,0,1,2842976433909914880,344.35594546630,0.1726,23.82511305208,0.1694,-0.4366,0.1963,-2.2241,0.488,-0.015,0.230,-0.488,0.221,18.623910,0.010081,18.485123,0.034947,17.472136,0.030650,2.040,1.012987,18.627234,0.010109,1,J225725.38+234930.2,14.365,13.729,11.612,8.320,0.028,0.034,0.206,---
WISE2304-2214,A,23,04,25.3228,-,22,14,44.873,Double,2.188000,346.10551146950,-22.24579815430,Gaia_DR3,Schechter,2017,2017AJ....153..219S,,---,,346.10543000000,-22.24611100000,346.10557461515,-22.24609630615,1.4220,0.4455,2017AJ....153..219S,1.420,jG,VAQL,---,--,0.36743000,,VizieR_J/A+A/683/A112/lqac6,1,DR3Gaia230425.323-221444.87,1,10,6.04068068744,66.90017,-0.38826256756,42.37715,20.3359,0.17325,0,0,1,2384637933765634048,346.10551169410,1.2407,-22.24579726016,1.5912,---,---,---,---,---,---,---,---,20.425250,0.015707,---,---,---,---,---,---,20.425250,0.015707,1,J230425.35-221445.6,15.013,14.121,11.402,8.949,0.035,0.046,0.189,0.510
WISE2304-2214,B,23,04,25.3531,-,22,14,47.020,Double,2.188000,346.10563776080,-22.24639445800,Gaia_DR3,Schechter,2017,2017AJ....153..219S,,---,,346.10543000000,-22.24611100000,346.10557461515,-22.24609630615,1.4220,---,2017AJ....153..219S,1.420,jG,VAQL,---,--,0.36743000,,VizieR_J/A+A/683/A112/lqac6,1,DR3Gaia230425.323-221444.87,2,20,6.04068298862,69.77573,-0.38827293244,52.09539,19.6906,0.25727,0,0,1,2384637929471304064,346.10563769798,0.3976,-22.24639451649,0.3608,0.0924,0.3895,0.2372,0.945,0.548,0.710,0.770,0.410,19.556719,0.017000,19.487284,0.084788,18.912062,0.066994,1.535,0.575222,19.556719,0.017000,0,,---,---,---,---,---,---,---,---
J2305+3714,A,23,05,55.7332,+,37,14,19.895,Double,2.200000,346.48222147820,37.23885977150,Gaia_DR3,Lemon,2018,2018MNRAS.479.5060L,,---,,346.48314170000,37.23908940000,346.48247619560,37.23908837415,1.7800,---,2018MNRAS.479.5060L,1.780,pG,LEMON,1.783676,0,---,,,1,DR3Gaia230555.855+371421.54,2,56,6.04725556969,53.21325,0.64994067622,40.87306,17.7662,0.09413,0,0,1,1915945637565926912,346.48222149036,0.0582,37.23885976064,0.0668,0.0565,0.0940,0.6018,0.158,-0.022,0.090,-0.157,0.087,17.657663,0.003702,17.947607,0.015293,16.985382,0.012891,1.337,0.962225,17.657663,0.003702,1,J230555.77+371420.3,13.651,12.757,9.493,7.253,0.025,0.026,0.036,0.108
J2305+3714,B,23,05,55.8554,+,37,14,21.541,Double,2.200000,346.48273091300,37.23931697680,Gaia_DR3,Lemon,2018,2018MNRAS.479.5060L,,---,,346.48264250000,37.23955330000,346.48247619560,37.23908837415,1.7800,---,2018MNRAS.479.5060L,---,,,---,--,---,,,1,DR3Gaia230555.855+371421.54,1,56,6.04726442550,50.83296,0.64994858148,47.63747,18.9174,0.10934,0,0,1,1915945641862093696,346.48273091094,0.1257,37.23931696681,0.1436,-0.0432,0.2002,-0.2160,0.608,0.122,0.198,0.595,0.192,18.824755,0.003975,19.058508,0.036824,18.009740,0.034728,1.476,1.048767,18.824755,0.003975,0,,---,---,---,---,---,---,---,---
KIDS2307-3039,A,23,07,18.8129,-,30,39,16.613,Double,1.890000,346.82838694760,-30.65461468880,Gaia_DR3,Spiniello,2019,2019MNRAS.483.3888S,,---,,346.82860000000,-30.65440000000,346.82864552335,-30.65447534375,2.6390,---,2023OJAp....6E..49F,2.639,pG,SSLENS,---,--,2.63776000,,VizieR_J/A+A/683/A112/lqac6,1,DR3Gaia230718.937-303915.61,1,27,6.05329739868,63.92828,-0.53502386804,66.13181,19.9473,0.13074,0,0,1,6605186571945821056,346.82838713799,0.3636,-30.65461519992,0.3991,0.2984,0.4519,0.6604,0.305,-0.259,0.476,0.161,0.454,19.947035,0.008579,---,---,---,---,---,---,19.947035,0.008579,0,,---,---,---,---,---,---,---,---
KIDS2307-3039,B,23,07,18.9370,-,30,39,15.610,Double,1.890000,346.82890409910,-30.65433599870,Gaia_DR3,Spiniello,2019,2019MNRAS.483.3888S,,---,,346.82860000000,-30.65440000000,346.82864552335,-30.65447534375,2.6390,---,2023OJAp....6E..49F,2.639,pG,SSLENS,2.637757,0,2.63776000,,VizieR_J/A+A/683/A112/lqac6,1,DR3Gaia230718.937-303915.61,2,28,6.05330632144,43.24337,-0.53501908248,46.51547,18.6808,0.14056,0,0,1,6605186571946220928,346.82890409879,0.1327,-30.65433602822,0.1399,-0.1578,0.1677,-0.9408,0.263,-0.263,0.160,-0.010,0.168,18.599052,0.008042,18.660723,0.038073,18.138554,0.029715,1.328,0.522169,18.599052,0.008042,1,J230718.87-303915.9,14.876,14.005,10.848,8.242,0.033,0.042,0.121,---
J2308+3201,A,23,08,18.5726,+,32,01,45.441,Double,2.630000,347.07738588070,32.02928910240,Gaia_DR3,Lemon,2023,2023MNRAS.520.3305L,,---,,347.07770000000,32.02940000000,347.07781667940,32.02929200245,2.3000,---,2023MNRAS.520.3305L,---,,,2.297300,16,---,,,1,DR3Gaia230818.573+320145.44,1,43,6.05764321431,56.89507,0.55901645082,56.27104,19.5560,0.27694,0,0,1,1910735807875873664,347.07738583994,0.2269,32.02928908318,0.2714,-0.2260,0.3621,-0.6241,0.602,0.259,0.317,0.544,0.369,19.497032,0.012248,19.603632,0.049474,18.965210,0.047548,1.344,0.638422,19.497032,0.012248,0,,---,---,---,---,---,---,---,---
J2308+3201,B,23,08,18.7794,+,32,01,45.462,Double,2.630000,347.07824747810,32.02929490250,Gaia_DR3,Lemon,2023,2023MNRAS.520.3305L,,---,,347.07770000000,32.02940000000,347.07781667940,32.02929200245,2.3000,---,2023MNRAS.520.3305L,---,,,2.315901,16,---,,,1,DR3Gaia230818.573+320145.44,2,33,6.05765807393,51.28226,0.55901660115,58.27800,20.2803,0.11587,0,0,1,1910735812171128960,347.07824724719,0.4562,32.02929499477,0.5805,0.9683,0.7392,1.3100,0.378,-0.190,0.657,-0.327,0.926,20.308506,0.009206,20.297980,0.251511,19.697964,0.140413,1.471,0.600016,20.308506,0.009206,0,,---,---,---,---,---,---,---,---
J2316+0610,A,23,16,31.9798,+,06,10,48.940,Double,2.327000,349.13324913520,6.18026107230,Gaia_DR3,Lemon,2023,2023MNRAS.520.3305L,,---,,349.13353000000,6.18036000000,349.13350420550,6.18046153680,1.9550,---,2019MNRAS.483.4242L,1.961,gG,DR16,---,--,1.96124600,KEEP(0),EXTERNAL_SDSSDR18_BOSS,1,DR3Gaia231631.980+061048.94,1,7,6.09352506486,35.88542,0.10786590002,38.57976,20.6027,0.15905,0,0,1,2664123889647097472,349.13325091778,6.0169,6.18026061249,3.1468,---,---,---,---,---,---,---,---,21.000776,0.031588,---,---,---,---,---,---,21.000776,0.031588,0,,---,---,---,---,---,---,---,---
J2316+0610,B,23,16,32.1022,+,06,10,50.383,Double,2.327000,349.13375927580,6.18066200130,Gaia_DR3,Lemon,2023,2023MNRAS.520.3305L,,---,,349.13353000000,6.18036000000,349.13350420550,6.18046153680,1.9550,---,2019MNRAS.483.4242L,1.961,gG,DR16,---,--,1.96124600,KEEP(0),EXTERNAL_SDSSDR18_BOSS,1,DR3Gaia231631.980+061048.94,2,27,6.09353368468,66.35499,0.10787287231,72.91960,20.0255,0.15602,0,0,1,2664123889646734336,349.13375944006,0.4958,6.18066223039,0.4110,0.0716,0.5865,0.1221,0.209,-0.151,0.597,-0.145,0.440,20.019287,0.007019,20.307415,0.090463,19.319326,0.104510,1.358,0.988089,20.019287,0.007019,0,,---,---,---,---,---,---,---,---
B2319+052,G2,23,21,40.6100,+,05,27,38.200,Double,1.364000,350.41920833333,5.46061111111,Publication,Lubin,2000,2000AJ....119..451L,,---,,350.41920833333,5.46061111111,350.42000782500,5.46015091500,---,0.5880,2000AJ....119..451L,---,,,---,--,---,,,0,,,---,---,---,---,---,---,---,,--,0,---,---,---,---,---,---,---,---,---,---,---,---,---,---,---,---,---,---,---,---,---,---,---,0,,---,---,---,---,---,---,---,---
B2319+052,G1,23,21,40.7900,+,05,27,36.100,Double,1.364000,350.41995833333,5.46002777778,Publication,Lubin,2000,2000AJ....119..451L,,---,,350.41995833333,5.46002777778,350.42000782500,5.46015091500,---,0.6238,2000AJ....119..451L,---,,,---,--,---,,,0,,,---,---,---,---,---,---,---,,--,0,---,---,---,---,---,---,---,---,---,---,---,---,---,---,---,---,---,---,---,---,---,---,---,1,J232140.75+052736.9,15.875,15.845,12.141,8.589,0.053,0.147,---,---
B2319+052,A,23,21,40.8015,+,05,27,37.225,Double,1.364000,350.42000625000,5.46034033000,Publication,Lubin,2000,2000AJ....119..451L,,---,,350.42000625000,5.46034033000,350.42000782500,5.46015091500,---,0.6238,2000AJ....119..451L,---,,,---,--,---,,,0,,,---,---,---,---,---,---,---,,--,0,---,---,---,---,---,---,---,---,---,---,---,---,---,---,---,---,---,---,---,---,---,---,---,0,,---,---,---,---,---,---,---,---
B2319+052,B,23,21,40.8023,+,05,27,35.861,Double,1.364000,350.42000940000,5.45996150000,Publication,Lubin,2000,2000AJ....119..451L,,---,,350.42000940000,5.45996150000,350.42000782500,5.46015091500,---,---,2000AJ....119..451L,---,,,---,--,---,,,0,,,---,---,---,---,---,---,---,,--,0,---,---,---,---,---,---,---,---,---,---,---,---,---,---,---,---,---,---,---,---,---,---,---,0,,---,---,---,---,---,---,---,---
PSS2322+1944,A,23,22,07.1623,+,19,44,22.963,Double,1.562000,350.52984284500,19.73971187180,Gaia_DR3,Cox,2002,2002A&A...387..406C,,---,,350.53000000000,19.73972220000,350.52990987445,19.73950423625,4.1199,1.2300,2002A&A...387..406C / 2024MNRAS.530..221J,---,,,---,--,---,,,1,DR3Gaia232207.162+194422.96,1,55,6.11789984796,60.38549,0.34452293677,40.02991,19.3395,0.12331,0,0,1,2825128744556091264,350.52984298227,0.2712,19.73971181118,0.2089,0.8724,0.2901,3.0075,0.559,0.555,0.415,-0.066,0.239,19.277557,0.004278,19.829937,0.067511,18.295801,0.025705,1.476,1.534136,19.276006,0.004274,1,J232207.17+194422.5,15.197,14.595,11.616,8.566,0.037,0.054,0.220,0.349
PSS2322+1944,B,23,22,07.1945,+,19,44,21.468,Double,1.562000,350.52997690390,19.73929660070,Gaia_DR3,Cox,2002,2002A&A...387..406C,,---,,350.53000000000,19.73972220000,350.52990987445,19.73950423625,4.1199,---,2002A&A...387..406C / 2024MNRAS.530..221J,---,,,---,--,---,,,1,DR3Gaia232207.162+194422.96,2,5,6.11790172280,12.66774,0.34451594303,27.95931,20.8344,0.07702,0,0,1,2825128748851013632,350.52995230978,66.1227,19.73930907361,25.4021,---,---,---,---,---,---,---,---,21.169437,0.039636,---,---,---,---,---,---,21.169437,0.039636,0,,---,---,---,---,---,---,---,---
PSS2322+1944,G,23,22,07.2180,+,19,44,21.992,Double,1.562000,350.53007500000,19.73944220000,Publication,Cox,2002,2002A&A...387..406C,,---,,350.53007500000,19.73944220000,350.52990987445,19.73950423625,---,1.2300,2002A&A...387..406C / 2024MNRAS.530..221J,---,,,---,--,---,,,0,,,---,---,---,---,---,---,---,,--,0,---,---,---,---,---,---,---,---,---,---,---,---,---,---,---,---,---,---,---,---,---,---,---,0,,---,---,---,---,---,---,---,---
VDESJ2325-5229,A,23,25,41.1099,-,52,29,16.041,Double,2.821000,351.42129133750,-52.48778912570,Gaia_DR3,Ostrovski,2017,2017MNRAS.465.4325O,,---,,351.42125000000,-52.48775000000,351.42161026085,-52.48744890955,2.7400,0.4000,2020A&A...642A.193M,---,,,---,--,2.73900000,,HEASARC_morx,1,DR3Gaia232541.110-522916.04,1,85,6.13345854627,54.83396,-0.91608477767,66.91939,20.1643,0.16849,0,0,1,6501210979989061120,351.42129147509,0.2258,-52.48778929912,0.3327,-0.6746,0.4783,-1.4105,0.789,0.138,0.352,0.777,0.520,20.214125,0.006918,20.704298,0.074160,19.214941,0.064803,1.518,1.489357,20.213159,0.006913,0,,---,---,---,---,---,---,---,---
VDESJ2325-5229,B,23,25,41.2630,-,52,29,13.591,Double,2.821000,351.42192918420,-52.48710869340,Gaia_DR3,Ostrovski,2017,2017MNRAS.465.4325O,,---,,351.42187500000,-52.48708330000,351.42161026085,-52.48744890955,2.7400,---,2020A&A...642A.193M,---,,,---,--,0.39942000,,VizieR_IX/49/xxlaaoz,1,DR3Gaia232541.110-522916.04,2,15,6.13346947855,52.09690,-0.91607273916,66.06217,20.7302,0.13198,0,0,1,6501210979988178304,351.42192964262,1.0963,-52.48710886945,1.4241,---,---,---,---,---,---,---,---,20.921638,0.014234,21.122116,0.327252,19.720692,0.337321,1.875,1.401424,20.921638,0.014234,0,,---,---,---,---,---,---,---,---
WISE2329-1258,A,23,29,57.8469,-,12,58,59.388,Double,1.257000,352.49102862880,-12.98316327020,Gaia_DR3,Schechter,2017,2017AJ....153..219S,,---,,352.49125000000,-12.98305500000,352.49115790165,-12.98304236975,1.3170,1.1525,2017AJ....153..219S / 2024MNRAS.530..221J,---,,,---,--,1.31400000,,HEASARC_morx,1,DR3Gaia232957.847-125859.39,2,27,6.15212906976,47.57805,-0.22659894645,44.61647,17.7205,0.12495,0,0,1,2409120480008705664,352.49102857713,0.1344,-12.98316333594,0.1481,0.1915,0.1675,1.1428,0.559,-0.135,0.156,0.542,0.157,17.574799,0.006995,17.588179,0.021523,16.883257,0.024015,1.512,0.704922,17.574799,0.006995,1,J232957.87-125858.9,13.436,12.221,9.240,6.527,0.025,0.024,0.041,0.077
WISE2329-1258,B,23,29,57.9089,-,12,58,58.517,Double,1.257000,352.49128717450,-12.98292146930,Gaia_DR3,Schechter,2017,2017AJ....153..219S,,---,,352.49125000000,-12.98305500000,352.49115790165,-12.98304236975,1.3170,---,2017AJ....153..219S / 2024MNRAS.530..221J,---,,,---,--,1.31400000,,HEASARC_morx,1,DR3Gaia232957.847-125859.39,1,28,6.15213356173,58.71828,-0.22659470130,50.78907,18.8756,0.13118,0,0,1,2409120484303226880,352.49128710762,0.2888,-12.98292145873,0.2675,0.5704,0.2800,2.0368,0.742,0.699,0.330,0.248,0.307,18.771970,0.007696,---,---,---,---,---,---,18.771970,0.007696,0,,---,---,---,---,---,---,---,---
J2332-1852,A,23,32,19.2686,-,18,52,06.717,Double,1.966000,353.08028591840,-18.86853237160,Gaia_DR3,Lemon,2018,2018MNRAS.479.5060L,,---,,353.08073630000,-18.86841060000,353.08054709625,-18.86864847000,1.4900,---,2018MNRAS.479.5060L,1.490,pG,LEMON,---,--,1.49480000,,VizieR_J/A+A/683/A112/lqac6,1,DR3Gaia233219.269-185206.72,3,22,6.16241344989,48.94242,-0.32931802279,55.20773,19.6776,0.17968,0,0,1,2392453979675312640,353.08028592974,0.3253,-18.86853229347,0.3511,-0.3953,0.4463,-0.8857,0.548,-0.287,0.411,0.467,0.442,19.618183,0.011712,19.737032,0.051677,18.750942,0.062348,1.586,0.986090,19.621623,0.011747,1,J233219.31-185206.9,14.744,13.787,10.845,8.065,0.040,0.043,0.134,---
J2332-1852,B,23,32,19.3940,-,18,52,07.552,Double,1.966000,353.08080827410,-18.86876456840,Gaia_DR3,Lemon,2018,2018MNRAS.479.5060L,,---,,353.08021380000,-18.86864390000,353.08054709625,-18.86864847000,1.4900,---,2018MNRAS.479.5060L,1.490,pG,LEMON,---,--,1.49480000,,VizieR_J/A+A/683/A112/lqac6,1,DR3Gaia233219.269-185206.72,2,19,6.16242265797,46.61999,-0.32932220265,53.86988,19.9688,0.16837,0,0,1,2392453983970091776,353.08080813197,0.5176,-18.86876483091,0.7284,0.6849,0.7215,0.9493,3.686,2.345,0.866,2.843,1.162,19.942158,0.013838,---,---,---,---,---,---,19.942158,0.013838,0,,---,---,---,---,---,---,---,---
ULASJ234311.93-005034.0,B,23,43,11.9365,-,00,50,34.441,Double,1.320000,355.79973524400,-0.84290022500,Gaia_DR3,Jackson,2008,2008MNRAS.387..741J,,---,,355.79963000000,-0.84298000000,355.79990434305,-0.84282946305,0.7880,---,2010A&A...518A..10V / 2024MNRAS.530..221J,0.787,gG,DR16Q,---,--,0.78727850,KEEP(0),EXTERNAL_SDSSDR18_SDSS,1,DR3Gaia234312.018-005033.93,2,22,6.20987677262,72.78005,-0.01471146376,55.36224,20.3168,0.17540,0,0,1,2642513714452133120,355.79973489803,0.8924,-0.84290032106,0.7515,-0.7741,0.9247,-0.8372,0.992,-0.468,1.109,0.875,0.739,20.386261,0.012954,19.957600,0.103713,19.206436,0.114056,2.324,0.751164,20.390018,0.012997,1,J234311.94-005034.3,14.647,13.686,10.988,8.371,0.032,0.039,0.185,0.331
ULASJ234311.93-005034.0,A,23,43,12.0176,-,00,50,33.931,Double,1.320000,355.80007344210,-0.84275870110,Gaia_DR3,Jackson,2008,2008MNRAS.387..741J,,---,,355.79998000000,-0.84282000000,355.79990434305,-0.84282946305,0.7880,0.3000,2010A&A...518A..10V / 2024MNRAS.530..221J,0.787,gG,DR16Q,---,--,0.78727850,KEEP(0),EXTERNAL_SDSSDR18_SDSS,1,DR3Gaia234312.018-005033.93,1,16,6.20988294119,54.73200,-0.01470882704,38.61202,20.3945,0.15620,0,0,1,2642513710157215104,355.80007307632,0.7569,-0.84275884742,0.7026,0.4642,1.0468,0.4434,0.880,0.616,1.553,0.629,1.336,20.521067,0.013573,19.983246,0.126658,19.274164,0.161077,2.517,0.709082,20.524738,0.013618,0,,---,---,---,---,---,---,---,---
GraLJ234330.6+043557.9,B,23,43,30.5456,+,04,35,58.246,Double,1.232000,355.87727313660,4.59951275880,Gaia_DR3,Krone-Martins,2019,2019arXiv191208977K,,---,,355.87727331500,4.59951298580,355.87743396590,4.59945305880,1.6040,---,2019arXiv191208977K,---,,,---,--,1.60458400,KEEP(0),EXTERNAL_SDSSDR18_BOSS,1,DR3Gaia234330.623+043557.82,2,28,6.21123023011,58.71650,0.08027662383,42.06306,19.0530,0.17328,0,0,1,2743952423848257280,355.87727347014,0.7615,4.59951311798,1.2104,---,---,---,---,---,---,---,---,18.960590,0.008464,---,---,---,---,---,---,18.960590,0.008464,1,J234330.59+043557.9,14.003,12.756,9.779,7.525,0.027,0.028,0.053,0.175
GraLJ234330.6+043557.9,A,23,43,30.6228,+,04,35,57.816,Double,1.232000,355.87759479520,4.59939335880,Gaia_DR3,Krone-Martins,2019,2019arXiv191208977K,,---,,355.87759104000,4.59939143100,355.87743396590,4.59945305880,1.6040,0.8550,2019arXiv191208977K,---,,,---,--,1.60458400,KEEP(0),EXTERNAL_SDSSDR18_BOSS,1,DR3Gaia234330.623+043557.82,1,26,6.21123580350,69.45769,0.08027454065,48.96844,18.8498,0.16268,0,0,1,2743952423847631616,355.87759501346,0.3912,4.59939389170,0.3309,1.1280,0.4356,2.5893,3.453,1.468,0.514,3.126,0.413,18.635100,0.010512,18.653590,0.045584,17.489363,0.033562,1.922,1.164227,18.637495,0.010534,0,,---,---,---,---,---,---,---,---
ATLASJ2344-3056,C,23,44,16.9274,-,30,56,26.036,Quad,1.064000,356.07053092000,-30.94056560000,HST,Schechter,2017,2017AJ....153..219S,,---,,356.07053092000,-30.94056560000,356.07066807264,-30.94060879238,1.2978,0.9472,2017AJ....153..219S,---,,,---,--,---,,,0,,,---,---,---,---,---,---,---,,--,0,---,---,---,---,---,---,---,---,---,---,---,---,---,---,---,---,---,---,---,---,---,---,---,0,,---,---,---,---,---,---,---,---
ATLASJ2344-3056,B,23,44,16.9461,-,30,56,26.692,Quad,1.064000,356.07060864000,-30.94074782000,HST,Schechter,2017,2017AJ....153..219S,,---,,356.07060864000,-30.94074782000,356.07066807264,-30.94060879238,1.2978,---,2017AJ....153..219S,---,,,---,--,---,,,0,,,---,---,---,---,---,---,---,,--,0,---,---,---,---,---,---,---,---,---,---,---,---,---,---,---,---,---,---,---,---,---,---,---,0,,---,---,---,---,---,---,---,---
ATLASJ2344-3056,G,23,44,16.9652,-,30,56,26.224,Quad,1.064000,356.07068832000,-30.94061782000,HST,Schechter,2017,2017AJ....153..219S,,---,,356.07068832000,-30.94061782000,356.07066807264,-30.94060879238,---,0.9472,2017AJ....153..219S,---,,,---,--,---,,,0,,,---,---,---,---,---,---,---,,--,0,---,---,---,---,---,---,---,---,---,---,---,---,---,---,---,---,---,---,---,---,---,---,---,0,,---,---,---,---,---,---,---,---
ATLASJ2344-3056,D,23,44,16.9726,-,30,56,25.684,Quad,1.064000,356.07071908000,-30.94046782000,HST,Schechter,2017,2017AJ....153..219S,,---,,356.07071908000,-30.94046782000,356.07066807264,-30.94060879238,1.2978,---,2017AJ....153..219S,---,,,---,--,---,,,0,,,---,---,---,---,---,---,---,,--,0,---,---,---,---,---,---,---,---,---,---,---,---,---,---,---,---,---,---,---,---,---,---,---,0,,---,---,---,---,---,---,---,---
ATLASJ2344-3056,A,23,44,16.9953,-,30,56,26.354,Quad,1.064000,356.07081365055,-30.94065392954,Gaia_DR3,Schechter,2017,2017AJ....153..219S,,---,,356.07081365000,-30.94065393000,356.07066807264,-30.94060879238,1.2978,---,2017AJ....153..219S,---,,,---,--,---,,,0,,,---,---,---,---,---,---,---,,--,1,2327271773580015744,356.07081365055,1.6752,-30.94065392954,1.8398,---,---,---,---,---,---,---,---,20.881268,0.023566,20.126396,0.142930,19.025782,0.107089,---,1.100615,20.881268,0.023566,0,,---,---,---,---,---,---,---,---
DESJ2349-4518,B,23,49,57.9899,-,45,18,52.547,Double,2.104000,357.49162445800,-45.31459649850,Gaia_DR3,Lemon,2020,2020MNRAS.494.3491L,,---,,357.49240000000,-45.31470000000,357.49203241555,-45.31465199310,2.9000,---,2020MNRAS.494.3491L,---,,,---,--,2.89775000,,VizieR_J/A+A/683/A112/lqac6,1,DR3Gaia234958.186-451852.95,1,15,6.23940599839,59.93396,-0.79088871621,90.92308,20.7063,0.13713,0,0,1,6530763069403531008,357.49162305514,1.1454,-45.31459609553,1.3639,---,---,---,---,---,---,---,---,20.937727,0.017503,20.276445,0.523577,19.097870,0.363702,3.625,1.178576,20.937727,0.017503,0,,---,---,---,---,---,---,---,---
DESJ2349-4518,A,23,49,58.1857,-,45,18,52.947,Double,2.104000,357.49244037310,-45.31470748770,Gaia_DR3,Lemon,2020,2020MNRAS.494.3491L,,---,,357.49240000000,-45.31470000000,357.49203241555,-45.31465199310,2.9000,---,2020MNRAS.494.3491L,---,,,2.897749,0,2.89775000,,VizieR_J/A+A/683/A112/lqac6,1,DR3Gaia234958.186-451852.95,2,55,6.23942010310,49.53091,-0.79089074848,57.48800,18.7091,0.12153,0,0,1,6530763065108738176,357.49244038114,0.0965,-45.31470747863,0.1297,-0.1472,0.1588,-0.9270,0.241,0.234,0.134,0.054,0.166,18.598347,0.005340,18.851616,0.027724,18.158554,0.031734,1.205,0.693062,18.598347,0.005340,0,,---,---,---,---,---,---,---,---
J2350+3654,A,23,50,07.4569,+,36,54,35.160,Double,3.233000,357.53107060292,36.90976666167,Publication,Lemon,2019,2019MNRAS.483.4242L,,---,,357.53143000000,36.90959000000,357.53157232504,36.90948939738,2.0850,---,2019MNRAS.483.4242L,---,,,---,--,---,,,0,,,---,---,---,---,---,---,---,,--,0,---,---,---,---,---,---,---,---,---,---,---,---,---,---,---,---,---,---,---,---,---,---,---,0,,---,---,---,---,---,---,---,---
J2350+3654,G,23,50,07.5475,+,36,54,34.484,Double,3.233000,357.53144780020,36.90957875070,Gaia_DR3,Lemon,2019,2019MNRAS.483.4242L,,---,,357.53143000000,36.90959000000,357.53157232504,36.90948939738,---,---,2019MNRAS.483.4242L,---,,,---,--,---,,,0,,,---,---,---,---,---,---,---,,--,1,2879701840266387328,357.53144944916,17.5609,36.90957080625,17.8052,---,---,---,---,---,---,---,---,21.846250,0.052289,20.592882,0.216770,18.612007,0.030352,10.578,1.980875,21.846250,0.052289,1,J235007.55+365434.5,14.403,13.869,12.625,8.503,0.029,0.035,0.473,---
J2350+3654,B,23,50,07.6083,+,36,54,32.485,Double,3.233000,357.53170131720,36.90902354630,Gaia_DR3,Lemon,2019,2019MNRAS.483.4242L,,---,,357.53143000000,36.90959000000,357.53157232504,36.90948939738,2.0850,---,2019MNRAS.483.4242L,---,,,---,--,---,,,1,DR3Gaia235007.548+365434.45,1,7,6.24010515266,61.33906,0.64418395001,46.43702,20.7790,0.10381,0,0,1,2879701835971226240,357.53170385585,3.1032,36.90902246960,5.0519,---,---,---,---,---,---,---,---,21.047657,0.027153,20.953995,0.182758,19.986263,0.235027,1.909,0.967732,21.047657,0.027153,0,,---,---,---,---,---,---,---,---
J2350+3654,C,23,50,07.6668,+,36,54,34.841,Double,3.233000,357.53194505500,36.90967798417,Publication,Lemon,2019,2019MNRAS.483.4242L,,---,,357.53143000000,36.90959000000,357.53157232504,36.90948939738,2.0850,---,2019MNRAS.483.4242L,---,,,---,--,---,,,0,,,---,---,---,---,---,---,---,,--,0,---,---,---,---,---,---,---,---,---,---,---,---,---,---,---,---,---,---,---,---,---,---,---,0,,---,---,---,---,---,---,---,---
